municipio;codEstacao;uf;nomeEstacao;latitude;longitude;offset;datahora;sensor;valorMedida
ALUMÍNIO;350115201H;SP;Rio Pirajibu;-23,5176;-47,2558;8,92;2025-11-01 00:00:00.0;nível;8,13
ALUMÍNIO;350115201H;SP;Rio Pirajibu;-23,5176;-47,2558;8,92;2025-11-01 00:10:00.0;chuva;0,00
ALUMÍNIO;350115201H;SP;Rio Pirajibu;-23,5176;-47,2558;8,92;2025-11-01 01:00:00.0;nível;8,13
ALUMÍNIO;350115201H;SP;Rio Pirajibu;-23,5176;-47,2558;8,92;2025-11-01 01:10:00.0;chuva;0,00
ALUMÍNIO;350115201H;SP;Rio Pirajibu;-23,5176;-47,2558;8,92;2025-11-01 02:00:00.0;nível;8,13
ALUMÍNIO;350115201H;SP;Rio Pirajibu;-23,5176;-47,2558;8,92;2025-11-01 02:10:00.0;chuva;0,00
ALUMÍNIO;350115201H;SP;Rio Pirajibu;-23,5176;-47,2558;8,92;2025-11-01 03:00:00.0;nível;8,14
ALUMÍNIO;350115201H;SP;Rio Pirajibu;-23,5176;-47,2558;8,92;2025-11-01 03:10:00.0;chuva;0,00
ALUMÍNIO;350115201H;SP;Rio Pirajibu;-23,5176;-47,2558;8,92;2025-11-01 04:00:00.0;nível;8,14
ALUMÍNIO;350115201H;SP;Rio Pirajibu;-23,5176;-47,2558;8,92;2025-11-01 04:10:00.0;chuva;0,00
ALUMÍNIO;350115201H;SP;Rio Pirajibu;-23,5176;-47,2558;8,92;2025-11-01 05:00:00.0;nível;8,14
ALUMÍNIO;350115201H;SP;Rio Pirajibu;-23,5176;-47,2558;8,92;2025-11-01 05:10:00.0;chuva;0,00
ALUMÍNIO;350115201H;SP;Rio Pirajibu;-23,5176;-47,2558;8,92;2025-11-01 06:00:00.0;nível;8,14
ALUMÍNIO;350115201H;SP;Rio Pirajibu;-23,5176;-47,2558;8,92;2025-11-01 06:10:00.0;chuva;0,00
ALUMÍNIO;350115201H;SP;Rio Pirajibu;-23,5176;-47,2558;8,92;2025-11-01 07:00:00.0;nível;8,15
ALUMÍNIO;350115201H;SP;Rio Pirajibu;-23,5176;-47,2558;8,92;2025-11-01 07:10:00.0;chuva;0,00
ALUMÍNIO;350115201H;SP;Rio Pirajibu;-23,5176;-47,2558;8,92;2025-11-01 08:00:00.0;nível;8,15
ALUMÍNIO;350115201H;SP;Rio Pirajibu;-23,5176;-47,2558;8,92;2025-11-01 08:10:00.0;chuva;0,00
ALUMÍNIO;350115201H;SP;Rio Pirajibu;-23,5176;-47,2558;8,92;2025-11-01 09:00:00.0;nível;8,15
ALUMÍNIO;350115201H;SP;Rio Pirajibu;-23,5176;-47,2558;8,92;2025-11-01 09:10:00.0;chuva;0,00
ALUMÍNIO;350115201H;SP;Rio Pirajibu;-23,5176;-47,2558;8,92;2025-11-01 10:00:00.0;nível;8,16
ALUMÍNIO;350115201H;SP;Rio Pirajibu;-23,5176;-47,2558;8,92;2025-11-01 10:10:00.0;chuva;0,00
ALUMÍNIO;350115201H;SP;Rio Pirajibu;-23,5176;-47,2558;8,92;2025-11-01 11:00:00.0;nível;8,16
ALUMÍNIO;350115201H;SP;Rio Pirajibu;-23,5176;-47,2558;8,92;2025-11-01 11:10:00.0;chuva;0,00
ALUMÍNIO;350115201H;SP;Rio Pirajibu;-23,5176;-47,2558;8,92;2025-11-01 12:00:00.0;nível;8,16
ALUMÍNIO;350115201H;SP;Rio Pirajibu;-23,5176;-47,2558;8,92;2025-11-01 12:10:00.0;chuva;0,00
ALUMÍNIO;350115201H;SP;Rio Pirajibu;-23,5176;-47,2558;8,92;2025-11-01 13:00:00.0;nível;8,16
ALUMÍNIO;350115201H;SP;Rio Pirajibu;-23,5176;-47,2558;8,92;2025-11-01 13:10:00.0;chuva;0,00
ALUMÍNIO;350115201H;SP;Rio Pirajibu;-23,5176;-47,2558;8,92;2025-11-01 14:00:00.0;nível;8,16
ALUMÍNIO;350115201H;SP;Rio Pirajibu;-23,5176;-47,2558;8,92;2025-11-01 14:10:00.0;chuva;0,00
ALUMÍNIO;350115201H;SP;Rio Pirajibu;-23,5176;-47,2558;8,92;2025-11-01 15:00:00.0;nível;8,16
ALUMÍNIO;350115201H;SP;Rio Pirajibu;-23,5176;-47,2558;8,92;2025-11-01 15:10:00.0;chuva;0,00
ALUMÍNIO;350115201H;SP;Rio Pirajibu;-23,5176;-47,2558;8,92;2025-11-01 16:00:00.0;nível;8,16
ALUMÍNIO;350115201H;SP;Rio Pirajibu;-23,5176;-47,2558;8,92;2025-11-01 16:10:00.0;chuva;0,00
ALUMÍNIO;350115201H;SP;Rio Pirajibu;-23,5176;-47,2558;8,92;2025-11-01 17:00:00.0;nível;8,17
ALUMÍNIO;350115201H;SP;Rio Pirajibu;-23,5176;-47,2558;8,92;2025-11-01 17:10:00.0;chuva;0,00
ALUMÍNIO;350115201H;SP;Rio Pirajibu;-23,5176;-47,2558;8,92;2025-11-01 18:00:00.0;nível;8,17
ALUMÍNIO;350115201H;SP;Rio Pirajibu;-23,5176;-47,2558;8,92;2025-11-01 18:10:00.0;chuva;0,00
ALUMÍNIO;350115201H;SP;Rio Pirajibu;-23,5176;-47,2558;8,92;2025-11-01 19:00:00.0;nível;8,17
ALUMÍNIO;350115201H;SP;Rio Pirajibu;-23,5176;-47,2558;8,92;2025-11-01 19:10:00.0;chuva;0,00
ALUMÍNIO;350115201H;SP;Rio Pirajibu;-23,5176;-47,2558;8,92;2025-11-01 20:00:00.0;nível;8,17
ALUMÍNIO;350115201H;SP;Rio Pirajibu;-23,5176;-47,2558;8,92;2025-11-01 20:10:00.0;chuva;0,00
ALUMÍNIO;350115201H;SP;Rio Pirajibu;-23,5176;-47,2558;8,92;2025-11-01 21:00:00.0;nível;8,17
ALUMÍNIO;350115201H;SP;Rio Pirajibu;-23,5176;-47,2558;8,92;2025-11-01 21:10:00.0;chuva;0,00
ALUMÍNIO;350115201H;SP;Rio Pirajibu;-23,5176;-47,2558;8,92;2025-11-01 22:00:00.0;nível;8,17
ALUMÍNIO;350115201H;SP;Rio Pirajibu;-23,5176;-47,2558;8,92;2025-11-01 22:10:00.0;chuva;0,00
ALUMÍNIO;350115201H;SP;Rio Pirajibu;-23,5176;-47,2558;8,92;2025-11-01 23:00:00.0;nível;8,17
ALUMÍNIO;350115201H;SP;Rio Pirajibu;-23,5176;-47,2558;8,92;2025-11-01 23:10:00.0;chuva;0,00
ALUMÍNIO;350115201H;SP;Rio Pirajibu;-23,5176;-47,2558;8,92;2025-11-02 00:00:00.0;nível;8,17
ALUMÍNIO;350115201H;SP;Rio Pirajibu;-23,5176;-47,2558;8,92;2025-11-02 00:10:00.0;chuva;0,00
ALUMÍNIO;350115201H;SP;Rio Pirajibu;-23,5176;-47,2558;8,92;2025-11-02 01:00:00.0;nível;8,17
ALUMÍNIO;350115201H;SP;Rio Pirajibu;-23,5176;-47,2558;8,92;2025-11-02 01:10:00.0;chuva;0,00
ALUMÍNIO;350115201H;SP;Rio Pirajibu;-23,5176;-47,2558;8,92;2025-11-02 02:00:00.0;nível;8,17
ALUMÍNIO;350115201H;SP;Rio Pirajibu;-23,5176;-47,2558;8,92;2025-11-02 02:10:00.0;chuva;0,00
ALUMÍNIO;350115201H;SP;Rio Pirajibu;-23,5176;-47,2558;8,92;2025-11-02 03:00:00.0;nível;8,17
ALUMÍNIO;350115201H;SP;Rio Pirajibu;-23,5176;-47,2558;8,92;2025-11-02 03:10:00.0;chuva;0,00
ALUMÍNIO;350115201H;SP;Rio Pirajibu;-23,5176;-47,2558;8,92;2025-11-02 04:00:00.0;nível;8,17
ALUMÍNIO;350115201H;SP;Rio Pirajibu;-23,5176;-47,2558;8,92;2025-11-02 04:10:00.0;chuva;0,00
ALUMÍNIO;350115201H;SP;Rio Pirajibu;-23,5176;-47,2558;8,92;2025-11-02 05:00:00.0;nível;8,17
ALUMÍNIO;350115201H;SP;Rio Pirajibu;-23,5176;-47,2558;8,92;2025-11-02 05:10:00.0;chuva;0,00
ALUMÍNIO;350115201H;SP;Rio Pirajibu;-23,5176;-47,2558;8,92;2025-11-02 06:00:00.0;nível;8,14
ALUMÍNIO;350115201H;SP;Rio Pirajibu;-23,5176;-47,2558;8,92;2025-11-02 06:10:00.0;chuva;0,00
ALUMÍNIO;350115201H;SP;Rio Pirajibu;-23,5176;-47,2558;8,92;2025-11-02 07:00:00.0;nível;8,07
ALUMÍNIO;350115201H;SP;Rio Pirajibu;-23,5176;-47,2558;8,92;2025-11-02 07:10:00.0;chuva;0,00
ALUMÍNIO;350115201H;SP;Rio Pirajibu;-23,5176;-47,2558;8,92;2025-11-02 08:00:00.0;nível;8,05
ALUMÍNIO;350115201H;SP;Rio Pirajibu;-23,5176;-47,2558;8,92;2025-11-02 08:10:00.0;chuva;0,00
ALUMÍNIO;350115201H;SP;Rio Pirajibu;-23,5176;-47,2558;8,92;2025-11-02 09:00:00.0;nível;8,05
ALUMÍNIO;350115201H;SP;Rio Pirajibu;-23,5176;-47,2558;8,92;2025-11-02 09:10:00.0;chuva;0,00
ALUMÍNIO;350115201H;SP;Rio Pirajibu;-23,5176;-47,2558;8,92;2025-11-02 10:00:00.0;nível;8,00
ALUMÍNIO;350115201H;SP;Rio Pirajibu;-23,5176;-47,2558;8,92;2025-11-02 10:10:00.0;chuva;0,00
ALUMÍNIO;350115201H;SP;Rio Pirajibu;-23,5176;-47,2558;8,92;2025-11-02 10:20:00.0;nível;7,87
ALUMÍNIO;350115201H;SP;Rio Pirajibu;-23,5176;-47,2558;8,92;2025-11-02 11:00:00.0;nível;7,84
ALUMÍNIO;350115201H;SP;Rio Pirajibu;-23,5176;-47,2558;8,92;2025-11-02 11:10:00.0;chuva;0,00
ALUMÍNIO;350115201H;SP;Rio Pirajibu;-23,5176;-47,2558;8,92;2025-11-02 12:00:00.0;nível;7,95
ALUMÍNIO;350115201H;SP;Rio Pirajibu;-23,5176;-47,2558;8,92;2025-11-02 12:10:00.0;chuva;0,00
ALUMÍNIO;350115201H;SP;Rio Pirajibu;-23,5176;-47,2558;8,92;2025-11-02 13:00:00.0;nível;8,00
ALUMÍNIO;350115201H;SP;Rio Pirajibu;-23,5176;-47,2558;8,92;2025-11-02 13:10:00.0;chuva;0,00
ALUMÍNIO;350115201H;SP;Rio Pirajibu;-23,5176;-47,2558;8,92;2025-11-02 14:00:00.0;nível;7,95
ALUMÍNIO;350115201H;SP;Rio Pirajibu;-23,5176;-47,2558;8,92;2025-11-02 14:10:00.0;chuva;0,00
ALUMÍNIO;350115201H;SP;Rio Pirajibu;-23,5176;-47,2558;8,92;2025-11-02 15:00:00.0;nível;7,94
ALUMÍNIO;350115201H;SP;Rio Pirajibu;-23,5176;-47,2558;8,92;2025-11-02 15:10:00.0;chuva;0,00
ALUMÍNIO;350115201H;SP;Rio Pirajibu;-23,5176;-47,2558;8,92;2025-11-02 16:00:00.0;nível;7,96
ALUMÍNIO;350115201H;SP;Rio Pirajibu;-23,5176;-47,2558;8,92;2025-11-02 16:10:00.0;chuva;0,00
ALUMÍNIO;350115201H;SP;Rio Pirajibu;-23,5176;-47,2558;8,92;2025-11-02 17:00:00.0;nível;7,86
ALUMÍNIO;350115201H;SP;Rio Pirajibu;-23,5176;-47,2558;8,92;2025-11-02 17:10:00.0;chuva;0,00
ALUMÍNIO;350115201H;SP;Rio Pirajibu;-23,5176;-47,2558;8,92;2025-11-02 18:00:00.0;nível;7,88
ALUMÍNIO;350115201H;SP;Rio Pirajibu;-23,5176;-47,2558;8,92;2025-11-02 18:10:00.0;chuva;0,00
ALUMÍNIO;350115201H;SP;Rio Pirajibu;-23,5176;-47,2558;8,92;2025-11-02 19:00:00.0;nível;7,96
ALUMÍNIO;350115201H;SP;Rio Pirajibu;-23,5176;-47,2558;8,92;2025-11-02 19:10:00.0;chuva;0,00
ALUMÍNIO;350115201H;SP;Rio Pirajibu;-23,5176;-47,2558;8,92;2025-11-02 20:00:00.0;nível;8,00
ALUMÍNIO;350115201H;SP;Rio Pirajibu;-23,5176;-47,2558;8,92;2025-11-02 20:10:00.0;chuva;0,00
ALUMÍNIO;350115201H;SP;Rio Pirajibu;-23,5176;-47,2558;8,92;2025-11-02 21:00:00.0;nível;8,00
ALUMÍNIO;350115201H;SP;Rio Pirajibu;-23,5176;-47,2558;8,92;2025-11-02 21:10:00.0;chuva;0,00
ALUMÍNIO;350115201H;SP;Rio Pirajibu;-23,5176;-47,2558;8,92;2025-11-02 22:00:00.0;nível;8,00
ALUMÍNIO;350115201H;SP;Rio Pirajibu;-23,5176;-47,2558;8,92;2025-11-02 22:10:00.0;chuva;0,00
ALUMÍNIO;350115201H;SP;Rio Pirajibu;-23,5176;-47,2558;8,92;2025-11-02 23:00:00.0;nível;8,02
ALUMÍNIO;350115201H;SP;Rio Pirajibu;-23,5176;-47,2558;8,92;2025-11-02 23:10:00.0;chuva;0,00
ALUMÍNIO;350115201H;SP;Rio Pirajibu;-23,5176;-47,2558;8,92;2025-11-03 00:00:00.0;nível;8,03
ALUMÍNIO;350115201H;SP;Rio Pirajibu;-23,5176;-47,2558;8,92;2025-11-03 00:10:00.0;chuva;0,00
ALUMÍNIO;350115201H;SP;Rio Pirajibu;-23,5176;-47,2558;8,92;2025-11-03 01:00:00.0;nível;8,04
ALUMÍNIO;350115201H;SP;Rio Pirajibu;-23,5176;-47,2558;8,92;2025-11-03 01:10:00.0;chuva;0,00
ALUMÍNIO;350115201H;SP;Rio Pirajibu;-23,5176;-47,2558;8,92;2025-11-03 02:00:00.0;nível;8,05
ALUMÍNIO;350115201H;SP;Rio Pirajibu;-23,5176;-47,2558;8,92;2025-11-03 02:10:00.0;chuva;0,00
ALUMÍNIO;350115201H;SP;Rio Pirajibu;-23,5176;-47,2558;8,92;2025-11-03 03:00:00.0;nível;8,06
ALUMÍNIO;350115201H;SP;Rio Pirajibu;-23,5176;-47,2558;8,92;2025-11-03 03:10:00.0;chuva;0,00
ALUMÍNIO;350115201H;SP;Rio Pirajibu;-23,5176;-47,2558;8,92;2025-11-03 04:00:00.0;nível;8,07
ALUMÍNIO;350115201H;SP;Rio Pirajibu;-23,5176;-47,2558;8,92;2025-11-03 04:10:00.0;chuva;0,00
ALUMÍNIO;350115201H;SP;Rio Pirajibu;-23,5176;-47,2558;8,92;2025-11-03 05:00:00.0;nível;8,07
ALUMÍNIO;350115201H;SP;Rio Pirajibu;-23,5176;-47,2558;8,92;2025-11-03 05:10:00.0;chuva;0,00
ALUMÍNIO;350115201H;SP;Rio Pirajibu;-23,5176;-47,2558;8,92;2025-11-03 06:00:00.0;nível;8,08
ALUMÍNIO;350115201H;SP;Rio Pirajibu;-23,5176;-47,2558;8,92;2025-11-03 06:10:00.0;chuva;0,00
ALUMÍNIO;350115201H;SP;Rio Pirajibu;-23,5176;-47,2558;8,92;2025-11-03 07:00:00.0;nível;8,08
ALUMÍNIO;350115201H;SP;Rio Pirajibu;-23,5176;-47,2558;8,92;2025-11-03 07:10:00.0;chuva;0,00
ALUMÍNIO;350115201H;SP;Rio Pirajibu;-23,5176;-47,2558;8,92;2025-11-03 08:00:00.0;nível;8,09
ALUMÍNIO;350115201H;SP;Rio Pirajibu;-23,5176;-47,2558;8,92;2025-11-03 08:10:00.0;chuva;0,00
ALUMÍNIO;350115201H;SP;Rio Pirajibu;-23,5176;-47,2558;8,92;2025-11-03 09:00:00.0;nível;8,10
ALUMÍNIO;350115201H;SP;Rio Pirajibu;-23,5176;-47,2558;8,92;2025-11-03 09:10:00.0;chuva;0,00
ALUMÍNIO;350115201H;SP;Rio Pirajibu;-23,5176;-47,2558;8,92;2025-11-03 10:00:00.0;nível;8,10
ALUMÍNIO;350115201H;SP;Rio Pirajibu;-23,5176;-47,2558;8,92;2025-11-03 10:10:00.0;chuva;0,00
ALUMÍNIO;350115201H;SP;Rio Pirajibu;-23,5176;-47,2558;8,92;2025-11-03 11:00:00.0;nível;8,11
ALUMÍNIO;350115201H;SP;Rio Pirajibu;-23,5176;-47,2558;8,92;2025-11-03 11:10:00.0;chuva;0,00
ALUMÍNIO;350115201H;SP;Rio Pirajibu;-23,5176;-47,2558;8,92;2025-11-03 12:00:00.0;nível;8,11
ALUMÍNIO;350115201H;SP;Rio Pirajibu;-23,5176;-47,2558;8,92;2025-11-03 12:10:00.0;chuva;0,00
ALUMÍNIO;350115201H;SP;Rio Pirajibu;-23,5176;-47,2558;8,92;2025-11-03 13:00:00.0;nível;8,12
ALUMÍNIO;350115201H;SP;Rio Pirajibu;-23,5176;-47,2558;8,92;2025-11-03 13:10:00.0;chuva;0,00
ALUMÍNIO;350115201H;SP;Rio Pirajibu;-23,5176;-47,2558;8,92;2025-11-03 14:00:00.0;nível;8,12
ALUMÍNIO;350115201H;SP;Rio Pirajibu;-23,5176;-47,2558;8,92;2025-11-03 14:10:00.0;chuva;0,00
ALUMÍNIO;350115201H;SP;Rio Pirajibu;-23,5176;-47,2558;8,92;2025-11-03 15:00:00.0;nível;8,12
ALUMÍNIO;350115201H;SP;Rio Pirajibu;-23,5176;-47,2558;8,92;2025-11-03 15:10:00.0;chuva;0,00
ALUMÍNIO;350115201H;SP;Rio Pirajibu;-23,5176;-47,2558;8,92;2025-11-03 16:00:00.0;nível;8,13
ALUMÍNIO;350115201H;SP;Rio Pirajibu;-23,5176;-47,2558;8,92;2025-11-03 16:10:00.0;chuva;0,00
ALUMÍNIO;350115201H;SP;Rio Pirajibu;-23,5176;-47,2558;8,92;2025-11-03 17:00:00.0;nível;8,13
ALUMÍNIO;350115201H;SP;Rio Pirajibu;-23,5176;-47,2558;8,92;2025-11-03 17:10:00.0;chuva;0,00
ALUMÍNIO;350115201H;SP;Rio Pirajibu;-23,5176;-47,2558;8,92;2025-11-03 18:00:00.0;nível;8,13
ALUMÍNIO;350115201H;SP;Rio Pirajibu;-23,5176;-47,2558;8,92;2025-11-03 18:10:00.0;chuva;0,00
ALUMÍNIO;350115201H;SP;Rio Pirajibu;-23,5176;-47,2558;8,92;2025-11-03 19:00:00.0;nível;8,13
ALUMÍNIO;350115201H;SP;Rio Pirajibu;-23,5176;-47,2558;8,92;2025-11-03 19:10:00.0;chuva;0,00
ALUMÍNIO;350115201H;SP;Rio Pirajibu;-23,5176;-47,2558;8,92;2025-11-03 20:00:00.0;nível;8,13
ALUMÍNIO;350115201H;SP;Rio Pirajibu;-23,5176;-47,2558;8,92;2025-11-03 20:10:00.0;chuva;0,00
ALUMÍNIO;350115201H;SP;Rio Pirajibu;-23,5176;-47,2558;8,92;2025-11-03 21:00:00.0;nível;8,14
ALUMÍNIO;350115201H;SP;Rio Pirajibu;-23,5176;-47,2558;8,92;2025-11-03 21:10:00.0;chuva;0,00
ALUMÍNIO;350115201H;SP;Rio Pirajibu;-23,5176;-47,2558;8,92;2025-11-03 22:00:00.0;nível;8,14
ALUMÍNIO;350115201H;SP;Rio Pirajibu;-23,5176;-47,2558;8,92;2025-11-03 22:10:00.0;chuva;0,00
ALUMÍNIO;350115201H;SP;Rio Pirajibu;-23,5176;-47,2558;8,92;2025-11-03 23:00:00.0;nível;8,14
ALUMÍNIO;350115201H;SP;Rio Pirajibu;-23,5176;-47,2558;8,92;2025-11-03 23:10:00.0;chuva;0,00
ALUMÍNIO;350115201H;SP;Rio Pirajibu;-23,5176;-47,2558;8,92;2025-11-04 00:00:00.0;nível;8,14
ALUMÍNIO;350115201H;SP;Rio Pirajibu;-23,5176;-47,2558;8,92;2025-11-04 00:10:00.0;chuva;0,00
ALUMÍNIO;350115201H;SP;Rio Pirajibu;-23,5176;-47,2558;8,92;2025-11-04 01:00:00.0;nível;8,14
ALUMÍNIO;350115201H;SP;Rio Pirajibu;-23,5176;-47,2558;8,92;2025-11-04 01:10:00.0;chuva;0,00
ALUMÍNIO;350115201H;SP;Rio Pirajibu;-23,5176;-47,2558;8,92;2025-11-04 02:00:00.0;nível;8,15
ALUMÍNIO;350115201H;SP;Rio Pirajibu;-23,5176;-47,2558;8,92;2025-11-04 02:10:00.0;chuva;0,00
ALUMÍNIO;350115201H;SP;Rio Pirajibu;-23,5176;-47,2558;8,92;2025-11-04 03:00:00.0;nível;8,15
ALUMÍNIO;350115201H;SP;Rio Pirajibu;-23,5176;-47,2558;8,92;2025-11-04 03:10:00.0;chuva;0,00
ALUMÍNIO;350115201H;SP;Rio Pirajibu;-23,5176;-47,2558;8,92;2025-11-04 04:00:00.0;nível;8,15
ALUMÍNIO;350115201H;SP;Rio Pirajibu;-23,5176;-47,2558;8,92;2025-11-04 04:10:00.0;chuva;0,00
ALUMÍNIO;350115201H;SP;Rio Pirajibu;-23,5176;-47,2558;8,92;2025-11-04 05:00:00.0;nível;8,15
ALUMÍNIO;350115201H;SP;Rio Pirajibu;-23,5176;-47,2558;8,92;2025-11-04 05:10:00.0;chuva;0,00
ALUMÍNIO;350115201H;SP;Rio Pirajibu;-23,5176;-47,2558;8,92;2025-11-04 06:00:00.0;nível;8,15
ALUMÍNIO;350115201H;SP;Rio Pirajibu;-23,5176;-47,2558;8,92;2025-11-04 06:10:00.0;chuva;0,00
ALUMÍNIO;350115201H;SP;Rio Pirajibu;-23,5176;-47,2558;8,92;2025-11-04 07:00:00.0;nível;8,15
ALUMÍNIO;350115201H;SP;Rio Pirajibu;-23,5176;-47,2558;8,92;2025-11-04 07:10:00.0;chuva;0,00
ALUMÍNIO;350115201H;SP;Rio Pirajibu;-23,5176;-47,2558;8,92;2025-11-04 08:00:00.0;nível;8,15
ALUMÍNIO;350115201H;SP;Rio Pirajibu;-23,5176;-47,2558;8,92;2025-11-04 08:10:00.0;chuva;0,00
ALUMÍNIO;350115201H;SP;Rio Pirajibu;-23,5176;-47,2558;8,92;2025-11-04 09:00:00.0;nível;8,15
ALUMÍNIO;350115201H;SP;Rio Pirajibu;-23,5176;-47,2558;8,92;2025-11-04 09:10:00.0;chuva;0,00
ALUMÍNIO;350115201H;SP;Rio Pirajibu;-23,5176;-47,2558;8,92;2025-11-04 10:00:00.0;nível;8,15
ALUMÍNIO;350115201H;SP;Rio Pirajibu;-23,5176;-47,2558;8,92;2025-11-04 10:10:00.0;chuva;0,00
ALUMÍNIO;350115201H;SP;Rio Pirajibu;-23,5176;-47,2558;8,92;2025-11-04 11:00:00.0;nível;8,16
ALUMÍNIO;350115201H;SP;Rio Pirajibu;-23,5176;-47,2558;8,92;2025-11-04 11:10:00.0;chuva;0,00
ALUMÍNIO;350115201H;SP;Rio Pirajibu;-23,5176;-47,2558;8,92;2025-11-04 12:00:00.0;nível;8,16
ALUMÍNIO;350115201H;SP;Rio Pirajibu;-23,5176;-47,2558;8,92;2025-11-04 12:10:00.0;chuva;0,00
ALUMÍNIO;350115201H;SP;Rio Pirajibu;-23,5176;-47,2558;8,92;2025-11-04 13:00:00.0;nível;8,16
ALUMÍNIO;350115201H;SP;Rio Pirajibu;-23,5176;-47,2558;8,92;2025-11-04 13:10:00.0;chuva;0,00
ALUMÍNIO;350115201H;SP;Rio Pirajibu;-23,5176;-47,2558;8,92;2025-11-04 14:00:00.0;nível;8,16
ALUMÍNIO;350115201H;SP;Rio Pirajibu;-23,5176;-47,2558;8,92;2025-11-04 14:10:00.0;chuva;0,00
ALUMÍNIO;350115201H;SP;Rio Pirajibu;-23,5176;-47,2558;8,92;2025-11-04 15:00:00.0;nível;8,16
ALUMÍNIO;350115201H;SP;Rio Pirajibu;-23,5176;-47,2558;8,92;2025-11-04 15:10:00.0;chuva;0,00
ALUMÍNIO;350115201H;SP;Rio Pirajibu;-23,5176;-47,2558;8,92;2025-11-04 16:00:00.0;nível;8,16
ALUMÍNIO;350115201H;SP;Rio Pirajibu;-23,5176;-47,2558;8,92;2025-11-04 16:10:00.0;chuva;0,00
ALUMÍNIO;350115201H;SP;Rio Pirajibu;-23,5176;-47,2558;8,92;2025-11-04 17:00:00.0;nível;8,16
ALUMÍNIO;350115201H;SP;Rio Pirajibu;-23,5176;-47,2558;8,92;2025-11-04 17:10:00.0;chuva;0,00
ALUMÍNIO;350115201H;SP;Rio Pirajibu;-23,5176;-47,2558;8,92;2025-11-04 18:00:00.0;nível;8,16
ALUMÍNIO;350115201H;SP;Rio Pirajibu;-23,5176;-47,2558;8,92;2025-11-04 18:10:00.0;chuva;0,00
ALUMÍNIO;350115201H;SP;Rio Pirajibu;-23,5176;-47,2558;8,92;2025-11-04 19:00:00.0;nível;8,17
ALUMÍNIO;350115201H;SP;Rio Pirajibu;-23,5176;-47,2558;8,92;2025-11-04 19:10:00.0;chuva;0,00
ALUMÍNIO;350115201H;SP;Rio Pirajibu;-23,5176;-47,2558;8,92;2025-11-04 20:00:00.0;nível;8,16
ALUMÍNIO;350115201H;SP;Rio Pirajibu;-23,5176;-47,2558;8,92;2025-11-04 20:10:00.0;chuva;0,00
ALUMÍNIO;350115201H;SP;Rio Pirajibu;-23,5176;-47,2558;8,92;2025-11-04 21:00:00.0;nível;8,16
ALUMÍNIO;350115201H;SP;Rio Pirajibu;-23,5176;-47,2558;8,92;2025-11-04 21:10:00.0;chuva;0,00
ALUMÍNIO;350115201H;SP;Rio Pirajibu;-23,5176;-47,2558;8,92;2025-11-04 22:00:00.0;nível;8,16
ALUMÍNIO;350115201H;SP;Rio Pirajibu;-23,5176;-47,2558;8,92;2025-11-04 22:10:00.0;chuva;0,00
ALUMÍNIO;350115201H;SP;Rio Pirajibu;-23,5176;-47,2558;8,92;2025-11-04 23:00:00.0;nível;8,15
ALUMÍNIO;350115201H;SP;Rio Pirajibu;-23,5176;-47,2558;8,92;2025-11-04 23:10:00.0;chuva;0,00
BRAGANÇA PAULISTA;350760526H;SP;Rio Lavapés;-22,948083;-46,542944;6,69;2025-11-01 00:00:00.0;nível;35,00
BRAGANÇA PAULISTA;350760526H;SP;Rio Lavapés;-22,948083;-46,542944;6,69;2025-11-01 00:10:00.0;chuva;0,00
BRAGANÇA PAULISTA;350760526H;SP;Rio Lavapés;-22,948083;-46,542944;6,69;2025-11-01 01:00:00.0;nível;35,00
BRAGANÇA PAULISTA;350760526H;SP;Rio Lavapés;-22,948083;-46,542944;6,69;2025-11-01 01:10:00.0;chuva;0,00
BRAGANÇA PAULISTA;350760526H;SP;Rio Lavapés;-22,948083;-46,542944;6,69;2025-11-01 02:00:00.0;nível;35,00
BRAGANÇA PAULISTA;350760526H;SP;Rio Lavapés;-22,948083;-46,542944;6,69;2025-11-01 02:10:00.0;chuva;0,00
BRAGANÇA PAULISTA;350760526H;SP;Rio Lavapés;-22,948083;-46,542944;6,69;2025-11-01 03:00:00.0;nível;35,00
BRAGANÇA PAULISTA;350760526H;SP;Rio Lavapés;-22,948083;-46,542944;6,69;2025-11-01 03:10:00.0;chuva;0,00
BRAGANÇA PAULISTA;350760526H;SP;Rio Lavapés;-22,948083;-46,542944;6,69;2025-11-01 04:00:00.0;nível;35,00
BRAGANÇA PAULISTA;350760526H;SP;Rio Lavapés;-22,948083;-46,542944;6,69;2025-11-01 04:10:00.0;chuva;0,00
BRAGANÇA PAULISTA;350760526H;SP;Rio Lavapés;-22,948083;-46,542944;6,69;2025-11-01 05:00:00.0;nível;35,00
BRAGANÇA PAULISTA;350760526H;SP;Rio Lavapés;-22,948083;-46,542944;6,69;2025-11-01 05:10:00.0;chuva;0,00
BRAGANÇA PAULISTA;350760526H;SP;Rio Lavapés;-22,948083;-46,542944;6,69;2025-11-01 06:00:00.0;nível;35,00
BRAGANÇA PAULISTA;350760526H;SP;Rio Lavapés;-22,948083;-46,542944;6,69;2025-11-01 06:10:00.0;chuva;0,00
BRAGANÇA PAULISTA;350760526H;SP;Rio Lavapés;-22,948083;-46,542944;6,69;2025-11-01 07:00:00.0;nível;35,00
BRAGANÇA PAULISTA;350760526H;SP;Rio Lavapés;-22,948083;-46,542944;6,69;2025-11-01 07:10:00.0;chuva;0,00
BRAGANÇA PAULISTA;350760526H;SP;Rio Lavapés;-22,948083;-46,542944;6,69;2025-11-01 08:00:00.0;nível;35,00
BRAGANÇA PAULISTA;350760526H;SP;Rio Lavapés;-22,948083;-46,542944;6,69;2025-11-01 08:10:00.0;chuva;0,00
BRAGANÇA PAULISTA;350760526H;SP;Rio Lavapés;-22,948083;-46,542944;6,69;2025-11-01 09:00:00.0;nível;35,00
BRAGANÇA PAULISTA;350760526H;SP;Rio Lavapés;-22,948083;-46,542944;6,69;2025-11-01 09:10:00.0;chuva;0,00
BRAGANÇA PAULISTA;350760526H;SP;Rio Lavapés;-22,948083;-46,542944;6,69;2025-11-01 10:00:00.0;nível;35,00
BRAGANÇA PAULISTA;350760526H;SP;Rio Lavapés;-22,948083;-46,542944;6,69;2025-11-01 10:10:00.0;chuva;0,00
BRAGANÇA PAULISTA;350760526H;SP;Rio Lavapés;-22,948083;-46,542944;6,69;2025-11-01 11:00:00.0;nível;35,00
BRAGANÇA PAULISTA;350760526H;SP;Rio Lavapés;-22,948083;-46,542944;6,69;2025-11-01 11:10:00.0;chuva;0,00
BRAGANÇA PAULISTA;350760526H;SP;Rio Lavapés;-22,948083;-46,542944;6,69;2025-11-01 12:00:00.0;nível;35,00
BRAGANÇA PAULISTA;350760526H;SP;Rio Lavapés;-22,948083;-46,542944;6,69;2025-11-01 12:10:00.0;chuva;0,00
BRAGANÇA PAULISTA;350760526H;SP;Rio Lavapés;-22,948083;-46,542944;6,69;2025-11-01 13:00:00.0;nível;35,00
BRAGANÇA PAULISTA;350760526H;SP;Rio Lavapés;-22,948083;-46,542944;6,69;2025-11-01 13:10:00.0;chuva;0,00
BRAGANÇA PAULISTA;350760526H;SP;Rio Lavapés;-22,948083;-46,542944;6,69;2025-11-01 14:00:00.0;nível;35,00
BRAGANÇA PAULISTA;350760526H;SP;Rio Lavapés;-22,948083;-46,542944;6,69;2025-11-01 14:10:00.0;chuva;0,00
BRAGANÇA PAULISTA;350760526H;SP;Rio Lavapés;-22,948083;-46,542944;6,69;2025-11-01 15:00:00.0;nível;35,00
BRAGANÇA PAULISTA;350760526H;SP;Rio Lavapés;-22,948083;-46,542944;6,69;2025-11-01 15:10:00.0;chuva;0,00
BRAGANÇA PAULISTA;350760526H;SP;Rio Lavapés;-22,948083;-46,542944;6,69;2025-11-01 16:00:00.0;nível;35,00
BRAGANÇA PAULISTA;350760526H;SP;Rio Lavapés;-22,948083;-46,542944;6,69;2025-11-01 16:10:00.0;chuva;0,00
BRAGANÇA PAULISTA;350760526H;SP;Rio Lavapés;-22,948083;-46,542944;6,69;2025-11-01 17:00:00.0;nível;35,00
BRAGANÇA PAULISTA;350760526H;SP;Rio Lavapés;-22,948083;-46,542944;6,69;2025-11-01 17:10:00.0;chuva;0,00
BRAGANÇA PAULISTA;350760526H;SP;Rio Lavapés;-22,948083;-46,542944;6,69;2025-11-01 18:00:00.0;nível;35,00
BRAGANÇA PAULISTA;350760526H;SP;Rio Lavapés;-22,948083;-46,542944;6,69;2025-11-01 18:10:00.0;chuva;0,00
BRAGANÇA PAULISTA;350760526H;SP;Rio Lavapés;-22,948083;-46,542944;6,69;2025-11-01 19:00:00.0;nível;35,00
BRAGANÇA PAULISTA;350760526H;SP;Rio Lavapés;-22,948083;-46,542944;6,69;2025-11-01 19:10:00.0;chuva;0,00
BRAGANÇA PAULISTA;350760526H;SP;Rio Lavapés;-22,948083;-46,542944;6,69;2025-11-01 20:00:00.0;nível;35,00
BRAGANÇA PAULISTA;350760526H;SP;Rio Lavapés;-22,948083;-46,542944;6,69;2025-11-01 20:10:00.0;chuva;0,00
BRAGANÇA PAULISTA;350760526H;SP;Rio Lavapés;-22,948083;-46,542944;6,69;2025-11-01 21:00:00.0;nível;35,00
BRAGANÇA PAULISTA;350760526H;SP;Rio Lavapés;-22,948083;-46,542944;6,69;2025-11-01 21:10:00.0;chuva;0,00
BRAGANÇA PAULISTA;350760526H;SP;Rio Lavapés;-22,948083;-46,542944;6,69;2025-11-01 22:00:00.0;nível;35,00
BRAGANÇA PAULISTA;350760526H;SP;Rio Lavapés;-22,948083;-46,542944;6,69;2025-11-01 22:10:00.0;chuva;0,00
BRAGANÇA PAULISTA;350760526H;SP;Rio Lavapés;-22,948083;-46,542944;6,69;2025-11-01 23:00:00.0;nível;35,00
BRAGANÇA PAULISTA;350760526H;SP;Rio Lavapés;-22,948083;-46,542944;6,69;2025-11-01 23:10:00.0;chuva;0,00
BRAGANÇA PAULISTA;350760526H;SP;Rio Lavapés;-22,948083;-46,542944;6,69;2025-11-02 00:00:00.0;nível;35,00
BRAGANÇA PAULISTA;350760526H;SP;Rio Lavapés;-22,948083;-46,542944;6,69;2025-11-02 00:10:00.0;chuva;0,00
BRAGANÇA PAULISTA;350760526H;SP;Rio Lavapés;-22,948083;-46,542944;6,69;2025-11-02 01:00:00.0;nível;35,00
BRAGANÇA PAULISTA;350760526H;SP;Rio Lavapés;-22,948083;-46,542944;6,69;2025-11-02 01:10:00.0;chuva;0,00
BRAGANÇA PAULISTA;350760526H;SP;Rio Lavapés;-22,948083;-46,542944;6,69;2025-11-02 02:00:00.0;nível;35,00
BRAGANÇA PAULISTA;350760526H;SP;Rio Lavapés;-22,948083;-46,542944;6,69;2025-11-02 02:10:00.0;chuva;0,00
BRAGANÇA PAULISTA;350760526H;SP;Rio Lavapés;-22,948083;-46,542944;6,69;2025-11-02 03:00:00.0;nível;35,00
BRAGANÇA PAULISTA;350760526H;SP;Rio Lavapés;-22,948083;-46,542944;6,69;2025-11-02 03:10:00.0;chuva;0,00
BRAGANÇA PAULISTA;350760526H;SP;Rio Lavapés;-22,948083;-46,542944;6,69;2025-11-02 04:00:00.0;nível;35,00
BRAGANÇA PAULISTA;350760526H;SP;Rio Lavapés;-22,948083;-46,542944;6,69;2025-11-02 04:10:00.0;chuva;0,00
BRAGANÇA PAULISTA;350760526H;SP;Rio Lavapés;-22,948083;-46,542944;6,69;2025-11-02 05:00:00.0;nível;35,00
BRAGANÇA PAULISTA;350760526H;SP;Rio Lavapés;-22,948083;-46,542944;6,69;2025-11-02 05:10:00.0;chuva;0,00
BRAGANÇA PAULISTA;350760526H;SP;Rio Lavapés;-22,948083;-46,542944;6,69;2025-11-02 06:00:00.0;nível;35,00
BRAGANÇA PAULISTA;350760526H;SP;Rio Lavapés;-22,948083;-46,542944;6,69;2025-11-02 06:10:00.0;chuva;0,00
BRAGANÇA PAULISTA;350760526H;SP;Rio Lavapés;-22,948083;-46,542944;6,69;2025-11-02 07:00:00.0;nível;35,00
BRAGANÇA PAULISTA;350760526H;SP;Rio Lavapés;-22,948083;-46,542944;6,69;2025-11-02 07:10:00.0;chuva;0,00
BRAGANÇA PAULISTA;350760526H;SP;Rio Lavapés;-22,948083;-46,542944;6,69;2025-11-02 08:00:00.0;nível;35,00
BRAGANÇA PAULISTA;350760526H;SP;Rio Lavapés;-22,948083;-46,542944;6,69;2025-11-02 08:10:00.0;chuva;0,00
BRAGANÇA PAULISTA;350760526H;SP;Rio Lavapés;-22,948083;-46,542944;6,69;2025-11-02 09:00:00.0;nível;35,00
BRAGANÇA PAULISTA;350760526H;SP;Rio Lavapés;-22,948083;-46,542944;6,69;2025-11-02 09:10:00.0;chuva;0,00
BRAGANÇA PAULISTA;350760526H;SP;Rio Lavapés;-22,948083;-46,542944;6,69;2025-11-02 10:00:00.0;nível;35,00
BRAGANÇA PAULISTA;350760526H;SP;Rio Lavapés;-22,948083;-46,542944;6,69;2025-11-02 10:10:00.0;chuva;0,00
BRAGANÇA PAULISTA;350760526H;SP;Rio Lavapés;-22,948083;-46,542944;6,69;2025-11-02 11:00:00.0;nível;35,00
BRAGANÇA PAULISTA;350760526H;SP;Rio Lavapés;-22,948083;-46,542944;6,69;2025-11-02 11:10:00.0;chuva;0,00
BRAGANÇA PAULISTA;350760526H;SP;Rio Lavapés;-22,948083;-46,542944;6,69;2025-11-02 12:00:00.0;nível;35,00
BRAGANÇA PAULISTA;350760526H;SP;Rio Lavapés;-22,948083;-46,542944;6,69;2025-11-02 12:10:00.0;chuva;0,00
BRAGANÇA PAULISTA;350760526H;SP;Rio Lavapés;-22,948083;-46,542944;6,69;2025-11-02 13:00:00.0;nível;35,00
BRAGANÇA PAULISTA;350760526H;SP;Rio Lavapés;-22,948083;-46,542944;6,69;2025-11-02 13:10:00.0;chuva;0,00
BRAGANÇA PAULISTA;350760526H;SP;Rio Lavapés;-22,948083;-46,542944;6,69;2025-11-02 14:00:00.0;nível;35,00
BRAGANÇA PAULISTA;350760526H;SP;Rio Lavapés;-22,948083;-46,542944;6,69;2025-11-02 14:10:00.0;chuva;0,00
BRAGANÇA PAULISTA;350760526H;SP;Rio Lavapés;-22,948083;-46,542944;6,69;2025-11-02 15:00:00.0;nível;35,00
BRAGANÇA PAULISTA;350760526H;SP;Rio Lavapés;-22,948083;-46,542944;6,69;2025-11-02 15:10:00.0;chuva;0,00
BRAGANÇA PAULISTA;350760526H;SP;Rio Lavapés;-22,948083;-46,542944;6,69;2025-11-02 16:00:00.0;nível;35,00
BRAGANÇA PAULISTA;350760526H;SP;Rio Lavapés;-22,948083;-46,542944;6,69;2025-11-02 16:10:00.0;chuva;0,00
BRAGANÇA PAULISTA;350760526H;SP;Rio Lavapés;-22,948083;-46,542944;6,69;2025-11-02 17:00:00.0;nível;35,00
BRAGANÇA PAULISTA;350760526H;SP;Rio Lavapés;-22,948083;-46,542944;6,69;2025-11-02 17:10:00.0;chuva;0,00
BRAGANÇA PAULISTA;350760526H;SP;Rio Lavapés;-22,948083;-46,542944;6,69;2025-11-02 18:00:00.0;nível;35,00
BRAGANÇA PAULISTA;350760526H;SP;Rio Lavapés;-22,948083;-46,542944;6,69;2025-11-02 18:10:00.0;chuva;0,00
BRAGANÇA PAULISTA;350760526H;SP;Rio Lavapés;-22,948083;-46,542944;6,69;2025-11-02 19:00:00.0;nível;35,00
BRAGANÇA PAULISTA;350760526H;SP;Rio Lavapés;-22,948083;-46,542944;6,69;2025-11-02 19:10:00.0;chuva;0,00
BRAGANÇA PAULISTA;350760526H;SP;Rio Lavapés;-22,948083;-46,542944;6,69;2025-11-02 20:00:00.0;nível;35,00
BRAGANÇA PAULISTA;350760526H;SP;Rio Lavapés;-22,948083;-46,542944;6,69;2025-11-02 20:10:00.0;chuva;0,00
BRAGANÇA PAULISTA;350760526H;SP;Rio Lavapés;-22,948083;-46,542944;6,69;2025-11-02 21:00:00.0;nível;35,00
BRAGANÇA PAULISTA;350760526H;SP;Rio Lavapés;-22,948083;-46,542944;6,69;2025-11-02 21:10:00.0;chuva;0,00
BRAGANÇA PAULISTA;350760526H;SP;Rio Lavapés;-22,948083;-46,542944;6,69;2025-11-02 22:00:00.0;nível;35,00
BRAGANÇA PAULISTA;350760526H;SP;Rio Lavapés;-22,948083;-46,542944;6,69;2025-11-02 22:10:00.0;chuva;0,00
BRAGANÇA PAULISTA;350760526H;SP;Rio Lavapés;-22,948083;-46,542944;6,69;2025-11-02 23:00:00.0;nível;35,00
BRAGANÇA PAULISTA;350760526H;SP;Rio Lavapés;-22,948083;-46,542944;6,69;2025-11-02 23:10:00.0;chuva;0,00
BRAGANÇA PAULISTA;350760526H;SP;Rio Lavapés;-22,948083;-46,542944;6,69;2025-11-03 00:00:00.0;nível;35,00
BRAGANÇA PAULISTA;350760526H;SP;Rio Lavapés;-22,948083;-46,542944;6,69;2025-11-03 00:10:00.0;chuva;0,00
BRAGANÇA PAULISTA;350760526H;SP;Rio Lavapés;-22,948083;-46,542944;6,69;2025-11-03 01:00:00.0;nível;35,00
BRAGANÇA PAULISTA;350760526H;SP;Rio Lavapés;-22,948083;-46,542944;6,69;2025-11-03 01:10:00.0;chuva;0,00
BRAGANÇA PAULISTA;350760526H;SP;Rio Lavapés;-22,948083;-46,542944;6,69;2025-11-03 02:00:00.0;nível;35,00
BRAGANÇA PAULISTA;350760526H;SP;Rio Lavapés;-22,948083;-46,542944;6,69;2025-11-03 02:10:00.0;chuva;0,00
BRAGANÇA PAULISTA;350760526H;SP;Rio Lavapés;-22,948083;-46,542944;6,69;2025-11-03 03:00:00.0;nível;35,00
BRAGANÇA PAULISTA;350760526H;SP;Rio Lavapés;-22,948083;-46,542944;6,69;2025-11-03 03:10:00.0;chuva;0,00
BRAGANÇA PAULISTA;350760526H;SP;Rio Lavapés;-22,948083;-46,542944;6,69;2025-11-03 04:00:00.0;nível;35,00
BRAGANÇA PAULISTA;350760526H;SP;Rio Lavapés;-22,948083;-46,542944;6,69;2025-11-03 04:10:00.0;chuva;0,00
BRAGANÇA PAULISTA;350760526H;SP;Rio Lavapés;-22,948083;-46,542944;6,69;2025-11-03 05:00:00.0;nível;35,00
BRAGANÇA PAULISTA;350760526H;SP;Rio Lavapés;-22,948083;-46,542944;6,69;2025-11-03 05:10:00.0;chuva;0,00
BRAGANÇA PAULISTA;350760526H;SP;Rio Lavapés;-22,948083;-46,542944;6,69;2025-11-03 06:00:00.0;nível;35,00
BRAGANÇA PAULISTA;350760526H;SP;Rio Lavapés;-22,948083;-46,542944;6,69;2025-11-03 06:10:00.0;chuva;0,00
BRAGANÇA PAULISTA;350760526H;SP;Rio Lavapés;-22,948083;-46,542944;6,69;2025-11-03 07:00:00.0;nível;35,00
BRAGANÇA PAULISTA;350760526H;SP;Rio Lavapés;-22,948083;-46,542944;6,69;2025-11-03 07:10:00.0;chuva;0,00
BRAGANÇA PAULISTA;350760526H;SP;Rio Lavapés;-22,948083;-46,542944;6,69;2025-11-03 08:00:00.0;nível;35,00
BRAGANÇA PAULISTA;350760526H;SP;Rio Lavapés;-22,948083;-46,542944;6,69;2025-11-03 08:10:00.0;chuva;0,00
BRAGANÇA PAULISTA;350760526H;SP;Rio Lavapés;-22,948083;-46,542944;6,69;2025-11-03 09:00:00.0;nível;35,00
BRAGANÇA PAULISTA;350760526H;SP;Rio Lavapés;-22,948083;-46,542944;6,69;2025-11-03 09:10:00.0;chuva;0,00
BRAGANÇA PAULISTA;350760526H;SP;Rio Lavapés;-22,948083;-46,542944;6,69;2025-11-03 10:00:00.0;nível;35,00
BRAGANÇA PAULISTA;350760526H;SP;Rio Lavapés;-22,948083;-46,542944;6,69;2025-11-03 10:10:00.0;chuva;0,00
BRAGANÇA PAULISTA;350760526H;SP;Rio Lavapés;-22,948083;-46,542944;6,69;2025-11-03 11:00:00.0;nível;35,00
BRAGANÇA PAULISTA;350760526H;SP;Rio Lavapés;-22,948083;-46,542944;6,69;2025-11-03 11:10:00.0;chuva;0,00
BRAGANÇA PAULISTA;350760526H;SP;Rio Lavapés;-22,948083;-46,542944;6,69;2025-11-03 12:00:00.0;nível;35,00
BRAGANÇA PAULISTA;350760526H;SP;Rio Lavapés;-22,948083;-46,542944;6,69;2025-11-03 12:10:00.0;chuva;0,00
BRAGANÇA PAULISTA;350760526H;SP;Rio Lavapés;-22,948083;-46,542944;6,69;2025-11-03 13:00:00.0;nível;35,00
BRAGANÇA PAULISTA;350760526H;SP;Rio Lavapés;-22,948083;-46,542944;6,69;2025-11-03 13:10:00.0;chuva;0,00
BRAGANÇA PAULISTA;350760526H;SP;Rio Lavapés;-22,948083;-46,542944;6,69;2025-11-03 14:00:00.0;nível;35,00
BRAGANÇA PAULISTA;350760526H;SP;Rio Lavapés;-22,948083;-46,542944;6,69;2025-11-03 14:10:00.0;chuva;0,00
BRAGANÇA PAULISTA;350760526H;SP;Rio Lavapés;-22,948083;-46,542944;6,69;2025-11-03 15:00:00.0;nível;35,00
BRAGANÇA PAULISTA;350760526H;SP;Rio Lavapés;-22,948083;-46,542944;6,69;2025-11-03 15:10:00.0;chuva;0,00
BRAGANÇA PAULISTA;350760526H;SP;Rio Lavapés;-22,948083;-46,542944;6,69;2025-11-03 16:00:00.0;nível;35,00
BRAGANÇA PAULISTA;350760526H;SP;Rio Lavapés;-22,948083;-46,542944;6,69;2025-11-03 16:10:00.0;chuva;0,00
BRAGANÇA PAULISTA;350760526H;SP;Rio Lavapés;-22,948083;-46,542944;6,69;2025-11-03 17:00:00.0;nível;35,00
BRAGANÇA PAULISTA;350760526H;SP;Rio Lavapés;-22,948083;-46,542944;6,69;2025-11-03 17:10:00.0;chuva;0,00
BRAGANÇA PAULISTA;350760526H;SP;Rio Lavapés;-22,948083;-46,542944;6,69;2025-11-03 18:00:00.0;nível;35,00
BRAGANÇA PAULISTA;350760526H;SP;Rio Lavapés;-22,948083;-46,542944;6,69;2025-11-03 18:10:00.0;chuva;0,00
BRAGANÇA PAULISTA;350760526H;SP;Rio Lavapés;-22,948083;-46,542944;6,69;2025-11-03 19:00:00.0;nível;35,00
BRAGANÇA PAULISTA;350760526H;SP;Rio Lavapés;-22,948083;-46,542944;6,69;2025-11-03 19:10:00.0;chuva;0,00
BRAGANÇA PAULISTA;350760526H;SP;Rio Lavapés;-22,948083;-46,542944;6,69;2025-11-03 20:00:00.0;nível;35,00
BRAGANÇA PAULISTA;350760526H;SP;Rio Lavapés;-22,948083;-46,542944;6,69;2025-11-03 20:10:00.0;chuva;0,00
BRAGANÇA PAULISTA;350760526H;SP;Rio Lavapés;-22,948083;-46,542944;6,69;2025-11-03 21:00:00.0;nível;35,00
BRAGANÇA PAULISTA;350760526H;SP;Rio Lavapés;-22,948083;-46,542944;6,69;2025-11-03 21:10:00.0;chuva;0,00
BRAGANÇA PAULISTA;350760526H;SP;Rio Lavapés;-22,948083;-46,542944;6,69;2025-11-03 22:00:00.0;nível;35,00
BRAGANÇA PAULISTA;350760526H;SP;Rio Lavapés;-22,948083;-46,542944;6,69;2025-11-03 22:10:00.0;chuva;0,00
BRAGANÇA PAULISTA;350760526H;SP;Rio Lavapés;-22,948083;-46,542944;6,69;2025-11-03 23:00:00.0;nível;35,00
BRAGANÇA PAULISTA;350760526H;SP;Rio Lavapés;-22,948083;-46,542944;6,69;2025-11-03 23:10:00.0;chuva;0,00
BRAGANÇA PAULISTA;350760526H;SP;Rio Lavapés;-22,948083;-46,542944;6,69;2025-11-04 00:00:00.0;nível;35,00
BRAGANÇA PAULISTA;350760526H;SP;Rio Lavapés;-22,948083;-46,542944;6,69;2025-11-04 00:10:00.0;chuva;0,00
BRAGANÇA PAULISTA;350760526H;SP;Rio Lavapés;-22,948083;-46,542944;6,69;2025-11-04 01:00:00.0;nível;35,00
BRAGANÇA PAULISTA;350760526H;SP;Rio Lavapés;-22,948083;-46,542944;6,69;2025-11-04 01:10:00.0;chuva;0,00
BRAGANÇA PAULISTA;350760526H;SP;Rio Lavapés;-22,948083;-46,542944;6,69;2025-11-04 02:00:00.0;nível;35,00
BRAGANÇA PAULISTA;350760526H;SP;Rio Lavapés;-22,948083;-46,542944;6,69;2025-11-04 02:10:00.0;chuva;0,00
BRAGANÇA PAULISTA;350760526H;SP;Rio Lavapés;-22,948083;-46,542944;6,69;2025-11-04 03:00:00.0;nível;35,00
BRAGANÇA PAULISTA;350760526H;SP;Rio Lavapés;-22,948083;-46,542944;6,69;2025-11-04 03:10:00.0;chuva;0,00
BRAGANÇA PAULISTA;350760526H;SP;Rio Lavapés;-22,948083;-46,542944;6,69;2025-11-04 04:00:00.0;nível;35,00
BRAGANÇA PAULISTA;350760526H;SP;Rio Lavapés;-22,948083;-46,542944;6,69;2025-11-04 04:10:00.0;chuva;0,00
BRAGANÇA PAULISTA;350760526H;SP;Rio Lavapés;-22,948083;-46,542944;6,69;2025-11-04 05:00:00.0;nível;35,00
BRAGANÇA PAULISTA;350760526H;SP;Rio Lavapés;-22,948083;-46,542944;6,69;2025-11-04 05:10:00.0;chuva;0,00
BRAGANÇA PAULISTA;350760526H;SP;Rio Lavapés;-22,948083;-46,542944;6,69;2025-11-04 06:00:00.0;nível;35,00
BRAGANÇA PAULISTA;350760526H;SP;Rio Lavapés;-22,948083;-46,542944;6,69;2025-11-04 06:10:00.0;chuva;0,00
BRAGANÇA PAULISTA;350760526H;SP;Rio Lavapés;-22,948083;-46,542944;6,69;2025-11-04 07:00:00.0;nível;35,00
BRAGANÇA PAULISTA;350760526H;SP;Rio Lavapés;-22,948083;-46,542944;6,69;2025-11-04 07:10:00.0;chuva;0,00
BRAGANÇA PAULISTA;350760526H;SP;Rio Lavapés;-22,948083;-46,542944;6,69;2025-11-04 08:00:00.0;nível;35,00
BRAGANÇA PAULISTA;350760526H;SP;Rio Lavapés;-22,948083;-46,542944;6,69;2025-11-04 08:10:00.0;chuva;0,00
BRAGANÇA PAULISTA;350760526H;SP;Rio Lavapés;-22,948083;-46,542944;6,69;2025-11-04 09:00:00.0;nível;35,00
BRAGANÇA PAULISTA;350760526H;SP;Rio Lavapés;-22,948083;-46,542944;6,69;2025-11-04 09:10:00.0;chuva;0,00
BRAGANÇA PAULISTA;350760526H;SP;Rio Lavapés;-22,948083;-46,542944;6,69;2025-11-04 10:00:00.0;nível;35,00
BRAGANÇA PAULISTA;350760526H;SP;Rio Lavapés;-22,948083;-46,542944;6,69;2025-11-04 10:10:00.0;chuva;0,00
BRAGANÇA PAULISTA;350760526H;SP;Rio Lavapés;-22,948083;-46,542944;6,69;2025-11-04 11:00:00.0;nível;35,00
BRAGANÇA PAULISTA;350760526H;SP;Rio Lavapés;-22,948083;-46,542944;6,69;2025-11-04 11:10:00.0;chuva;0,00
BRAGANÇA PAULISTA;350760526H;SP;Rio Lavapés;-22,948083;-46,542944;6,69;2025-11-04 12:00:00.0;nível;35,00
BRAGANÇA PAULISTA;350760526H;SP;Rio Lavapés;-22,948083;-46,542944;6,69;2025-11-04 12:10:00.0;chuva;0,00
BRAGANÇA PAULISTA;350760526H;SP;Rio Lavapés;-22,948083;-46,542944;6,69;2025-11-04 13:00:00.0;nível;35,00
BRAGANÇA PAULISTA;350760526H;SP;Rio Lavapés;-22,948083;-46,542944;6,69;2025-11-04 13:10:00.0;chuva;0,00
BRAGANÇA PAULISTA;350760526H;SP;Rio Lavapés;-22,948083;-46,542944;6,69;2025-11-04 14:00:00.0;nível;35,00
BRAGANÇA PAULISTA;350760526H;SP;Rio Lavapés;-22,948083;-46,542944;6,69;2025-11-04 14:10:00.0;chuva;0,00
BRAGANÇA PAULISTA;350760526H;SP;Rio Lavapés;-22,948083;-46,542944;6,69;2025-11-04 15:00:00.0;nível;35,00
BRAGANÇA PAULISTA;350760526H;SP;Rio Lavapés;-22,948083;-46,542944;6,69;2025-11-04 15:10:00.0;chuva;0,00
BRAGANÇA PAULISTA;350760526H;SP;Rio Lavapés;-22,948083;-46,542944;6,69;2025-11-04 16:00:00.0;nível;35,00
BRAGANÇA PAULISTA;350760526H;SP;Rio Lavapés;-22,948083;-46,542944;6,69;2025-11-04 16:10:00.0;chuva;0,00
BRAGANÇA PAULISTA;350760526H;SP;Rio Lavapés;-22,948083;-46,542944;6,69;2025-11-04 17:00:00.0;nível;35,00
BRAGANÇA PAULISTA;350760526H;SP;Rio Lavapés;-22,948083;-46,542944;6,69;2025-11-04 17:10:00.0;chuva;0,00
BRAGANÇA PAULISTA;350760526H;SP;Rio Lavapés;-22,948083;-46,542944;6,69;2025-11-04 18:00:00.0;nível;35,00
BRAGANÇA PAULISTA;350760526H;SP;Rio Lavapés;-22,948083;-46,542944;6,69;2025-11-04 18:10:00.0;chuva;0,00
BRAGANÇA PAULISTA;350760526H;SP;Rio Lavapés;-22,948083;-46,542944;6,69;2025-11-04 19:00:00.0;nível;35,00
BRAGANÇA PAULISTA;350760526H;SP;Rio Lavapés;-22,948083;-46,542944;6,69;2025-11-04 19:10:00.0;chuva;0,00
BRAGANÇA PAULISTA;350760526H;SP;Rio Lavapés;-22,948083;-46,542944;6,69;2025-11-04 20:00:00.0;nível;35,00
BRAGANÇA PAULISTA;350760526H;SP;Rio Lavapés;-22,948083;-46,542944;6,69;2025-11-04 20:10:00.0;chuva;0,00
BRAGANÇA PAULISTA;350760526H;SP;Rio Lavapés;-22,948083;-46,542944;6,69;2025-11-04 21:00:00.0;nível;35,00
BRAGANÇA PAULISTA;350760526H;SP;Rio Lavapés;-22,948083;-46,542944;6,69;2025-11-04 21:10:00.0;chuva;0,00
BRAGANÇA PAULISTA;350760526H;SP;Rio Lavapés;-22,948083;-46,542944;6,69;2025-11-04 22:00:00.0;nível;35,00
BRAGANÇA PAULISTA;350760526H;SP;Rio Lavapés;-22,948083;-46,542944;6,69;2025-11-04 22:10:00.0;chuva;0,00
BRAGANÇA PAULISTA;350760526H;SP;Rio Lavapés;-22,948083;-46,542944;6,69;2025-11-04 23:00:00.0;nível;35,00
BRAGANÇA PAULISTA;350760526H;SP;Rio Lavapés;-22,948083;-46,542944;6,69;2025-11-04 23:10:00.0;chuva;0,00
CAIEIRAS;350900703H;SP;Rio Juqueri;-23,3638;-46,7516;10,68;2025-11-01 00:00:00.0;nível;10,15
CAIEIRAS;350900703H;SP;Rio Juqueri;-23,3638;-46,7516;10,68;2025-11-01 00:10:00.0;chuva;0,00
CAIEIRAS;350900703H;SP;Rio Juqueri;-23,3638;-46,7516;10,68;2025-11-01 01:00:00.0;nível;10,18
CAIEIRAS;350900703H;SP;Rio Juqueri;-23,3638;-46,7516;10,68;2025-11-01 01:10:00.0;chuva;0,00
CAIEIRAS;350900703H;SP;Rio Juqueri;-23,3638;-46,7516;10,68;2025-11-01 02:00:00.0;nível;10,19
CAIEIRAS;350900703H;SP;Rio Juqueri;-23,3638;-46,7516;10,68;2025-11-01 02:10:00.0;chuva;0,00
CAIEIRAS;350900703H;SP;Rio Juqueri;-23,3638;-46,7516;10,68;2025-11-01 03:00:00.0;nível;10,20
CAIEIRAS;350900703H;SP;Rio Juqueri;-23,3638;-46,7516;10,68;2025-11-01 03:10:00.0;chuva;0,00
CAIEIRAS;350900703H;SP;Rio Juqueri;-23,3638;-46,7516;10,68;2025-11-01 04:00:00.0;nível;10,22
CAIEIRAS;350900703H;SP;Rio Juqueri;-23,3638;-46,7516;10,68;2025-11-01 04:10:00.0;chuva;0,00
CAIEIRAS;350900703H;SP;Rio Juqueri;-23,3638;-46,7516;10,68;2025-11-01 05:00:00.0;nível;10,24
CAIEIRAS;350900703H;SP;Rio Juqueri;-23,3638;-46,7516;10,68;2025-11-01 05:10:00.0;chuva;0,00
CAIEIRAS;350900703H;SP;Rio Juqueri;-23,3638;-46,7516;10,68;2025-11-01 06:00:00.0;nível;10,25
CAIEIRAS;350900703H;SP;Rio Juqueri;-23,3638;-46,7516;10,68;2025-11-01 06:10:00.0;chuva;0,00
CAIEIRAS;350900703H;SP;Rio Juqueri;-23,3638;-46,7516;10,68;2025-11-01 07:00:00.0;nível;10,26
CAIEIRAS;350900703H;SP;Rio Juqueri;-23,3638;-46,7516;10,68;2025-11-01 07:10:00.0;chuva;0,00
CAIEIRAS;350900703H;SP;Rio Juqueri;-23,3638;-46,7516;10,68;2025-11-01 08:00:00.0;nível;10,27
CAIEIRAS;350900703H;SP;Rio Juqueri;-23,3638;-46,7516;10,68;2025-11-01 08:10:00.0;chuva;0,00
CAIEIRAS;350900703H;SP;Rio Juqueri;-23,3638;-46,7516;10,68;2025-11-01 09:00:00.0;nível;10,27
CAIEIRAS;350900703H;SP;Rio Juqueri;-23,3638;-46,7516;10,68;2025-11-01 09:10:00.0;chuva;0,00
CAIEIRAS;350900703H;SP;Rio Juqueri;-23,3638;-46,7516;10,68;2025-11-01 10:00:00.0;nível;10,28
CAIEIRAS;350900703H;SP;Rio Juqueri;-23,3638;-46,7516;10,68;2025-11-01 10:10:00.0;chuva;0,00
CAIEIRAS;350900703H;SP;Rio Juqueri;-23,3638;-46,7516;10,68;2025-11-01 11:00:00.0;nível;10,29
CAIEIRAS;350900703H;SP;Rio Juqueri;-23,3638;-46,7516;10,68;2025-11-01 11:10:00.0;chuva;0,00
CAIEIRAS;350900703H;SP;Rio Juqueri;-23,3638;-46,7516;10,68;2025-11-01 12:00:00.0;nível;0,40
CAIEIRAS;350900703H;SP;Rio Juqueri;-23,3638;-46,7516;10,68;2025-11-01 12:10:00.0;nível;10,30
CAIEIRAS;350900703H;SP;Rio Juqueri;-23,3638;-46,7516;10,68;2025-11-01 12:10:00.0;chuva;0,00
CAIEIRAS;350900703H;SP;Rio Juqueri;-23,3638;-46,7516;10,68;2025-11-01 12:20:00.0;nível;0,65
CAIEIRAS;350900703H;SP;Rio Juqueri;-23,3638;-46,7516;10,68;2025-11-01 12:30:00.0;nível;0,51
CAIEIRAS;350900703H;SP;Rio Juqueri;-23,3638;-46,7516;10,68;2025-11-01 13:00:00.0;nível;0,50
CAIEIRAS;350900703H;SP;Rio Juqueri;-23,3638;-46,7516;10,68;2025-11-01 13:10:00.0;chuva;0,00
CAIEIRAS;350900703H;SP;Rio Juqueri;-23,3638;-46,7516;10,68;2025-11-01 13:40:00.0;nível;9,56
CAIEIRAS;350900703H;SP;Rio Juqueri;-23,3638;-46,7516;10,68;2025-11-01 13:50:00.0;nível;10,29
CAIEIRAS;350900703H;SP;Rio Juqueri;-23,3638;-46,7516;10,68;2025-11-01 14:00:00.0;nível;0,46
CAIEIRAS;350900703H;SP;Rio Juqueri;-23,3638;-46,7516;10,68;2025-11-01 14:10:00.0;chuva;0,00
CAIEIRAS;350900703H;SP;Rio Juqueri;-23,3638;-46,7516;10,68;2025-11-01 15:00:00.0;nível;0,49
CAIEIRAS;350900703H;SP;Rio Juqueri;-23,3638;-46,7516;10,68;2025-11-01 15:10:00.0;chuva;0,00
CAIEIRAS;350900703H;SP;Rio Juqueri;-23,3638;-46,7516;10,68;2025-11-01 15:30:00.0;nível;10,27
CAIEIRAS;350900703H;SP;Rio Juqueri;-23,3638;-46,7516;10,68;2025-11-01 15:40:00.0;nível;0,58
CAIEIRAS;350900703H;SP;Rio Juqueri;-23,3638;-46,7516;10,68;2025-11-01 15:50:00.0;nível;0,44
CAIEIRAS;350900703H;SP;Rio Juqueri;-23,3638;-46,7516;10,68;2025-11-01 16:00:00.0;nível;0,47
CAIEIRAS;350900703H;SP;Rio Juqueri;-23,3638;-46,7516;10,68;2025-11-01 16:10:00.0;chuva;0,00
CAIEIRAS;350900703H;SP;Rio Juqueri;-23,3638;-46,7516;10,68;2025-11-01 16:40:00.0;nível;0,78
CAIEIRAS;350900703H;SP;Rio Juqueri;-23,3638;-46,7516;10,68;2025-11-01 17:00:00.0;nível;0,46
CAIEIRAS;350900703H;SP;Rio Juqueri;-23,3638;-46,7516;10,68;2025-11-01 17:10:00.0;nível;10,27
CAIEIRAS;350900703H;SP;Rio Juqueri;-23,3638;-46,7516;10,68;2025-11-01 17:10:00.0;chuva;0,00
CAIEIRAS;350900703H;SP;Rio Juqueri;-23,3638;-46,7516;10,68;2025-11-01 17:30:00.0;nível;0,47
CAIEIRAS;350900703H;SP;Rio Juqueri;-23,3638;-46,7516;10,68;2025-11-01 17:50:00.0;nível;10,27
CAIEIRAS;350900703H;SP;Rio Juqueri;-23,3638;-46,7516;10,68;2025-11-01 18:00:00.0;nível;10,27
CAIEIRAS;350900703H;SP;Rio Juqueri;-23,3638;-46,7516;10,68;2025-11-01 18:10:00.0;chuva;0,00
CAIEIRAS;350900703H;SP;Rio Juqueri;-23,3638;-46,7516;10,68;2025-11-01 18:20:00.0;nível;2,01
CAIEIRAS;350900703H;SP;Rio Juqueri;-23,3638;-46,7516;10,68;2025-11-01 18:30:00.0;nível;10,26
CAIEIRAS;350900703H;SP;Rio Juqueri;-23,3638;-46,7516;10,68;2025-11-01 19:00:00.0;nível;10,26
CAIEIRAS;350900703H;SP;Rio Juqueri;-23,3638;-46,7516;10,68;2025-11-01 19:10:00.0;chuva;0,00
CAIEIRAS;350900703H;SP;Rio Juqueri;-23,3638;-46,7516;10,68;2025-11-01 20:00:00.0;nível;10,27
CAIEIRAS;350900703H;SP;Rio Juqueri;-23,3638;-46,7516;10,68;2025-11-01 20:10:00.0;chuva;0,00
CAIEIRAS;350900703H;SP;Rio Juqueri;-23,3638;-46,7516;10,68;2025-11-01 20:20:00.0;nível;0,86
CAIEIRAS;350900703H;SP;Rio Juqueri;-23,3638;-46,7516;10,68;2025-11-01 20:30:00.0;nível;10,27
CAIEIRAS;350900703H;SP;Rio Juqueri;-23,3638;-46,7516;10,68;2025-11-01 21:00:00.0;nível;10,28
CAIEIRAS;350900703H;SP;Rio Juqueri;-23,3638;-46,7516;10,68;2025-11-01 21:10:00.0;chuva;0,00
CAIEIRAS;350900703H;SP;Rio Juqueri;-23,3638;-46,7516;10,68;2025-11-01 21:30:00.0;nível;0,50
CAIEIRAS;350900703H;SP;Rio Juqueri;-23,3638;-46,7516;10,68;2025-11-01 22:00:00.0;nível;0,49
CAIEIRAS;350900703H;SP;Rio Juqueri;-23,3638;-46,7516;10,68;2025-11-01 22:10:00.0;chuva;0,00
CAIEIRAS;350900703H;SP;Rio Juqueri;-23,3638;-46,7516;10,68;2025-11-01 22:40:00.0;nível;10,27
CAIEIRAS;350900703H;SP;Rio Juqueri;-23,3638;-46,7516;10,68;2025-11-01 23:00:00.0;nível;0,47
CAIEIRAS;350900703H;SP;Rio Juqueri;-23,3638;-46,7516;10,68;2025-11-01 23:10:00.0;chuva;0,00
CAIEIRAS;350900703H;SP;Rio Juqueri;-23,3638;-46,7516;10,68;2025-11-02 00:00:00.0;nível;0,48
CAIEIRAS;350900703H;SP;Rio Juqueri;-23,3638;-46,7516;10,68;2025-11-02 00:10:00.0;chuva;0,00
CAIEIRAS;350900703H;SP;Rio Juqueri;-23,3638;-46,7516;10,68;2025-11-02 01:00:00.0;nível;0,45
CAIEIRAS;350900703H;SP;Rio Juqueri;-23,3638;-46,7516;10,68;2025-11-02 01:10:00.0;chuva;0,00
CAIEIRAS;350900703H;SP;Rio Juqueri;-23,3638;-46,7516;10,68;2025-11-02 02:00:00.0;nível;0,49
CAIEIRAS;350900703H;SP;Rio Juqueri;-23,3638;-46,7516;10,68;2025-11-02 02:10:00.0;chuva;0,00
CAIEIRAS;350900703H;SP;Rio Juqueri;-23,3638;-46,7516;10,68;2025-11-02 03:00:00.0;nível;0,39
CAIEIRAS;350900703H;SP;Rio Juqueri;-23,3638;-46,7516;10,68;2025-11-02 03:10:00.0;chuva;0,00
CAIEIRAS;350900703H;SP;Rio Juqueri;-23,3638;-46,7516;10,68;2025-11-02 04:00:00.0;nível;0,41
CAIEIRAS;350900703H;SP;Rio Juqueri;-23,3638;-46,7516;10,68;2025-11-02 04:10:00.0;chuva;0,00
CAIEIRAS;350900703H;SP;Rio Juqueri;-23,3638;-46,7516;10,68;2025-11-02 05:00:00.0;nível;0,49
CAIEIRAS;350900703H;SP;Rio Juqueri;-23,3638;-46,7516;10,68;2025-11-02 05:10:00.0;chuva;0,00
CAIEIRAS;350900703H;SP;Rio Juqueri;-23,3638;-46,7516;10,68;2025-11-02 05:40:00.0;nível;0,39
CAIEIRAS;350900703H;SP;Rio Juqueri;-23,3638;-46,7516;10,68;2025-11-02 05:50:00.0;nível;10,32
CAIEIRAS;350900703H;SP;Rio Juqueri;-23,3638;-46,7516;10,68;2025-11-02 06:00:00.0;nível;10,32
CAIEIRAS;350900703H;SP;Rio Juqueri;-23,3638;-46,7516;10,68;2025-11-02 06:10:00.0;chuva;0,00
CAIEIRAS;350900703H;SP;Rio Juqueri;-23,3638;-46,7516;10,68;2025-11-02 07:00:00.0;nível;10,24
CAIEIRAS;350900703H;SP;Rio Juqueri;-23,3638;-46,7516;10,68;2025-11-02 07:10:00.0;chuva;0,00
CAIEIRAS;350900703H;SP;Rio Juqueri;-23,3638;-46,7516;10,68;2025-11-02 08:00:00.0;nível;10,23
CAIEIRAS;350900703H;SP;Rio Juqueri;-23,3638;-46,7516;10,68;2025-11-02 08:10:00.0;chuva;0,00
CAIEIRAS;350900703H;SP;Rio Juqueri;-23,3638;-46,7516;10,68;2025-11-02 09:00:00.0;nível;10,24
CAIEIRAS;350900703H;SP;Rio Juqueri;-23,3638;-46,7516;10,68;2025-11-02 09:10:00.0;chuva;0,00
CAIEIRAS;350900703H;SP;Rio Juqueri;-23,3638;-46,7516;10,68;2025-11-02 10:00:00.0;nível;10,23
CAIEIRAS;350900703H;SP;Rio Juqueri;-23,3638;-46,7516;10,68;2025-11-02 10:10:00.0;chuva;0,00
CAIEIRAS;350900703H;SP;Rio Juqueri;-23,3638;-46,7516;10,68;2025-11-02 10:50:00.0;nível;10,11
CAIEIRAS;350900703H;SP;Rio Juqueri;-23,3638;-46,7516;10,68;2025-11-02 11:00:00.0;nível;10,07
CAIEIRAS;350900703H;SP;Rio Juqueri;-23,3638;-46,7516;10,68;2025-11-02 11:10:00.0;chuva;0,00
CAIEIRAS;350900703H;SP;Rio Juqueri;-23,3638;-46,7516;10,68;2025-11-02 11:30:00.0;nível;9,94
CAIEIRAS;350900703H;SP;Rio Juqueri;-23,3638;-46,7516;10,68;2025-11-02 12:00:00.0;nível;9,84
CAIEIRAS;350900703H;SP;Rio Juqueri;-23,3638;-46,7516;10,68;2025-11-02 12:10:00.0;chuva;0,00
CAIEIRAS;350900703H;SP;Rio Juqueri;-23,3638;-46,7516;10,68;2025-11-02 12:40:00.0;nível;9,72
CAIEIRAS;350900703H;SP;Rio Juqueri;-23,3638;-46,7516;10,68;2025-11-02 13:00:00.0;nível;9,68
CAIEIRAS;350900703H;SP;Rio Juqueri;-23,3638;-46,7516;10,68;2025-11-02 13:10:00.0;nível;0,49
CAIEIRAS;350900703H;SP;Rio Juqueri;-23,3638;-46,7516;10,68;2025-11-02 13:10:00.0;chuva;0,00
CAIEIRAS;350900703H;SP;Rio Juqueri;-23,3638;-46,7516;10,68;2025-11-02 13:20:00.0;nível;9,68
CAIEIRAS;350900703H;SP;Rio Juqueri;-23,3638;-46,7516;10,68;2025-11-02 13:50:00.0;nível;0,49
CAIEIRAS;350900703H;SP;Rio Juqueri;-23,3638;-46,7516;10,68;2025-11-02 14:00:00.0;nível;9,71
CAIEIRAS;350900703H;SP;Rio Juqueri;-23,3638;-46,7516;10,68;2025-11-02 14:10:00.0;chuva;0,00
CAIEIRAS;350900703H;SP;Rio Juqueri;-23,3638;-46,7516;10,68;2025-11-02 15:00:00.0;nível;0,50
CAIEIRAS;350900703H;SP;Rio Juqueri;-23,3638;-46,7516;10,68;2025-11-02 15:10:00.0;chuva;0,00
CAIEIRAS;350900703H;SP;Rio Juqueri;-23,3638;-46,7516;10,68;2025-11-02 15:20:00.0;nível;9,74
CAIEIRAS;350900703H;SP;Rio Juqueri;-23,3638;-46,7516;10,68;2025-11-02 15:50:00.0;nível;0,48
CAIEIRAS;350900703H;SP;Rio Juqueri;-23,3638;-46,7516;10,68;2025-11-02 16:00:00.0;nível;0,50
CAIEIRAS;350900703H;SP;Rio Juqueri;-23,3638;-46,7516;10,68;2025-11-02 16:10:00.0;chuva;0,00
CAIEIRAS;350900703H;SP;Rio Juqueri;-23,3638;-46,7516;10,68;2025-11-02 16:20:00.0;nível;9,75
CAIEIRAS;350900703H;SP;Rio Juqueri;-23,3638;-46,7516;10,68;2025-11-02 17:00:00.0;nível;9,74
CAIEIRAS;350900703H;SP;Rio Juqueri;-23,3638;-46,7516;10,68;2025-11-02 17:10:00.0;chuva;0,00
CAIEIRAS;350900703H;SP;Rio Juqueri;-23,3638;-46,7516;10,68;2025-11-02 18:00:00.0;nível;9,77
CAIEIRAS;350900703H;SP;Rio Juqueri;-23,3638;-46,7516;10,68;2025-11-02 18:10:00.0;chuva;0,00
CAIEIRAS;350900703H;SP;Rio Juqueri;-23,3638;-46,7516;10,68;2025-11-02 18:20:00.0;nível;0,48
CAIEIRAS;350900703H;SP;Rio Juqueri;-23,3638;-46,7516;10,68;2025-11-02 19:00:00.0;nível;0,46
CAIEIRAS;350900703H;SP;Rio Juqueri;-23,3638;-46,7516;10,68;2025-11-02 19:10:00.0;chuva;0,00
CAIEIRAS;350900703H;SP;Rio Juqueri;-23,3638;-46,7516;10,68;2025-11-02 20:00:00.0;nível;0,40
CAIEIRAS;350900703H;SP;Rio Juqueri;-23,3638;-46,7516;10,68;2025-11-02 20:10:00.0;chuva;0,00
CAIEIRAS;350900703H;SP;Rio Juqueri;-23,3638;-46,7516;10,68;2025-11-02 20:20:00.0;nível;2,29
CAIEIRAS;350900703H;SP;Rio Juqueri;-23,3638;-46,7516;10,68;2025-11-02 20:30:00.0;nível;0,46
CAIEIRAS;350900703H;SP;Rio Juqueri;-23,3638;-46,7516;10,68;2025-11-02 21:00:00.0;nível;0,46
CAIEIRAS;350900703H;SP;Rio Juqueri;-23,3638;-46,7516;10,68;2025-11-02 21:10:00.0;chuva;0,00
CAIEIRAS;350900703H;SP;Rio Juqueri;-23,3638;-46,7516;10,68;2025-11-02 22:00:00.0;nível;0,43
CAIEIRAS;350900703H;SP;Rio Juqueri;-23,3638;-46,7516;10,68;2025-11-02 22:10:00.0;nível;10,00
CAIEIRAS;350900703H;SP;Rio Juqueri;-23,3638;-46,7516;10,68;2025-11-02 22:10:00.0;chuva;0,00
CAIEIRAS;350900703H;SP;Rio Juqueri;-23,3638;-46,7516;10,68;2025-11-02 23:00:00.0;nível;10,05
CAIEIRAS;350900703H;SP;Rio Juqueri;-23,3638;-46,7516;10,68;2025-11-02 23:10:00.0;chuva;0,00
CAIEIRAS;350900703H;SP;Rio Juqueri;-23,3638;-46,7516;10,68;2025-11-03 00:00:00.0;nível;10,08
CAIEIRAS;350900703H;SP;Rio Juqueri;-23,3638;-46,7516;10,68;2025-11-03 00:10:00.0;chuva;0,00
CAIEIRAS;350900703H;SP;Rio Juqueri;-23,3638;-46,7516;10,68;2025-11-03 01:00:00.0;nível;10,12
CAIEIRAS;350900703H;SP;Rio Juqueri;-23,3638;-46,7516;10,68;2025-11-03 01:10:00.0;chuva;0,00
CAIEIRAS;350900703H;SP;Rio Juqueri;-23,3638;-46,7516;10,68;2025-11-03 02:00:00.0;nível;10,14
CAIEIRAS;350900703H;SP;Rio Juqueri;-23,3638;-46,7516;10,68;2025-11-03 02:10:00.0;chuva;0,00
CAIEIRAS;350900703H;SP;Rio Juqueri;-23,3638;-46,7516;10,68;2025-11-03 03:00:00.0;nível;10,17
CAIEIRAS;350900703H;SP;Rio Juqueri;-23,3638;-46,7516;10,68;2025-11-03 03:10:00.0;chuva;0,00
CAIEIRAS;350900703H;SP;Rio Juqueri;-23,3638;-46,7516;10,68;2025-11-03 04:00:00.0;nível;10,18
CAIEIRAS;350900703H;SP;Rio Juqueri;-23,3638;-46,7516;10,68;2025-11-03 04:10:00.0;chuva;0,00
CAIEIRAS;350900703H;SP;Rio Juqueri;-23,3638;-46,7516;10,68;2025-11-03 05:00:00.0;nível;10,20
CAIEIRAS;350900703H;SP;Rio Juqueri;-23,3638;-46,7516;10,68;2025-11-03 05:10:00.0;chuva;0,00
CAIEIRAS;350900703H;SP;Rio Juqueri;-23,3638;-46,7516;10,68;2025-11-03 06:00:00.0;nível;10,22
CAIEIRAS;350900703H;SP;Rio Juqueri;-23,3638;-46,7516;10,68;2025-11-03 06:10:00.0;chuva;0,00
CAIEIRAS;350900703H;SP;Rio Juqueri;-23,3638;-46,7516;10,68;2025-11-03 07:00:00.0;nível;10,24
CAIEIRAS;350900703H;SP;Rio Juqueri;-23,3638;-46,7516;10,68;2025-11-03 07:10:00.0;chuva;0,00
CAIEIRAS;350900703H;SP;Rio Juqueri;-23,3638;-46,7516;10,68;2025-11-03 08:00:00.0;nível;10,25
CAIEIRAS;350900703H;SP;Rio Juqueri;-23,3638;-46,7516;10,68;2025-11-03 08:10:00.0;chuva;0,00
CAIEIRAS;350900703H;SP;Rio Juqueri;-23,3638;-46,7516;10,68;2025-11-03 09:00:00.0;nível;10,26
CAIEIRAS;350900703H;SP;Rio Juqueri;-23,3638;-46,7516;10,68;2025-11-03 09:10:00.0;chuva;0,00
CAIEIRAS;350900703H;SP;Rio Juqueri;-23,3638;-46,7516;10,68;2025-11-03 09:30:00.0;nível;0,40
CAIEIRAS;350900703H;SP;Rio Juqueri;-23,3638;-46,7516;10,68;2025-11-03 10:00:00.0;nível;0,42
CAIEIRAS;350900703H;SP;Rio Juqueri;-23,3638;-46,7516;10,68;2025-11-03 10:10:00.0;nível;10,26
CAIEIRAS;350900703H;SP;Rio Juqueri;-23,3638;-46,7516;10,68;2025-11-03 10:10:00.0;chuva;0,00
CAIEIRAS;350900703H;SP;Rio Juqueri;-23,3638;-46,7516;10,68;2025-11-03 10:20:00.0;nível;0,44
CAIEIRAS;350900703H;SP;Rio Juqueri;-23,3638;-46,7516;10,68;2025-11-03 11:00:00.0;nível;0,43
CAIEIRAS;350900703H;SP;Rio Juqueri;-23,3638;-46,7516;10,68;2025-11-03 11:10:00.0;chuva;0,00
CAIEIRAS;350900703H;SP;Rio Juqueri;-23,3638;-46,7516;10,68;2025-11-03 11:30:00.0;nível;0,81
CAIEIRAS;350900703H;SP;Rio Juqueri;-23,3638;-46,7516;10,68;2025-11-03 11:40:00.0;nível;0,43
CAIEIRAS;350900703H;SP;Rio Juqueri;-23,3638;-46,7516;10,68;2025-11-03 12:00:00.0;nível;10,26
CAIEIRAS;350900703H;SP;Rio Juqueri;-23,3638;-46,7516;10,68;2025-11-03 12:10:00.0;chuva;0,00
CAIEIRAS;350900703H;SP;Rio Juqueri;-23,3638;-46,7516;10,68;2025-11-03 12:20:00.0;nível;0,44
CAIEIRAS;350900703H;SP;Rio Juqueri;-23,3638;-46,7516;10,68;2025-11-03 12:50:00.0;nível;4,97
CAIEIRAS;350900703H;SP;Rio Juqueri;-23,3638;-46,7516;10,68;2025-11-03 13:00:00.0;nível;0,40
CAIEIRAS;350900703H;SP;Rio Juqueri;-23,3638;-46,7516;10,68;2025-11-03 13:10:00.0;chuva;0,00
CAIEIRAS;350900703H;SP;Rio Juqueri;-23,3638;-46,7516;10,68;2025-11-03 13:20:00.0;nível;10,10
CAIEIRAS;350900703H;SP;Rio Juqueri;-23,3638;-46,7516;10,68;2025-11-03 13:30:00.0;nível;0,45
CAIEIRAS;350900703H;SP;Rio Juqueri;-23,3638;-46,7516;10,68;2025-11-03 14:00:00.0;nível;0,42
CAIEIRAS;350900703H;SP;Rio Juqueri;-23,3638;-46,7516;10,68;2025-11-03 14:10:00.0;nível;3,02
CAIEIRAS;350900703H;SP;Rio Juqueri;-23,3638;-46,7516;10,68;2025-11-03 14:10:00.0;chuva;0,00
CAIEIRAS;350900703H;SP;Rio Juqueri;-23,3638;-46,7516;10,68;2025-11-03 14:20:00.0;nível;0,44
CAIEIRAS;350900703H;SP;Rio Juqueri;-23,3638;-46,7516;10,68;2025-11-03 14:30:00.0;nível;10,25
CAIEIRAS;350900703H;SP;Rio Juqueri;-23,3638;-46,7516;10,68;2025-11-03 14:50:00.0;nível;0,42
CAIEIRAS;350900703H;SP;Rio Juqueri;-23,3638;-46,7516;10,68;2025-11-03 15:00:00.0;nível;0,45
CAIEIRAS;350900703H;SP;Rio Juqueri;-23,3638;-46,7516;10,68;2025-11-03 15:10:00.0;nível;10,26
CAIEIRAS;350900703H;SP;Rio Juqueri;-23,3638;-46,7516;10,68;2025-11-03 15:10:00.0;chuva;0,00
CAIEIRAS;350900703H;SP;Rio Juqueri;-23,3638;-46,7516;10,68;2025-11-03 15:40:00.0;nível;1,83
CAIEIRAS;350900703H;SP;Rio Juqueri;-23,3638;-46,7516;10,68;2025-11-03 15:50:00.0;nível;10,26
CAIEIRAS;350900703H;SP;Rio Juqueri;-23,3638;-46,7516;10,68;2025-11-03 16:00:00.0;nível;10,25
CAIEIRAS;350900703H;SP;Rio Juqueri;-23,3638;-46,7516;10,68;2025-11-03 16:10:00.0;nível;0,42
CAIEIRAS;350900703H;SP;Rio Juqueri;-23,3638;-46,7516;10,68;2025-11-03 16:10:00.0;chuva;0,00
CAIEIRAS;350900703H;SP;Rio Juqueri;-23,3638;-46,7516;10,68;2025-11-03 16:20:00.0;nível;10,25
CAIEIRAS;350900703H;SP;Rio Juqueri;-23,3638;-46,7516;10,68;2025-11-03 16:40:00.0;nível;0,46
CAIEIRAS;350900703H;SP;Rio Juqueri;-23,3638;-46,7516;10,68;2025-11-03 16:50:00.0;nível;10,24
CAIEIRAS;350900703H;SP;Rio Juqueri;-23,3638;-46,7516;10,68;2025-11-03 17:00:00.0;nível;10,24
CAIEIRAS;350900703H;SP;Rio Juqueri;-23,3638;-46,7516;10,68;2025-11-03 17:10:00.0;chuva;0,00
CAIEIRAS;350900703H;SP;Rio Juqueri;-23,3638;-46,7516;10,68;2025-11-03 17:30:00.0;nível;0,48
CAIEIRAS;350900703H;SP;Rio Juqueri;-23,3638;-46,7516;10,68;2025-11-03 17:40:00.0;nível;10,24
CAIEIRAS;350900703H;SP;Rio Juqueri;-23,3638;-46,7516;10,68;2025-11-03 18:00:00.0;nível;10,25
CAIEIRAS;350900703H;SP;Rio Juqueri;-23,3638;-46,7516;10,68;2025-11-03 18:10:00.0;chuva;0,00
CAIEIRAS;350900703H;SP;Rio Juqueri;-23,3638;-46,7516;10,68;2025-11-03 18:30:00.0;nível;0,46
CAIEIRAS;350900703H;SP;Rio Juqueri;-23,3638;-46,7516;10,68;2025-11-03 18:40:00.0;nível;10,25
CAIEIRAS;350900703H;SP;Rio Juqueri;-23,3638;-46,7516;10,68;2025-11-03 19:00:00.0;nível;10,25
CAIEIRAS;350900703H;SP;Rio Juqueri;-23,3638;-46,7516;10,68;2025-11-03 19:10:00.0;chuva;0,00
CAIEIRAS;350900703H;SP;Rio Juqueri;-23,3638;-46,7516;10,68;2025-11-03 19:30:00.0;nível;0,46
CAIEIRAS;350900703H;SP;Rio Juqueri;-23,3638;-46,7516;10,68;2025-11-03 19:40:00.0;nível;10,25
CAIEIRAS;350900703H;SP;Rio Juqueri;-23,3638;-46,7516;10,68;2025-11-03 20:00:00.0;nível;10,25
CAIEIRAS;350900703H;SP;Rio Juqueri;-23,3638;-46,7516;10,68;2025-11-03 20:10:00.0;nível;0,43
CAIEIRAS;350900703H;SP;Rio Juqueri;-23,3638;-46,7516;10,68;2025-11-03 20:10:00.0;chuva;0,00
CAIEIRAS;350900703H;SP;Rio Juqueri;-23,3638;-46,7516;10,68;2025-11-03 20:20:00.0;nível;10,25
CAIEIRAS;350900703H;SP;Rio Juqueri;-23,3638;-46,7516;10,68;2025-11-03 21:00:00.0;nível;0,45
CAIEIRAS;350900703H;SP;Rio Juqueri;-23,3638;-46,7516;10,68;2025-11-03 21:10:00.0;chuva;0,00
CAIEIRAS;350900703H;SP;Rio Juqueri;-23,3638;-46,7516;10,68;2025-11-03 22:00:00.0;nível;0,43
CAIEIRAS;350900703H;SP;Rio Juqueri;-23,3638;-46,7516;10,68;2025-11-03 22:10:00.0;chuva;0,00
CAIEIRAS;350900703H;SP;Rio Juqueri;-23,3638;-46,7516;10,68;2025-11-03 22:40:00.0;nível;10,25
CAIEIRAS;350900703H;SP;Rio Juqueri;-23,3638;-46,7516;10,68;2025-11-03 22:50:00.0;nível;0,40
CAIEIRAS;350900703H;SP;Rio Juqueri;-23,3638;-46,7516;10,68;2025-11-03 23:00:00.0;nível;10,25
CAIEIRAS;350900703H;SP;Rio Juqueri;-23,3638;-46,7516;10,68;2025-11-03 23:10:00.0;chuva;0,00
CAIEIRAS;350900703H;SP;Rio Juqueri;-23,3638;-46,7516;10,68;2025-11-03 23:50:00.0;nível;0,40
CAIEIRAS;350900703H;SP;Rio Juqueri;-23,3638;-46,7516;10,68;2025-11-04 00:00:00.0;nível;0,40
CAIEIRAS;350900703H;SP;Rio Juqueri;-23,3638;-46,7516;10,68;2025-11-04 00:10:00.0;nível;10,25
CAIEIRAS;350900703H;SP;Rio Juqueri;-23,3638;-46,7516;10,68;2025-11-04 00:10:00.0;chuva;0,00
CAIEIRAS;350900703H;SP;Rio Juqueri;-23,3638;-46,7516;10,68;2025-11-04 01:00:00.0;nível;10,26
CAIEIRAS;350900703H;SP;Rio Juqueri;-23,3638;-46,7516;10,68;2025-11-04 01:10:00.0;chuva;0,00
CAIEIRAS;350900703H;SP;Rio Juqueri;-23,3638;-46,7516;10,68;2025-11-04 02:00:00.0;nível;10,27
CAIEIRAS;350900703H;SP;Rio Juqueri;-23,3638;-46,7516;10,68;2025-11-04 02:10:00.0;chuva;0,00
CAIEIRAS;350900703H;SP;Rio Juqueri;-23,3638;-46,7516;10,68;2025-11-04 03:00:00.0;nível;10,27
CAIEIRAS;350900703H;SP;Rio Juqueri;-23,3638;-46,7516;10,68;2025-11-04 03:10:00.0;chuva;0,00
CAIEIRAS;350900703H;SP;Rio Juqueri;-23,3638;-46,7516;10,68;2025-11-04 04:00:00.0;nível;0,47
CAIEIRAS;350900703H;SP;Rio Juqueri;-23,3638;-46,7516;10,68;2025-11-04 04:10:00.0;chuva;0,00
CAIEIRAS;350900703H;SP;Rio Juqueri;-23,3638;-46,7516;10,68;2025-11-04 04:50:00.0;nível;10,28
CAIEIRAS;350900703H;SP;Rio Juqueri;-23,3638;-46,7516;10,68;2025-11-04 05:00:00.0;nível;10,29
CAIEIRAS;350900703H;SP;Rio Juqueri;-23,3638;-46,7516;10,68;2025-11-04 05:10:00.0;chuva;0,00
CAIEIRAS;350900703H;SP;Rio Juqueri;-23,3638;-46,7516;10,68;2025-11-04 06:00:00.0;nível;10,30
CAIEIRAS;350900703H;SP;Rio Juqueri;-23,3638;-46,7516;10,68;2025-11-04 06:10:00.0;chuva;0,00
CAIEIRAS;350900703H;SP;Rio Juqueri;-23,3638;-46,7516;10,68;2025-11-04 06:20:00.0;nível;0,47
CAIEIRAS;350900703H;SP;Rio Juqueri;-23,3638;-46,7516;10,68;2025-11-04 06:30:00.0;nível;10,30
CAIEIRAS;350900703H;SP;Rio Juqueri;-23,3638;-46,7516;10,68;2025-11-04 07:00:00.0;nível;10,31
CAIEIRAS;350900703H;SP;Rio Juqueri;-23,3638;-46,7516;10,68;2025-11-04 07:10:00.0;chuva;0,00
CAIEIRAS;350900703H;SP;Rio Juqueri;-23,3638;-46,7516;10,68;2025-11-04 08:00:00.0;nível;10,32
CAIEIRAS;350900703H;SP;Rio Juqueri;-23,3638;-46,7516;10,68;2025-11-04 08:10:00.0;chuva;0,00
CAIEIRAS;350900703H;SP;Rio Juqueri;-23,3638;-46,7516;10,68;2025-11-04 09:00:00.0;nível;10,32
CAIEIRAS;350900703H;SP;Rio Juqueri;-23,3638;-46,7516;10,68;2025-11-04 09:10:00.0;chuva;0,00
CAIEIRAS;350900703H;SP;Rio Juqueri;-23,3638;-46,7516;10,68;2025-11-04 10:00:00.0;nível;10,32
CAIEIRAS;350900703H;SP;Rio Juqueri;-23,3638;-46,7516;10,68;2025-11-04 10:10:00.0;chuva;0,00
CAIEIRAS;350900703H;SP;Rio Juqueri;-23,3638;-46,7516;10,68;2025-11-04 11:00:00.0;nível;10,32
CAIEIRAS;350900703H;SP;Rio Juqueri;-23,3638;-46,7516;10,68;2025-11-04 11:10:00.0;chuva;0,00
CAIEIRAS;350900703H;SP;Rio Juqueri;-23,3638;-46,7516;10,68;2025-11-04 11:40:00.0;nível;0,44
CAIEIRAS;350900703H;SP;Rio Juqueri;-23,3638;-46,7516;10,68;2025-11-04 12:00:00.0;nível;10,32
CAIEIRAS;350900703H;SP;Rio Juqueri;-23,3638;-46,7516;10,68;2025-11-04 12:10:00.0;chuva;0,00
CAIEIRAS;350900703H;SP;Rio Juqueri;-23,3638;-46,7516;10,68;2025-11-04 13:00:00.0;nível;10,32
CAIEIRAS;350900703H;SP;Rio Juqueri;-23,3638;-46,7516;10,68;2025-11-04 13:10:00.0;chuva;0,00
CAIEIRAS;350900703H;SP;Rio Juqueri;-23,3638;-46,7516;10,68;2025-11-04 14:00:00.0;nível;10,32
CAIEIRAS;350900703H;SP;Rio Juqueri;-23,3638;-46,7516;10,68;2025-11-04 14:10:00.0;nível;9,80
CAIEIRAS;350900703H;SP;Rio Juqueri;-23,3638;-46,7516;10,68;2025-11-04 14:10:00.0;chuva;0,00
CAIEIRAS;350900703H;SP;Rio Juqueri;-23,3638;-46,7516;10,68;2025-11-04 14:20:00.0;nível;4,50
CAIEIRAS;350900703H;SP;Rio Juqueri;-23,3638;-46,7516;10,68;2025-11-04 14:30:00.0;nível;10,32
CAIEIRAS;350900703H;SP;Rio Juqueri;-23,3638;-46,7516;10,68;2025-11-04 15:00:00.0;nível;10,32
CAIEIRAS;350900703H;SP;Rio Juqueri;-23,3638;-46,7516;10,68;2025-11-04 15:10:00.0;nível;0,50
CAIEIRAS;350900703H;SP;Rio Juqueri;-23,3638;-46,7516;10,68;2025-11-04 15:10:00.0;chuva;0,00
CAIEIRAS;350900703H;SP;Rio Juqueri;-23,3638;-46,7516;10,68;2025-11-04 15:30:00.0;nível;10,32
CAIEIRAS;350900703H;SP;Rio Juqueri;-23,3638;-46,7516;10,68;2025-11-04 15:50:00.0;nível;0,47
CAIEIRAS;350900703H;SP;Rio Juqueri;-23,3638;-46,7516;10,68;2025-11-04 16:00:00.0;nível;0,50
CAIEIRAS;350900703H;SP;Rio Juqueri;-23,3638;-46,7516;10,68;2025-11-04 16:10:00.0;nível;10,31
CAIEIRAS;350900703H;SP;Rio Juqueri;-23,3638;-46,7516;10,68;2025-11-04 16:10:00.0;chuva;0,00
CAIEIRAS;350900703H;SP;Rio Juqueri;-23,3638;-46,7516;10,68;2025-11-04 16:30:00.0;nível;0,45
CAIEIRAS;350900703H;SP;Rio Juqueri;-23,3638;-46,7516;10,68;2025-11-04 16:40:00.0;nível;0,61
CAIEIRAS;350900703H;SP;Rio Juqueri;-23,3638;-46,7516;10,68;2025-11-04 16:50:00.0;nível;10,32
CAIEIRAS;350900703H;SP;Rio Juqueri;-23,3638;-46,7516;10,68;2025-11-04 17:00:00.0;nível;10,31
CAIEIRAS;350900703H;SP;Rio Juqueri;-23,3638;-46,7516;10,68;2025-11-04 17:10:00.0;nível;0,46
CAIEIRAS;350900703H;SP;Rio Juqueri;-23,3638;-46,7516;10,68;2025-11-04 17:10:00.0;chuva;0,00
CAIEIRAS;350900703H;SP;Rio Juqueri;-23,3638;-46,7516;10,68;2025-11-04 17:30:00.0;nível;10,32
CAIEIRAS;350900703H;SP;Rio Juqueri;-23,3638;-46,7516;10,68;2025-11-04 18:00:00.0;nível;10,32
CAIEIRAS;350900703H;SP;Rio Juqueri;-23,3638;-46,7516;10,68;2025-11-04 18:10:00.0;chuva;0,00
CAIEIRAS;350900703H;SP;Rio Juqueri;-23,3638;-46,7516;10,68;2025-11-04 18:20:00.0;nível;0,54
CAIEIRAS;350900703H;SP;Rio Juqueri;-23,3638;-46,7516;10,68;2025-11-04 18:30:00.0;nível;10,32
CAIEIRAS;350900703H;SP;Rio Juqueri;-23,3638;-46,7516;10,68;2025-11-04 19:00:00.0;nível;10,32
CAIEIRAS;350900703H;SP;Rio Juqueri;-23,3638;-46,7516;10,68;2025-11-04 19:10:00.0;chuva;0,00
CAIEIRAS;350900703H;SP;Rio Juqueri;-23,3638;-46,7516;10,68;2025-11-04 19:50:00.0;nível;0,49
CAIEIRAS;350900703H;SP;Rio Juqueri;-23,3638;-46,7516;10,68;2025-11-04 20:00:00.0;nível;10,31
CAIEIRAS;350900703H;SP;Rio Juqueri;-23,3638;-46,7516;10,68;2025-11-04 20:10:00.0;chuva;0,00
CAIEIRAS;350900703H;SP;Rio Juqueri;-23,3638;-46,7516;10,68;2025-11-04 21:00:00.0;nível;10,30
CAIEIRAS;350900703H;SP;Rio Juqueri;-23,3638;-46,7516;10,68;2025-11-04 21:10:00.0;chuva;0,00
CAIEIRAS;350900703H;SP;Rio Juqueri;-23,3638;-46,7516;10,68;2025-11-04 22:00:00.0;nível;10,30
CAIEIRAS;350900703H;SP;Rio Juqueri;-23,3638;-46,7516;10,68;2025-11-04 22:10:00.0;chuva;0,00
CAIEIRAS;350900703H;SP;Rio Juqueri;-23,3638;-46,7516;10,68;2025-11-04 23:00:00.0;nível;10,31
CAIEIRAS;350900703H;SP;Rio Juqueri;-23,3638;-46,7516;10,68;2025-11-04 23:10:00.0;nível;0,55
CAIEIRAS;350900703H;SP;Rio Juqueri;-23,3638;-46,7516;10,68;2025-11-04 23:10:00.0;chuva;0,00
CAIEIRAS;350900703H;SP;Rio Juqueri;-23,3638;-46,7516;10,68;2025-11-04 23:40:00.0;nível;10,32
CAMPINAS;350950230H;SP;Córrego Serafim;-22,893;-47,06;0,00;2025-11-01 00:00:00.0;nível;35,00
CAMPINAS;350950230H;SP;Córrego Serafim;-22,893;-47,06;0,00;2025-11-01 00:10:00.0;chuva;0,00
CAMPINAS;350950230H;SP;Córrego Serafim;-22,893;-47,06;0,00;2025-11-01 01:00:00.0;nível;35,00
CAMPINAS;350950230H;SP;Córrego Serafim;-22,893;-47,06;0,00;2025-11-01 01:10:00.0;chuva;0,00
CAMPINAS;350950230H;SP;Córrego Serafim;-22,893;-47,06;0,00;2025-11-01 02:00:00.0;nível;35,00
CAMPINAS;350950230H;SP;Córrego Serafim;-22,893;-47,06;0,00;2025-11-01 02:10:00.0;chuva;0,00
CAMPINAS;350950230H;SP;Córrego Serafim;-22,893;-47,06;0,00;2025-11-01 03:00:00.0;nível;35,00
CAMPINAS;350950230H;SP;Córrego Serafim;-22,893;-47,06;0,00;2025-11-01 03:10:00.0;chuva;0,00
CAMPINAS;350950230H;SP;Córrego Serafim;-22,893;-47,06;0,00;2025-11-01 04:00:00.0;nível;35,00
CAMPINAS;350950230H;SP;Córrego Serafim;-22,893;-47,06;0,00;2025-11-01 04:10:00.0;chuva;0,00
CAMPINAS;350950230H;SP;Córrego Serafim;-22,893;-47,06;0,00;2025-11-01 05:00:00.0;nível;35,00
CAMPINAS;350950230H;SP;Córrego Serafim;-22,893;-47,06;0,00;2025-11-01 05:10:00.0;chuva;0,00
CAMPINAS;350950230H;SP;Córrego Serafim;-22,893;-47,06;0,00;2025-11-01 06:00:00.0;nível;35,00
CAMPINAS;350950230H;SP;Córrego Serafim;-22,893;-47,06;0,00;2025-11-01 06:10:00.0;chuva;0,00
CAMPINAS;350950230H;SP;Córrego Serafim;-22,893;-47,06;0,00;2025-11-01 07:00:00.0;nível;35,00
CAMPINAS;350950230H;SP;Córrego Serafim;-22,893;-47,06;0,00;2025-11-01 07:10:00.0;chuva;0,00
CAMPINAS;350950230H;SP;Córrego Serafim;-22,893;-47,06;0,00;2025-11-01 08:00:00.0;nível;35,00
CAMPINAS;350950230H;SP;Córrego Serafim;-22,893;-47,06;0,00;2025-11-01 08:10:00.0;chuva;0,00
CAMPINAS;350950230H;SP;Córrego Serafim;-22,893;-47,06;0,00;2025-11-01 09:00:00.0;nível;35,00
CAMPINAS;350950230H;SP;Córrego Serafim;-22,893;-47,06;0,00;2025-11-01 09:10:00.0;chuva;0,00
CAMPINAS;350950230H;SP;Córrego Serafim;-22,893;-47,06;0,00;2025-11-01 10:00:00.0;nível;35,00
CAMPINAS;350950230H;SP;Córrego Serafim;-22,893;-47,06;0,00;2025-11-01 10:10:00.0;chuva;0,00
CAMPINAS;350950230H;SP;Córrego Serafim;-22,893;-47,06;0,00;2025-11-01 11:00:00.0;nível;35,00
CAMPINAS;350950230H;SP;Córrego Serafim;-22,893;-47,06;0,00;2025-11-01 11:10:00.0;chuva;0,00
CAMPINAS;350950230H;SP;Córrego Serafim;-22,893;-47,06;0,00;2025-11-01 12:00:00.0;nível;35,00
CAMPINAS;350950230H;SP;Córrego Serafim;-22,893;-47,06;0,00;2025-11-01 12:10:00.0;chuva;0,00
CAMPINAS;350950230H;SP;Córrego Serafim;-22,893;-47,06;0,00;2025-11-01 13:00:00.0;nível;35,00
CAMPINAS;350950230H;SP;Córrego Serafim;-22,893;-47,06;0,00;2025-11-01 13:10:00.0;chuva;0,00
CAMPINAS;350950230H;SP;Córrego Serafim;-22,893;-47,06;0,00;2025-11-01 14:00:00.0;nível;35,00
CAMPINAS;350950230H;SP;Córrego Serafim;-22,893;-47,06;0,00;2025-11-01 14:10:00.0;chuva;0,00
CAMPINAS;350950230H;SP;Córrego Serafim;-22,893;-47,06;0,00;2025-11-01 15:00:00.0;nível;35,00
CAMPINAS;350950230H;SP;Córrego Serafim;-22,893;-47,06;0,00;2025-11-01 15:10:00.0;chuva;0,00
CAMPINAS;350950230H;SP;Córrego Serafim;-22,893;-47,06;0,00;2025-11-01 16:00:00.0;nível;35,00
CAMPINAS;350950230H;SP;Córrego Serafim;-22,893;-47,06;0,00;2025-11-01 16:10:00.0;chuva;0,00
CAMPINAS;350950230H;SP;Córrego Serafim;-22,893;-47,06;0,00;2025-11-01 17:00:00.0;nível;35,00
CAMPINAS;350950230H;SP;Córrego Serafim;-22,893;-47,06;0,00;2025-11-01 17:10:00.0;chuva;0,00
CAMPINAS;350950230H;SP;Córrego Serafim;-22,893;-47,06;0,00;2025-11-01 18:00:00.0;nível;35,00
CAMPINAS;350950230H;SP;Córrego Serafim;-22,893;-47,06;0,00;2025-11-01 18:10:00.0;chuva;0,00
CAMPINAS;350950230H;SP;Córrego Serafim;-22,893;-47,06;0,00;2025-11-01 19:00:00.0;nível;35,00
CAMPINAS;350950230H;SP;Córrego Serafim;-22,893;-47,06;0,00;2025-11-01 19:10:00.0;chuva;0,00
CAMPINAS;350950230H;SP;Córrego Serafim;-22,893;-47,06;0,00;2025-11-01 20:00:00.0;nível;35,00
CAMPINAS;350950230H;SP;Córrego Serafim;-22,893;-47,06;0,00;2025-11-01 20:10:00.0;chuva;0,00
CAMPINAS;350950230H;SP;Córrego Serafim;-22,893;-47,06;0,00;2025-11-01 21:00:00.0;nível;35,00
CAMPINAS;350950230H;SP;Córrego Serafim;-22,893;-47,06;0,00;2025-11-01 21:10:00.0;chuva;0,00
CAMPINAS;350950230H;SP;Córrego Serafim;-22,893;-47,06;0,00;2025-11-01 22:00:00.0;nível;35,00
CAMPINAS;350950230H;SP;Córrego Serafim;-22,893;-47,06;0,00;2025-11-01 22:10:00.0;chuva;0,00
CAMPINAS;350950230H;SP;Córrego Serafim;-22,893;-47,06;0,00;2025-11-01 23:00:00.0;nível;35,00
CAMPINAS;350950230H;SP;Córrego Serafim;-22,893;-47,06;0,00;2025-11-01 23:10:00.0;chuva;0,00
CAMPINAS;350950230H;SP;Córrego Serafim;-22,893;-47,06;0,00;2025-11-02 00:00:00.0;nível;35,00
CAMPINAS;350950230H;SP;Córrego Serafim;-22,893;-47,06;0,00;2025-11-02 00:10:00.0;chuva;0,00
CAMPINAS;350950230H;SP;Córrego Serafim;-22,893;-47,06;0,00;2025-11-02 01:00:00.0;nível;35,00
CAMPINAS;350950230H;SP;Córrego Serafim;-22,893;-47,06;0,00;2025-11-02 01:10:00.0;chuva;0,00
CAMPINAS;350950230H;SP;Córrego Serafim;-22,893;-47,06;0,00;2025-11-02 02:00:00.0;nível;35,00
CAMPINAS;350950230H;SP;Córrego Serafim;-22,893;-47,06;0,00;2025-11-02 02:10:00.0;chuva;0,00
CAMPINAS;350950230H;SP;Córrego Serafim;-22,893;-47,06;0,00;2025-11-02 03:00:00.0;nível;35,00
CAMPINAS;350950230H;SP;Córrego Serafim;-22,893;-47,06;0,00;2025-11-02 03:10:00.0;chuva;0,00
CAMPINAS;350950230H;SP;Córrego Serafim;-22,893;-47,06;0,00;2025-11-02 04:00:00.0;nível;35,00
CAMPINAS;350950230H;SP;Córrego Serafim;-22,893;-47,06;0,00;2025-11-02 04:10:00.0;chuva;0,00
CAMPINAS;350950230H;SP;Córrego Serafim;-22,893;-47,06;0,00;2025-11-02 05:00:00.0;chuva;0,40
CAMPINAS;350950230H;SP;Córrego Serafim;-22,893;-47,06;0,00;2025-11-02 05:00:00.0;nível;35,00
CAMPINAS;350950230H;SP;Córrego Serafim;-22,893;-47,06;0,00;2025-11-02 05:10:00.0;chuva;0,20
CAMPINAS;350950230H;SP;Córrego Serafim;-22,893;-47,06;0,00;2025-11-02 05:20:00.0;chuva;0,20
CAMPINAS;350950230H;SP;Córrego Serafim;-22,893;-47,06;0,00;2025-11-02 06:00:00.0;nível;35,00
CAMPINAS;350950230H;SP;Córrego Serafim;-22,893;-47,06;0,00;2025-11-02 06:10:00.0;chuva;0,00
CAMPINAS;350950230H;SP;Córrego Serafim;-22,893;-47,06;0,00;2025-11-02 07:00:00.0;nível;35,00
CAMPINAS;350950230H;SP;Córrego Serafim;-22,893;-47,06;0,00;2025-11-02 07:10:00.0;chuva;0,00
CAMPINAS;350950230H;SP;Córrego Serafim;-22,893;-47,06;0,00;2025-11-02 07:30:00.0;chuva;0,20
CAMPINAS;350950230H;SP;Córrego Serafim;-22,893;-47,06;0,00;2025-11-02 07:50:00.0;chuva;0,20
CAMPINAS;350950230H;SP;Córrego Serafim;-22,893;-47,06;0,00;2025-11-02 08:00:00.0;chuva;0,20
CAMPINAS;350950230H;SP;Córrego Serafim;-22,893;-47,06;0,00;2025-11-02 08:00:00.0;nível;35,00
CAMPINAS;350950230H;SP;Córrego Serafim;-22,893;-47,06;0,00;2025-11-02 08:30:00.0;chuva;0,20
CAMPINAS;350950230H;SP;Córrego Serafim;-22,893;-47,06;0,00;2025-11-02 08:40:00.0;chuva;3,00
CAMPINAS;350950230H;SP;Córrego Serafim;-22,893;-47,06;0,00;2025-11-02 08:50:00.0;chuva;0,80
CAMPINAS;350950230H;SP;Córrego Serafim;-22,893;-47,06;0,00;2025-11-02 09:00:00.0;chuva;0,40
CAMPINAS;350950230H;SP;Córrego Serafim;-22,893;-47,06;0,00;2025-11-02 09:00:00.0;nível;35,00
CAMPINAS;350950230H;SP;Córrego Serafim;-22,893;-47,06;0,00;2025-11-02 09:10:00.0;chuva;4,00
CAMPINAS;350950230H;SP;Córrego Serafim;-22,893;-47,06;0,00;2025-11-02 09:20:00.0;chuva;1,40
CAMPINAS;350950230H;SP;Córrego Serafim;-22,893;-47,06;0,00;2025-11-02 09:30:00.0;chuva;1,00
CAMPINAS;350950230H;SP;Córrego Serafim;-22,893;-47,06;0,00;2025-11-02 09:40:00.0;chuva;0,60
CAMPINAS;350950230H;SP;Córrego Serafim;-22,893;-47,06;0,00;2025-11-02 09:50:00.0;chuva;0,60
CAMPINAS;350950230H;SP;Córrego Serafim;-22,893;-47,06;0,00;2025-11-02 10:00:00.0;chuva;0,40
CAMPINAS;350950230H;SP;Córrego Serafim;-22,893;-47,06;0,00;2025-11-02 10:00:00.0;nível;35,00
CAMPINAS;350950230H;SP;Córrego Serafim;-22,893;-47,06;0,00;2025-11-02 10:10:00.0;chuva;0,20
CAMPINAS;350950230H;SP;Córrego Serafim;-22,893;-47,06;0,00;2025-11-02 10:20:00.0;chuva;0,20
CAMPINAS;350950230H;SP;Córrego Serafim;-22,893;-47,06;0,00;2025-11-02 10:30:00.0;chuva;0,20
CAMPINAS;350950230H;SP;Córrego Serafim;-22,893;-47,06;0,00;2025-11-02 10:50:00.0;chuva;0,20
CAMPINAS;350950230H;SP;Córrego Serafim;-22,893;-47,06;0,00;2025-11-02 11:00:00.0;chuva;0,40
CAMPINAS;350950230H;SP;Córrego Serafim;-22,893;-47,06;0,00;2025-11-02 11:00:00.0;nível;35,00
CAMPINAS;350950230H;SP;Córrego Serafim;-22,893;-47,06;0,00;2025-11-02 11:20:00.0;chuva;0,40
CAMPINAS;350950230H;SP;Córrego Serafim;-22,893;-47,06;0,00;2025-11-02 11:30:00.0;chuva;0,40
CAMPINAS;350950230H;SP;Córrego Serafim;-22,893;-47,06;0,00;2025-11-02 11:40:00.0;chuva;0,80
CAMPINAS;350950230H;SP;Córrego Serafim;-22,893;-47,06;0,00;2025-11-02 11:50:00.0;chuva;1,00
CAMPINAS;350950230H;SP;Córrego Serafim;-22,893;-47,06;0,00;2025-11-02 12:00:00.0;chuva;0,40
CAMPINAS;350950230H;SP;Córrego Serafim;-22,893;-47,06;0,00;2025-11-02 12:00:00.0;nível;35,00
CAMPINAS;350950230H;SP;Córrego Serafim;-22,893;-47,06;0,00;2025-11-02 12:10:00.0;chuva;0,20
CAMPINAS;350950230H;SP;Córrego Serafim;-22,893;-47,06;0,00;2025-11-02 12:20:00.0;chuva;0,20
CAMPINAS;350950230H;SP;Córrego Serafim;-22,893;-47,06;0,00;2025-11-02 12:30:00.0;chuva;0,20
CAMPINAS;350950230H;SP;Córrego Serafim;-22,893;-47,06;0,00;2025-11-02 12:40:00.0;chuva;0,20
CAMPINAS;350950230H;SP;Córrego Serafim;-22,893;-47,06;0,00;2025-11-02 12:50:00.0;chuva;0,20
CAMPINAS;350950230H;SP;Córrego Serafim;-22,893;-47,06;0,00;2025-11-02 13:00:00.0;nível;35,00
CAMPINAS;350950230H;SP;Córrego Serafim;-22,893;-47,06;0,00;2025-11-02 13:10:00.0;chuva;0,00
CAMPINAS;350950230H;SP;Córrego Serafim;-22,893;-47,06;0,00;2025-11-02 13:40:00.0;chuva;0,20
CAMPINAS;350950230H;SP;Córrego Serafim;-22,893;-47,06;0,00;2025-11-02 13:50:00.0;chuva;0,40
CAMPINAS;350950230H;SP;Córrego Serafim;-22,893;-47,06;0,00;2025-11-02 14:00:00.0;chuva;0,80
CAMPINAS;350950230H;SP;Córrego Serafim;-22,893;-47,06;0,00;2025-11-02 14:00:00.0;nível;35,00
CAMPINAS;350950230H;SP;Córrego Serafim;-22,893;-47,06;0,00;2025-11-02 14:10:00.0;chuva;0,60
CAMPINAS;350950230H;SP;Córrego Serafim;-22,893;-47,06;0,00;2025-11-02 14:20:00.0;chuva;0,80
CAMPINAS;350950230H;SP;Córrego Serafim;-22,893;-47,06;0,00;2025-11-02 14:30:00.0;chuva;2,20
CAMPINAS;350950230H;SP;Córrego Serafim;-22,893;-47,06;0,00;2025-11-02 14:40:00.0;chuva;0,80
CAMPINAS;350950230H;SP;Córrego Serafim;-22,893;-47,06;0,00;2025-11-02 14:50:00.0;chuva;0,80
CAMPINAS;350950230H;SP;Córrego Serafim;-22,893;-47,06;0,00;2025-11-02 15:00:00.0;chuva;1,00
CAMPINAS;350950230H;SP;Córrego Serafim;-22,893;-47,06;0,00;2025-11-02 15:00:00.0;nível;35,00
CAMPINAS;350950230H;SP;Córrego Serafim;-22,893;-47,06;0,00;2025-11-02 15:10:00.0;chuva;1,00
CAMPINAS;350950230H;SP;Córrego Serafim;-22,893;-47,06;0,00;2025-11-02 15:20:00.0;chuva;0,40
CAMPINAS;350950230H;SP;Córrego Serafim;-22,893;-47,06;0,00;2025-11-02 15:30:00.0;chuva;0,20
CAMPINAS;350950230H;SP;Córrego Serafim;-22,893;-47,06;0,00;2025-11-02 15:50:00.0;chuva;0,20
CAMPINAS;350950230H;SP;Córrego Serafim;-22,893;-47,06;0,00;2025-11-02 16:00:00.0;chuva;0,20
CAMPINAS;350950230H;SP;Córrego Serafim;-22,893;-47,06;0,00;2025-11-02 16:00:00.0;nível;35,00
CAMPINAS;350950230H;SP;Córrego Serafim;-22,893;-47,06;0,00;2025-11-02 16:10:00.0;chuva;0,60
CAMPINAS;350950230H;SP;Córrego Serafim;-22,893;-47,06;0,00;2025-11-02 16:20:00.0;chuva;0,40
CAMPINAS;350950230H;SP;Córrego Serafim;-22,893;-47,06;0,00;2025-11-02 16:40:00.0;chuva;0,20
CAMPINAS;350950230H;SP;Córrego Serafim;-22,893;-47,06;0,00;2025-11-02 17:00:00.0;nível;35,00
CAMPINAS;350950230H;SP;Córrego Serafim;-22,893;-47,06;0,00;2025-11-02 17:10:00.0;chuva;0,20
CAMPINAS;350950230H;SP;Córrego Serafim;-22,893;-47,06;0,00;2025-11-02 17:20:00.0;chuva;3,20
CAMPINAS;350950230H;SP;Córrego Serafim;-22,893;-47,06;0,00;2025-11-02 17:30:00.0;chuva;4,60
CAMPINAS;350950230H;SP;Córrego Serafim;-22,893;-47,06;0,00;2025-11-02 17:40:00.0;chuva;3,00
CAMPINAS;350950230H;SP;Córrego Serafim;-22,893;-47,06;0,00;2025-11-02 17:50:00.0;chuva;1,00
CAMPINAS;350950230H;SP;Córrego Serafim;-22,893;-47,06;0,00;2025-11-02 18:00:00.0;chuva;0,40
CAMPINAS;350950230H;SP;Córrego Serafim;-22,893;-47,06;0,00;2025-11-02 18:00:00.0;nível;35,00
CAMPINAS;350950230H;SP;Córrego Serafim;-22,893;-47,06;0,00;2025-11-02 18:10:00.0;chuva;0,40
CAMPINAS;350950230H;SP;Córrego Serafim;-22,893;-47,06;0,00;2025-11-02 18:20:00.0;chuva;0,40
CAMPINAS;350950230H;SP;Córrego Serafim;-22,893;-47,06;0,00;2025-11-02 18:30:00.0;chuva;0,40
CAMPINAS;350950230H;SP;Córrego Serafim;-22,893;-47,06;0,00;2025-11-02 18:40:00.0;chuva;0,60
CAMPINAS;350950230H;SP;Córrego Serafim;-22,893;-47,06;0,00;2025-11-02 18:50:00.0;chuva;0,60
CAMPINAS;350950230H;SP;Córrego Serafim;-22,893;-47,06;0,00;2025-11-02 19:00:00.0;chuva;0,20
CAMPINAS;350950230H;SP;Córrego Serafim;-22,893;-47,06;0,00;2025-11-02 19:00:00.0;nível;35,00
CAMPINAS;350950230H;SP;Córrego Serafim;-22,893;-47,06;0,00;2025-11-02 19:10:00.0;chuva;0,20
CAMPINAS;350950230H;SP;Córrego Serafim;-22,893;-47,06;0,00;2025-11-02 20:00:00.0;nível;35,00
CAMPINAS;350950230H;SP;Córrego Serafim;-22,893;-47,06;0,00;2025-11-02 20:10:00.0;chuva;0,00
CAMPINAS;350950230H;SP;Córrego Serafim;-22,893;-47,06;0,00;2025-11-02 21:00:00.0;nível;35,00
CAMPINAS;350950230H;SP;Córrego Serafim;-22,893;-47,06;0,00;2025-11-02 21:10:00.0;chuva;0,00
CAMPINAS;350950230H;SP;Córrego Serafim;-22,893;-47,06;0,00;2025-11-02 22:00:00.0;nível;35,00
CAMPINAS;350950230H;SP;Córrego Serafim;-22,893;-47,06;0,00;2025-11-02 22:10:00.0;chuva;0,00
CAMPINAS;350950230H;SP;Córrego Serafim;-22,893;-47,06;0,00;2025-11-02 23:00:00.0;nível;35,00
CAMPINAS;350950230H;SP;Córrego Serafim;-22,893;-47,06;0,00;2025-11-02 23:10:00.0;chuva;0,00
CAMPINAS;350950230H;SP;Córrego Serafim;-22,893;-47,06;0,00;2025-11-03 00:00:00.0;nível;35,00
CAMPINAS;350950230H;SP;Córrego Serafim;-22,893;-47,06;0,00;2025-11-03 00:10:00.0;chuva;0,00
CAMPINAS;350950230H;SP;Córrego Serafim;-22,893;-47,06;0,00;2025-11-03 01:00:00.0;nível;35,00
CAMPINAS;350950230H;SP;Córrego Serafim;-22,893;-47,06;0,00;2025-11-03 01:10:00.0;chuva;0,00
CAMPINAS;350950230H;SP;Córrego Serafim;-22,893;-47,06;0,00;2025-11-03 02:00:00.0;nível;35,00
CAMPINAS;350950230H;SP;Córrego Serafim;-22,893;-47,06;0,00;2025-11-03 02:10:00.0;chuva;0,00
CAMPINAS;350950230H;SP;Córrego Serafim;-22,893;-47,06;0,00;2025-11-03 03:00:00.0;nível;35,00
CAMPINAS;350950230H;SP;Córrego Serafim;-22,893;-47,06;0,00;2025-11-03 03:10:00.0;chuva;0,00
CAMPINAS;350950230H;SP;Córrego Serafim;-22,893;-47,06;0,00;2025-11-03 04:00:00.0;nível;35,00
CAMPINAS;350950230H;SP;Córrego Serafim;-22,893;-47,06;0,00;2025-11-03 04:10:00.0;chuva;0,00
CAMPINAS;350950230H;SP;Córrego Serafim;-22,893;-47,06;0,00;2025-11-03 05:00:00.0;nível;35,00
CAMPINAS;350950230H;SP;Córrego Serafim;-22,893;-47,06;0,00;2025-11-03 05:10:00.0;chuva;0,00
CAMPINAS;350950230H;SP;Córrego Serafim;-22,893;-47,06;0,00;2025-11-03 06:00:00.0;nível;35,00
CAMPINAS;350950230H;SP;Córrego Serafim;-22,893;-47,06;0,00;2025-11-03 06:10:00.0;chuva;0,00
CAMPINAS;350950230H;SP;Córrego Serafim;-22,893;-47,06;0,00;2025-11-03 07:00:00.0;nível;35,00
CAMPINAS;350950230H;SP;Córrego Serafim;-22,893;-47,06;0,00;2025-11-03 07:10:00.0;chuva;0,00
CAMPINAS;350950230H;SP;Córrego Serafim;-22,893;-47,06;0,00;2025-11-03 08:00:00.0;nível;35,00
CAMPINAS;350950230H;SP;Córrego Serafim;-22,893;-47,06;0,00;2025-11-03 08:10:00.0;chuva;0,00
CAMPINAS;350950230H;SP;Córrego Serafim;-22,893;-47,06;0,00;2025-11-03 09:00:00.0;nível;35,00
CAMPINAS;350950230H;SP;Córrego Serafim;-22,893;-47,06;0,00;2025-11-03 09:10:00.0;chuva;0,00
CAMPINAS;350950230H;SP;Córrego Serafim;-22,893;-47,06;0,00;2025-11-03 10:00:00.0;nível;35,00
CAMPINAS;350950230H;SP;Córrego Serafim;-22,893;-47,06;0,00;2025-11-03 10:10:00.0;chuva;0,00
CAMPINAS;350950230H;SP;Córrego Serafim;-22,893;-47,06;0,00;2025-11-03 11:00:00.0;nível;35,00
CAMPINAS;350950230H;SP;Córrego Serafim;-22,893;-47,06;0,00;2025-11-03 11:10:00.0;chuva;0,00
CAMPINAS;350950230H;SP;Córrego Serafim;-22,893;-47,06;0,00;2025-11-03 12:00:00.0;nível;35,00
CAMPINAS;350950230H;SP;Córrego Serafim;-22,893;-47,06;0,00;2025-11-03 12:10:00.0;chuva;0,00
CAMPINAS;350950230H;SP;Córrego Serafim;-22,893;-47,06;0,00;2025-11-03 13:00:00.0;nível;35,00
CAMPINAS;350950230H;SP;Córrego Serafim;-22,893;-47,06;0,00;2025-11-03 13:10:00.0;chuva;0,00
CAMPINAS;350950230H;SP;Córrego Serafim;-22,893;-47,06;0,00;2025-11-03 14:00:00.0;nível;35,00
CAMPINAS;350950230H;SP;Córrego Serafim;-22,893;-47,06;0,00;2025-11-03 14:10:00.0;chuva;0,00
CAMPINAS;350950230H;SP;Córrego Serafim;-22,893;-47,06;0,00;2025-11-03 15:00:00.0;nível;35,00
CAMPINAS;350950230H;SP;Córrego Serafim;-22,893;-47,06;0,00;2025-11-03 15:10:00.0;chuva;0,00
CAMPINAS;350950230H;SP;Córrego Serafim;-22,893;-47,06;0,00;2025-11-03 16:00:00.0;nível;35,00
CAMPINAS;350950230H;SP;Córrego Serafim;-22,893;-47,06;0,00;2025-11-03 16:10:00.0;chuva;0,00
CAMPINAS;350950230H;SP;Córrego Serafim;-22,893;-47,06;0,00;2025-11-03 17:00:00.0;nível;35,00
CAMPINAS;350950230H;SP;Córrego Serafim;-22,893;-47,06;0,00;2025-11-03 17:10:00.0;chuva;0,00
CAMPINAS;350950230H;SP;Córrego Serafim;-22,893;-47,06;0,00;2025-11-03 18:00:00.0;nível;35,00
CAMPINAS;350950230H;SP;Córrego Serafim;-22,893;-47,06;0,00;2025-11-03 18:10:00.0;chuva;0,00
CAMPINAS;350950230H;SP;Córrego Serafim;-22,893;-47,06;0,00;2025-11-03 19:00:00.0;nível;35,00
CAMPINAS;350950230H;SP;Córrego Serafim;-22,893;-47,06;0,00;2025-11-03 19:10:00.0;chuva;0,00
CAMPINAS;350950230H;SP;Córrego Serafim;-22,893;-47,06;0,00;2025-11-03 20:00:00.0;nível;35,00
CAMPINAS;350950230H;SP;Córrego Serafim;-22,893;-47,06;0,00;2025-11-03 20:10:00.0;chuva;0,00
CAMPINAS;350950230H;SP;Córrego Serafim;-22,893;-47,06;0,00;2025-11-03 21:00:00.0;nível;35,00
CAMPINAS;350950230H;SP;Córrego Serafim;-22,893;-47,06;0,00;2025-11-03 21:10:00.0;chuva;0,00
CAMPINAS;350950230H;SP;Córrego Serafim;-22,893;-47,06;0,00;2025-11-03 22:00:00.0;nível;35,00
CAMPINAS;350950230H;SP;Córrego Serafim;-22,893;-47,06;0,00;2025-11-03 22:10:00.0;chuva;0,00
CAMPINAS;350950230H;SP;Córrego Serafim;-22,893;-47,06;0,00;2025-11-03 22:50:00.0;chuva;1,20
CAMPINAS;350950230H;SP;Córrego Serafim;-22,893;-47,06;0,00;2025-11-03 23:00:00.0;chuva;0,40
CAMPINAS;350950230H;SP;Córrego Serafim;-22,893;-47,06;0,00;2025-11-03 23:00:00.0;nível;35,00
CAMPINAS;350950230H;SP;Córrego Serafim;-22,893;-47,06;0,00;2025-11-04 00:00:00.0;nível;35,00
CAMPINAS;350950230H;SP;Córrego Serafim;-22,893;-47,06;0,00;2025-11-04 00:10:00.0;chuva;0,00
CAMPINAS;350950230H;SP;Córrego Serafim;-22,893;-47,06;0,00;2025-11-04 01:00:00.0;nível;35,00
CAMPINAS;350950230H;SP;Córrego Serafim;-22,893;-47,06;0,00;2025-11-04 01:10:00.0;chuva;0,00
CAMPINAS;350950230H;SP;Córrego Serafim;-22,893;-47,06;0,00;2025-11-04 02:00:00.0;nível;35,00
CAMPINAS;350950230H;SP;Córrego Serafim;-22,893;-47,06;0,00;2025-11-04 02:10:00.0;chuva;0,00
CAMPINAS;350950230H;SP;Córrego Serafim;-22,893;-47,06;0,00;2025-11-04 03:00:00.0;nível;35,00
CAMPINAS;350950230H;SP;Córrego Serafim;-22,893;-47,06;0,00;2025-11-04 03:10:00.0;chuva;0,00
CAMPINAS;350950230H;SP;Córrego Serafim;-22,893;-47,06;0,00;2025-11-04 04:00:00.0;nível;35,00
CAMPINAS;350950230H;SP;Córrego Serafim;-22,893;-47,06;0,00;2025-11-04 04:10:00.0;chuva;0,00
CAMPINAS;350950230H;SP;Córrego Serafim;-22,893;-47,06;0,00;2025-11-04 05:00:00.0;nível;35,00
CAMPINAS;350950230H;SP;Córrego Serafim;-22,893;-47,06;0,00;2025-11-04 05:10:00.0;chuva;0,00
CAMPINAS;350950230H;SP;Córrego Serafim;-22,893;-47,06;0,00;2025-11-04 06:00:00.0;nível;35,00
CAMPINAS;350950230H;SP;Córrego Serafim;-22,893;-47,06;0,00;2025-11-04 06:10:00.0;chuva;0,00
CAMPINAS;350950230H;SP;Córrego Serafim;-22,893;-47,06;0,00;2025-11-04 07:00:00.0;nível;35,00
CAMPINAS;350950230H;SP;Córrego Serafim;-22,893;-47,06;0,00;2025-11-04 07:10:00.0;chuva;0,00
CAMPINAS;350950230H;SP;Córrego Serafim;-22,893;-47,06;0,00;2025-11-04 08:00:00.0;nível;35,00
CAMPINAS;350950230H;SP;Córrego Serafim;-22,893;-47,06;0,00;2025-11-04 08:10:00.0;chuva;0,00
CAMPINAS;350950230H;SP;Córrego Serafim;-22,893;-47,06;0,00;2025-11-04 09:00:00.0;nível;35,00
CAMPINAS;350950230H;SP;Córrego Serafim;-22,893;-47,06;0,00;2025-11-04 09:10:00.0;chuva;0,00
CAMPINAS;350950230H;SP;Córrego Serafim;-22,893;-47,06;0,00;2025-11-04 10:00:00.0;nível;35,00
CAMPINAS;350950230H;SP;Córrego Serafim;-22,893;-47,06;0,00;2025-11-04 10:10:00.0;chuva;0,00
CAMPINAS;350950230H;SP;Córrego Serafim;-22,893;-47,06;0,00;2025-11-04 11:00:00.0;nível;35,00
CAMPINAS;350950230H;SP;Córrego Serafim;-22,893;-47,06;0,00;2025-11-04 11:10:00.0;chuva;0,00
CAMPINAS;350950230H;SP;Córrego Serafim;-22,893;-47,06;0,00;2025-11-04 12:00:00.0;nível;35,00
CAMPINAS;350950230H;SP;Córrego Serafim;-22,893;-47,06;0,00;2025-11-04 12:10:00.0;chuva;0,00
CAMPINAS;350950230H;SP;Córrego Serafim;-22,893;-47,06;0,00;2025-11-04 13:00:00.0;nível;35,00
CAMPINAS;350950230H;SP;Córrego Serafim;-22,893;-47,06;0,00;2025-11-04 13:10:00.0;chuva;0,00
CAMPINAS;350950230H;SP;Córrego Serafim;-22,893;-47,06;0,00;2025-11-04 14:00:00.0;nível;35,00
CAMPINAS;350950230H;SP;Córrego Serafim;-22,893;-47,06;0,00;2025-11-04 14:10:00.0;chuva;0,00
CAMPINAS;350950230H;SP;Córrego Serafim;-22,893;-47,06;0,00;2025-11-04 15:00:00.0;nível;35,00
CAMPINAS;350950230H;SP;Córrego Serafim;-22,893;-47,06;0,00;2025-11-04 15:10:00.0;chuva;0,00
CAMPINAS;350950230H;SP;Córrego Serafim;-22,893;-47,06;0,00;2025-11-04 16:00:00.0;nível;35,00
CAMPINAS;350950230H;SP;Córrego Serafim;-22,893;-47,06;0,00;2025-11-04 16:10:00.0;chuva;0,00
CAMPINAS;350950230H;SP;Córrego Serafim;-22,893;-47,06;0,00;2025-11-04 17:00:00.0;nível;35,00
CAMPINAS;350950230H;SP;Córrego Serafim;-22,893;-47,06;0,00;2025-11-04 17:10:00.0;chuva;0,00
CAMPINAS;350950230H;SP;Córrego Serafim;-22,893;-47,06;0,00;2025-11-04 18:00:00.0;nível;35,00
CAMPINAS;350950230H;SP;Córrego Serafim;-22,893;-47,06;0,00;2025-11-04 18:10:00.0;chuva;0,00
CAMPINAS;350950230H;SP;Córrego Serafim;-22,893;-47,06;0,00;2025-11-04 18:30:00.0;chuva;1,00
CAMPINAS;350950230H;SP;Córrego Serafim;-22,893;-47,06;0,00;2025-11-04 18:40:00.0;chuva;0,60
CAMPINAS;350950230H;SP;Córrego Serafim;-22,893;-47,06;0,00;2025-11-04 19:00:00.0;nível;35,00
CAMPINAS;350950230H;SP;Córrego Serafim;-22,893;-47,06;0,00;2025-11-04 19:10:00.0;chuva;0,00
CAMPINAS;350950230H;SP;Córrego Serafim;-22,893;-47,06;0,00;2025-11-04 20:00:00.0;nível;35,00
CAMPINAS;350950230H;SP;Córrego Serafim;-22,893;-47,06;0,00;2025-11-04 20:10:00.0;chuva;0,00
CAMPINAS;350950230H;SP;Córrego Serafim;-22,893;-47,06;0,00;2025-11-04 21:00:00.0;nível;35,00
CAMPINAS;350950230H;SP;Córrego Serafim;-22,893;-47,06;0,00;2025-11-04 21:10:00.0;chuva;0,00
CAMPINAS;350950230H;SP;Córrego Serafim;-22,893;-47,06;0,00;2025-11-04 22:00:00.0;nível;35,00
CAMPINAS;350950230H;SP;Córrego Serafim;-22,893;-47,06;0,00;2025-11-04 22:10:00.0;chuva;0,00
CAMPINAS;350950230H;SP;Córrego Serafim;-22,893;-47,06;0,00;2025-11-04 23:00:00.0;nível;35,00
CAMPINAS;350950230H;SP;Córrego Serafim;-22,893;-47,06;0,00;2025-11-04 23:10:00.0;chuva;0,00
CAMPINAS;350950231H;SP;Ribeirão das Cabras;-22,888;-46,939;0,00;2025-11-01 00:10:00.0;chuva;0,00
CAMPINAS;350950231H;SP;Ribeirão das Cabras;-22,888;-46,939;0,00;2025-11-01 01:10:00.0;chuva;0,00
CAMPINAS;350950231H;SP;Ribeirão das Cabras;-22,888;-46,939;0,00;2025-11-01 01:30:00.0;chuva;0,20
CAMPINAS;350950231H;SP;Ribeirão das Cabras;-22,888;-46,939;0,00;2025-11-01 02:10:00.0;chuva;0,00
CAMPINAS;350950231H;SP;Ribeirão das Cabras;-22,888;-46,939;0,00;2025-11-01 03:10:00.0;chuva;0,00
CAMPINAS;350950231H;SP;Ribeirão das Cabras;-22,888;-46,939;0,00;2025-11-01 04:10:00.0;chuva;0,00
CAMPINAS;350950231H;SP;Ribeirão das Cabras;-22,888;-46,939;0,00;2025-11-01 05:10:00.0;chuva;0,00
CAMPINAS;350950231H;SP;Ribeirão das Cabras;-22,888;-46,939;0,00;2025-11-01 06:10:00.0;chuva;0,00
CAMPINAS;350950231H;SP;Ribeirão das Cabras;-22,888;-46,939;0,00;2025-11-01 07:10:00.0;chuva;0,00
CAMPINAS;350950231H;SP;Ribeirão das Cabras;-22,888;-46,939;0,00;2025-11-01 07:20:00.0;chuva;0,20
CAMPINAS;350950231H;SP;Ribeirão das Cabras;-22,888;-46,939;0,00;2025-11-01 08:10:00.0;chuva;0,00
CAMPINAS;350950231H;SP;Ribeirão das Cabras;-22,888;-46,939;0,00;2025-11-01 09:10:00.0;chuva;0,00
CAMPINAS;350950231H;SP;Ribeirão das Cabras;-22,888;-46,939;0,00;2025-11-01 10:10:00.0;chuva;0,00
CAMPINAS;350950231H;SP;Ribeirão das Cabras;-22,888;-46,939;0,00;2025-11-01 11:10:00.0;chuva;0,00
CAMPINAS;350950231H;SP;Ribeirão das Cabras;-22,888;-46,939;0,00;2025-11-01 11:40:00.0;chuva;0,20
CAMPINAS;350950231H;SP;Ribeirão das Cabras;-22,888;-46,939;0,00;2025-11-01 12:10:00.0;chuva;0,00
CAMPINAS;350950231H;SP;Ribeirão das Cabras;-22,888;-46,939;0,00;2025-11-01 13:10:00.0;chuva;0,00
CAMPINAS;350950231H;SP;Ribeirão das Cabras;-22,888;-46,939;0,00;2025-11-01 14:10:00.0;chuva;0,00
CAMPINAS;350950231H;SP;Ribeirão das Cabras;-22,888;-46,939;0,00;2025-11-01 15:10:00.0;chuva;0,00
CAMPINAS;350950231H;SP;Ribeirão das Cabras;-22,888;-46,939;0,00;2025-11-01 16:10:00.0;chuva;0,00
CAMPINAS;350950231H;SP;Ribeirão das Cabras;-22,888;-46,939;0,00;2025-11-01 16:40:00.0;chuva;0,20
CAMPINAS;350950231H;SP;Ribeirão das Cabras;-22,888;-46,939;0,00;2025-11-01 17:10:00.0;chuva;0,00
CAMPINAS;350950231H;SP;Ribeirão das Cabras;-22,888;-46,939;0,00;2025-11-01 18:10:00.0;chuva;0,00
CAMPINAS;350950231H;SP;Ribeirão das Cabras;-22,888;-46,939;0,00;2025-11-01 19:10:00.0;chuva;0,00
CAMPINAS;350950231H;SP;Ribeirão das Cabras;-22,888;-46,939;0,00;2025-11-01 20:10:00.0;chuva;0,00
CAMPINAS;350950231H;SP;Ribeirão das Cabras;-22,888;-46,939;0,00;2025-11-01 21:10:00.0;chuva;0,00
CAMPINAS;350950231H;SP;Ribeirão das Cabras;-22,888;-46,939;0,00;2025-11-01 21:20:00.0;chuva;0,20
CAMPINAS;350950231H;SP;Ribeirão das Cabras;-22,888;-46,939;0,00;2025-11-01 22:10:00.0;chuva;0,00
CAMPINAS;350950231H;SP;Ribeirão das Cabras;-22,888;-46,939;0,00;2025-11-01 23:10:00.0;chuva;0,00
CAMPINAS;350950231H;SP;Ribeirão das Cabras;-22,888;-46,939;0,00;2025-11-02 00:10:00.0;chuva;0,00
CAMPINAS;350950231H;SP;Ribeirão das Cabras;-22,888;-46,939;0,00;2025-11-02 01:10:00.0;chuva;0,00
CAMPINAS;350950231H;SP;Ribeirão das Cabras;-22,888;-46,939;0,00;2025-11-02 02:10:00.0;chuva;0,00
CAMPINAS;350950231H;SP;Ribeirão das Cabras;-22,888;-46,939;0,00;2025-11-02 03:10:00.0;chuva;0,20
CAMPINAS;350950231H;SP;Ribeirão das Cabras;-22,888;-46,939;0,00;2025-11-02 04:10:00.0;chuva;0,00
CAMPINAS;350950231H;SP;Ribeirão das Cabras;-22,888;-46,939;0,00;2025-11-02 05:10:00.0;chuva;0,00
CAMPINAS;350950231H;SP;Ribeirão das Cabras;-22,888;-46,939;0,00;2025-11-02 06:10:00.0;chuva;0,00
CAMPINAS;350950231H;SP;Ribeirão das Cabras;-22,888;-46,939;0,00;2025-11-02 07:10:00.0;chuva;0,00
CAMPINAS;350950231H;SP;Ribeirão das Cabras;-22,888;-46,939;0,00;2025-11-02 08:10:00.0;chuva;0,00
CAMPINAS;350950231H;SP;Ribeirão das Cabras;-22,888;-46,939;0,00;2025-11-02 08:50:00.0;chuva;0,20
CAMPINAS;350950231H;SP;Ribeirão das Cabras;-22,888;-46,939;0,00;2025-11-02 09:10:00.0;chuva;0,00
CAMPINAS;350950231H;SP;Ribeirão das Cabras;-22,888;-46,939;0,00;2025-11-02 10:10:00.0;chuva;0,00
CAMPINAS;350950231H;SP;Ribeirão das Cabras;-22,888;-46,939;0,00;2025-11-02 11:10:00.0;chuva;0,00
CAMPINAS;350950231H;SP;Ribeirão das Cabras;-22,888;-46,939;0,00;2025-11-02 12:10:00.0;chuva;0,00
CAMPINAS;350950231H;SP;Ribeirão das Cabras;-22,888;-46,939;0,00;2025-11-02 13:10:00.0;chuva;0,00
CAMPINAS;350950231H;SP;Ribeirão das Cabras;-22,888;-46,939;0,00;2025-11-02 14:10:00.0;chuva;0,00
CAMPINAS;350950231H;SP;Ribeirão das Cabras;-22,888;-46,939;0,00;2025-11-02 14:40:00.0;chuva;0,20
CAMPINAS;350950231H;SP;Ribeirão das Cabras;-22,888;-46,939;0,00;2025-11-02 15:10:00.0;chuva;0,00
CAMPINAS;350950231H;SP;Ribeirão das Cabras;-22,888;-46,939;0,00;2025-11-02 16:10:00.0;chuva;0,00
CAMPINAS;350950231H;SP;Ribeirão das Cabras;-22,888;-46,939;0,00;2025-11-02 17:10:00.0;chuva;0,00
CAMPINAS;350950231H;SP;Ribeirão das Cabras;-22,888;-46,939;0,00;2025-11-02 18:10:00.0;chuva;0,00
CAMPINAS;350950231H;SP;Ribeirão das Cabras;-22,888;-46,939;0,00;2025-11-02 19:10:00.0;chuva;0,00
CAMPINAS;350950231H;SP;Ribeirão das Cabras;-22,888;-46,939;0,00;2025-11-02 19:40:00.0;chuva;0,20
CAMPINAS;350950231H;SP;Ribeirão das Cabras;-22,888;-46,939;0,00;2025-11-02 20:10:00.0;chuva;0,00
CAMPINAS;350950231H;SP;Ribeirão das Cabras;-22,888;-46,939;0,00;2025-11-02 21:10:00.0;chuva;0,00
CAMPINAS;350950231H;SP;Ribeirão das Cabras;-22,888;-46,939;0,00;2025-11-02 22:10:00.0;chuva;0,00
CAMPINAS;350950231H;SP;Ribeirão das Cabras;-22,888;-46,939;0,00;2025-11-02 23:10:00.0;chuva;0,00
CAMPINAS;350950231H;SP;Ribeirão das Cabras;-22,888;-46,939;0,00;2025-11-03 00:10:00.0;chuva;0,00
CAMPINAS;350950231H;SP;Ribeirão das Cabras;-22,888;-46,939;0,00;2025-11-03 01:10:00.0;chuva;0,00
CAMPINAS;350950231H;SP;Ribeirão das Cabras;-22,888;-46,939;0,00;2025-11-03 01:40:00.0;chuva;0,20
CAMPINAS;350950231H;SP;Ribeirão das Cabras;-22,888;-46,939;0,00;2025-11-03 02:10:00.0;chuva;0,00
CAMPINAS;350950231H;SP;Ribeirão das Cabras;-22,888;-46,939;0,00;2025-11-03 03:10:00.0;chuva;0,00
CAMPINAS;350950231H;SP;Ribeirão das Cabras;-22,888;-46,939;0,00;2025-11-03 04:10:00.0;chuva;0,00
CAMPINAS;350950231H;SP;Ribeirão das Cabras;-22,888;-46,939;0,00;2025-11-03 05:10:00.0;chuva;0,00
CAMPINAS;350950231H;SP;Ribeirão das Cabras;-22,888;-46,939;0,00;2025-11-03 06:10:00.0;chuva;0,00
CAMPINAS;350950231H;SP;Ribeirão das Cabras;-22,888;-46,939;0,00;2025-11-03 07:10:00.0;chuva;0,20
CAMPINAS;350950231H;SP;Ribeirão das Cabras;-22,888;-46,939;0,00;2025-11-03 08:10:00.0;chuva;0,00
CAMPINAS;350950231H;SP;Ribeirão das Cabras;-22,888;-46,939;0,00;2025-11-03 09:10:00.0;chuva;0,00
CAMPINAS;350950231H;SP;Ribeirão das Cabras;-22,888;-46,939;0,00;2025-11-03 10:10:00.0;chuva;0,00
CAMPINAS;350950231H;SP;Ribeirão das Cabras;-22,888;-46,939;0,00;2025-11-03 11:10:00.0;chuva;0,00
CAMPINAS;350950231H;SP;Ribeirão das Cabras;-22,888;-46,939;0,00;2025-11-03 12:10:00.0;chuva;0,00
CAMPINAS;350950231H;SP;Ribeirão das Cabras;-22,888;-46,939;0,00;2025-11-03 13:00:00.0;chuva;0,20
CAMPINAS;350950231H;SP;Ribeirão das Cabras;-22,888;-46,939;0,00;2025-11-03 14:10:00.0;chuva;0,00
CAMPINAS;350950231H;SP;Ribeirão das Cabras;-22,888;-46,939;0,00;2025-11-03 15:10:00.0;chuva;0,00
CAMPINAS;350950231H;SP;Ribeirão das Cabras;-22,888;-46,939;0,00;2025-11-03 16:10:00.0;chuva;0,00
CAMPINAS;350950231H;SP;Ribeirão das Cabras;-22,888;-46,939;0,00;2025-11-03 17:10:00.0;chuva;0,00
CAMPINAS;350950231H;SP;Ribeirão das Cabras;-22,888;-46,939;0,00;2025-11-03 18:10:00.0;chuva;0,00
CAMPINAS;350950231H;SP;Ribeirão das Cabras;-22,888;-46,939;0,00;2025-11-03 18:20:00.0;chuva;0,20
CAMPINAS;350950231H;SP;Ribeirão das Cabras;-22,888;-46,939;0,00;2025-11-03 19:10:00.0;chuva;0,00
CAMPINAS;350950231H;SP;Ribeirão das Cabras;-22,888;-46,939;0,00;2025-11-03 20:10:00.0;chuva;0,00
CAMPINAS;350950231H;SP;Ribeirão das Cabras;-22,888;-46,939;0,00;2025-11-03 21:10:00.0;chuva;0,00
CAMPINAS;350950231H;SP;Ribeirão das Cabras;-22,888;-46,939;0,00;2025-11-03 22:10:00.0;chuva;0,00
CAMPINAS;350950231H;SP;Ribeirão das Cabras;-22,888;-46,939;0,00;2025-11-03 23:10:00.0;chuva;0,00
CAMPINAS;350950231H;SP;Ribeirão das Cabras;-22,888;-46,939;0,00;2025-11-04 00:10:00.0;chuva;0,00
CAMPINAS;350950231H;SP;Ribeirão das Cabras;-22,888;-46,939;0,00;2025-11-04 01:10:00.0;chuva;0,00
CAMPINAS;350950231H;SP;Ribeirão das Cabras;-22,888;-46,939;0,00;2025-11-04 02:10:00.0;chuva;0,00
CAMPINAS;350950231H;SP;Ribeirão das Cabras;-22,888;-46,939;0,00;2025-11-04 02:20:00.0;chuva;0,20
CAMPINAS;350950231H;SP;Ribeirão das Cabras;-22,888;-46,939;0,00;2025-11-04 03:10:00.0;chuva;0,00
CAMPINAS;350950231H;SP;Ribeirão das Cabras;-22,888;-46,939;0,00;2025-11-04 04:10:00.0;chuva;0,00
CAMPINAS;350950231H;SP;Ribeirão das Cabras;-22,888;-46,939;0,00;2025-11-04 05:10:00.0;chuva;0,00
CAMPINAS;350950231H;SP;Ribeirão das Cabras;-22,888;-46,939;0,00;2025-11-04 06:10:00.0;chuva;0,00
CAMPINAS;350950231H;SP;Ribeirão das Cabras;-22,888;-46,939;0,00;2025-11-04 07:10:00.0;chuva;0,00
CAMPINAS;350950231H;SP;Ribeirão das Cabras;-22,888;-46,939;0,00;2025-11-04 08:10:00.0;chuva;0,00
CAMPINAS;350950231H;SP;Ribeirão das Cabras;-22,888;-46,939;0,00;2025-11-04 09:10:00.0;chuva;0,00
CAMPINAS;350950231H;SP;Ribeirão das Cabras;-22,888;-46,939;0,00;2025-11-04 09:50:00.0;chuva;0,20
CAMPINAS;350950231H;SP;Ribeirão das Cabras;-22,888;-46,939;0,00;2025-11-04 10:10:00.0;chuva;0,00
CAMPINAS;350950231H;SP;Ribeirão das Cabras;-22,888;-46,939;0,00;2025-11-04 11:10:00.0;chuva;0,00
CAMPINAS;350950231H;SP;Ribeirão das Cabras;-22,888;-46,939;0,00;2025-11-04 12:10:00.0;chuva;0,00
CAMPINAS;350950231H;SP;Ribeirão das Cabras;-22,888;-46,939;0,00;2025-11-04 13:10:00.0;chuva;0,00
CAMPINAS;350950231H;SP;Ribeirão das Cabras;-22,888;-46,939;0,00;2025-11-04 14:10:00.0;chuva;0,00
CAMPINAS;350950231H;SP;Ribeirão das Cabras;-22,888;-46,939;0,00;2025-11-04 15:10:00.0;chuva;0,00
CAMPINAS;350950231H;SP;Ribeirão das Cabras;-22,888;-46,939;0,00;2025-11-04 16:10:00.0;chuva;0,00
CAMPINAS;350950231H;SP;Ribeirão das Cabras;-22,888;-46,939;0,00;2025-11-04 17:10:00.0;chuva;0,00
CAMPINAS;350950231H;SP;Ribeirão das Cabras;-22,888;-46,939;0,00;2025-11-04 18:10:00.0;chuva;0,00
CAMPINAS;350950231H;SP;Ribeirão das Cabras;-22,888;-46,939;0,00;2025-11-04 19:10:00.0;chuva;0,00
CAMPINAS;350950231H;SP;Ribeirão das Cabras;-22,888;-46,939;0,00;2025-11-04 20:10:00.0;chuva;0,00
CAMPINAS;350950231H;SP;Ribeirão das Cabras;-22,888;-46,939;0,00;2025-11-04 20:40:00.0;chuva;0,20
CAMPINAS;350950231H;SP;Ribeirão das Cabras;-22,888;-46,939;0,00;2025-11-04 21:10:00.0;chuva;0,00
CAMPINAS;350950231H;SP;Ribeirão das Cabras;-22,888;-46,939;0,00;2025-11-04 22:10:00.0;chuva;0,00
CAMPINAS;350950231H;SP;Ribeirão das Cabras;-22,888;-46,939;0,00;2025-11-04 23:10:00.0;chuva;0,00
CAPIVARI;351040118H;SP;Rio Capivari;-23,003429;-47,501019;11,69;2025-11-01 00:00:00.0;nível;10,97
CAPIVARI;351040118H;SP;Rio Capivari;-23,003429;-47,501019;11,69;2025-11-01 00:10:00.0;chuva;0,00
CAPIVARI;351040118H;SP;Rio Capivari;-23,003429;-47,501019;11,69;2025-11-01 01:00:00.0;nível;11,00
CAPIVARI;351040118H;SP;Rio Capivari;-23,003429;-47,501019;11,69;2025-11-01 01:10:00.0;chuva;0,00
CAPIVARI;351040118H;SP;Rio Capivari;-23,003429;-47,501019;11,69;2025-11-01 02:00:00.0;nível;11,03
CAPIVARI;351040118H;SP;Rio Capivari;-23,003429;-47,501019;11,69;2025-11-01 02:10:00.0;chuva;0,00
CAPIVARI;351040118H;SP;Rio Capivari;-23,003429;-47,501019;11,69;2025-11-01 03:00:00.0;nível;11,06
CAPIVARI;351040118H;SP;Rio Capivari;-23,003429;-47,501019;11,69;2025-11-01 03:10:00.0;chuva;0,00
CAPIVARI;351040118H;SP;Rio Capivari;-23,003429;-47,501019;11,69;2025-11-01 04:00:00.0;nível;11,09
CAPIVARI;351040118H;SP;Rio Capivari;-23,003429;-47,501019;11,69;2025-11-01 04:10:00.0;chuva;0,00
CAPIVARI;351040118H;SP;Rio Capivari;-23,003429;-47,501019;11,69;2025-11-01 05:00:00.0;nível;11,12
CAPIVARI;351040118H;SP;Rio Capivari;-23,003429;-47,501019;11,69;2025-11-01 05:10:00.0;chuva;0,00
CAPIVARI;351040118H;SP;Rio Capivari;-23,003429;-47,501019;11,69;2025-11-01 06:00:00.0;nível;11,13
CAPIVARI;351040118H;SP;Rio Capivari;-23,003429;-47,501019;11,69;2025-11-01 06:10:00.0;chuva;0,20
CAPIVARI;351040118H;SP;Rio Capivari;-23,003429;-47,501019;11,69;2025-11-01 07:00:00.0;nível;11,16
CAPIVARI;351040118H;SP;Rio Capivari;-23,003429;-47,501019;11,69;2025-11-01 07:10:00.0;chuva;0,00
CAPIVARI;351040118H;SP;Rio Capivari;-23,003429;-47,501019;11,69;2025-11-01 08:00:00.0;nível;11,17
CAPIVARI;351040118H;SP;Rio Capivari;-23,003429;-47,501019;11,69;2025-11-01 08:10:00.0;chuva;0,00
CAPIVARI;351040118H;SP;Rio Capivari;-23,003429;-47,501019;11,69;2025-11-01 09:00:00.0;nível;11,19
CAPIVARI;351040118H;SP;Rio Capivari;-23,003429;-47,501019;11,69;2025-11-01 09:10:00.0;chuva;0,00
CAPIVARI;351040118H;SP;Rio Capivari;-23,003429;-47,501019;11,69;2025-11-01 10:00:00.0;nível;11,21
CAPIVARI;351040118H;SP;Rio Capivari;-23,003429;-47,501019;11,69;2025-11-01 10:10:00.0;chuva;0,00
CAPIVARI;351040118H;SP;Rio Capivari;-23,003429;-47,501019;11,69;2025-11-01 11:00:00.0;nível;11,21
CAPIVARI;351040118H;SP;Rio Capivari;-23,003429;-47,501019;11,69;2025-11-01 11:10:00.0;chuva;0,00
CAPIVARI;351040118H;SP;Rio Capivari;-23,003429;-47,501019;11,69;2025-11-01 12:00:00.0;nível;11,22
CAPIVARI;351040118H;SP;Rio Capivari;-23,003429;-47,501019;11,69;2025-11-01 12:10:00.0;chuva;0,00
CAPIVARI;351040118H;SP;Rio Capivari;-23,003429;-47,501019;11,69;2025-11-01 13:00:00.0;nível;11,21
CAPIVARI;351040118H;SP;Rio Capivari;-23,003429;-47,501019;11,69;2025-11-01 13:10:00.0;chuva;0,00
CAPIVARI;351040118H;SP;Rio Capivari;-23,003429;-47,501019;11,69;2025-11-01 14:00:00.0;nível;11,20
CAPIVARI;351040118H;SP;Rio Capivari;-23,003429;-47,501019;11,69;2025-11-01 14:10:00.0;chuva;0,00
CAPIVARI;351040118H;SP;Rio Capivari;-23,003429;-47,501019;11,69;2025-11-01 15:00:00.0;nível;11,19
CAPIVARI;351040118H;SP;Rio Capivari;-23,003429;-47,501019;11,69;2025-11-01 15:10:00.0;chuva;0,00
CAPIVARI;351040118H;SP;Rio Capivari;-23,003429;-47,501019;11,69;2025-11-01 16:00:00.0;nível;11,16
CAPIVARI;351040118H;SP;Rio Capivari;-23,003429;-47,501019;11,69;2025-11-01 16:10:00.0;chuva;0,00
CAPIVARI;351040118H;SP;Rio Capivari;-23,003429;-47,501019;11,69;2025-11-01 17:00:00.0;nível;11,14
CAPIVARI;351040118H;SP;Rio Capivari;-23,003429;-47,501019;11,69;2025-11-01 17:10:00.0;chuva;0,00
CAPIVARI;351040118H;SP;Rio Capivari;-23,003429;-47,501019;11,69;2025-11-01 18:00:00.0;nível;11,11
CAPIVARI;351040118H;SP;Rio Capivari;-23,003429;-47,501019;11,69;2025-11-01 18:00:00.0;chuva;0,20
CAPIVARI;351040118H;SP;Rio Capivari;-23,003429;-47,501019;11,69;2025-11-01 18:10:00.0;chuva;0,00
CAPIVARI;351040118H;SP;Rio Capivari;-23,003429;-47,501019;11,69;2025-11-01 19:00:00.0;nível;11,09
CAPIVARI;351040118H;SP;Rio Capivari;-23,003429;-47,501019;11,69;2025-11-01 19:10:00.0;chuva;0,00
CAPIVARI;351040118H;SP;Rio Capivari;-23,003429;-47,501019;11,69;2025-11-01 20:00:00.0;nível;11,05
CAPIVARI;351040118H;SP;Rio Capivari;-23,003429;-47,501019;11,69;2025-11-01 20:10:00.0;chuva;0,00
CAPIVARI;351040118H;SP;Rio Capivari;-23,003429;-47,501019;11,69;2025-11-01 21:00:00.0;nível;11,04
CAPIVARI;351040118H;SP;Rio Capivari;-23,003429;-47,501019;11,69;2025-11-01 21:10:00.0;chuva;0,00
CAPIVARI;351040118H;SP;Rio Capivari;-23,003429;-47,501019;11,69;2025-11-01 22:00:00.0;nível;11,02
CAPIVARI;351040118H;SP;Rio Capivari;-23,003429;-47,501019;11,69;2025-11-01 22:10:00.0;chuva;0,00
CAPIVARI;351040118H;SP;Rio Capivari;-23,003429;-47,501019;11,69;2025-11-01 23:00:00.0;nível;11,01
CAPIVARI;351040118H;SP;Rio Capivari;-23,003429;-47,501019;11,69;2025-11-01 23:10:00.0;chuva;0,00
CAPIVARI;351040118H;SP;Rio Capivari;-23,003429;-47,501019;11,69;2025-11-02 00:00:00.0;nível;11,01
CAPIVARI;351040118H;SP;Rio Capivari;-23,003429;-47,501019;11,69;2025-11-02 00:10:00.0;chuva;0,00
CAPIVARI;351040118H;SP;Rio Capivari;-23,003429;-47,501019;11,69;2025-11-02 01:00:00.0;nível;11,02
CAPIVARI;351040118H;SP;Rio Capivari;-23,003429;-47,501019;11,69;2025-11-02 01:10:00.0;chuva;0,00
CAPIVARI;351040118H;SP;Rio Capivari;-23,003429;-47,501019;11,69;2025-11-02 02:00:00.0;nível;11,02
CAPIVARI;351040118H;SP;Rio Capivari;-23,003429;-47,501019;11,69;2025-11-02 02:10:00.0;chuva;0,00
CAPIVARI;351040118H;SP;Rio Capivari;-23,003429;-47,501019;11,69;2025-11-02 03:00:00.0;nível;11,03
CAPIVARI;351040118H;SP;Rio Capivari;-23,003429;-47,501019;11,69;2025-11-02 03:10:00.0;chuva;0,00
CAPIVARI;351040118H;SP;Rio Capivari;-23,003429;-47,501019;11,69;2025-11-02 04:00:00.0;nível;11,04
CAPIVARI;351040118H;SP;Rio Capivari;-23,003429;-47,501019;11,69;2025-11-02 04:10:00.0;chuva;0,00
CAPIVARI;351040118H;SP;Rio Capivari;-23,003429;-47,501019;11,69;2025-11-02 05:00:00.0;nível;11,05
CAPIVARI;351040118H;SP;Rio Capivari;-23,003429;-47,501019;11,69;2025-11-02 05:10:00.0;chuva;0,00
CAPIVARI;351040118H;SP;Rio Capivari;-23,003429;-47,501019;11,69;2025-11-02 06:00:00.0;nível;11,07
CAPIVARI;351040118H;SP;Rio Capivari;-23,003429;-47,501019;11,69;2025-11-02 06:10:00.0;chuva;0,00
CAPIVARI;351040118H;SP;Rio Capivari;-23,003429;-47,501019;11,69;2025-11-02 06:50:00.0;chuva;0,20
CAPIVARI;351040118H;SP;Rio Capivari;-23,003429;-47,501019;11,69;2025-11-02 07:00:00.0;nível;11,09
CAPIVARI;351040118H;SP;Rio Capivari;-23,003429;-47,501019;11,69;2025-11-02 07:10:00.0;chuva;0,00
CAPIVARI;351040118H;SP;Rio Capivari;-23,003429;-47,501019;11,69;2025-11-02 08:00:00.0;nível;11,11
CAPIVARI;351040118H;SP;Rio Capivari;-23,003429;-47,501019;11,69;2025-11-02 08:10:00.0;chuva;0,00
CAPIVARI;351040118H;SP;Rio Capivari;-23,003429;-47,501019;11,69;2025-11-02 09:00:00.0;nível;11,01
CAPIVARI;351040118H;SP;Rio Capivari;-23,003429;-47,501019;11,69;2025-11-02 09:10:00.0;chuva;0,00
CAPIVARI;351040118H;SP;Rio Capivari;-23,003429;-47,501019;11,69;2025-11-02 10:00:00.0;nível;10,99
CAPIVARI;351040118H;SP;Rio Capivari;-23,003429;-47,501019;11,69;2025-11-02 10:10:00.0;chuva;0,00
CAPIVARI;351040118H;SP;Rio Capivari;-23,003429;-47,501019;11,69;2025-11-02 11:00:00.0;nível;11,04
CAPIVARI;351040118H;SP;Rio Capivari;-23,003429;-47,501019;11,69;2025-11-02 11:10:00.0;chuva;0,00
CAPIVARI;351040118H;SP;Rio Capivari;-23,003429;-47,501019;11,69;2025-11-02 12:00:00.0;nível;11,07
CAPIVARI;351040118H;SP;Rio Capivari;-23,003429;-47,501019;11,69;2025-11-02 12:10:00.0;chuva;0,00
CAPIVARI;351040118H;SP;Rio Capivari;-23,003429;-47,501019;11,69;2025-11-02 13:00:00.0;nível;11,11
CAPIVARI;351040118H;SP;Rio Capivari;-23,003429;-47,501019;11,69;2025-11-02 13:10:00.0;chuva;0,00
CAPIVARI;351040118H;SP;Rio Capivari;-23,003429;-47,501019;11,69;2025-11-02 14:00:00.0;nível;11,01
CAPIVARI;351040118H;SP;Rio Capivari;-23,003429;-47,501019;11,69;2025-11-02 14:10:00.0;chuva;0,00
CAPIVARI;351040118H;SP;Rio Capivari;-23,003429;-47,501019;11,69;2025-11-02 15:00:00.0;nível;10,96
CAPIVARI;351040118H;SP;Rio Capivari;-23,003429;-47,501019;11,69;2025-11-02 15:10:00.0;chuva;0,00
CAPIVARI;351040118H;SP;Rio Capivari;-23,003429;-47,501019;11,69;2025-11-02 15:20:00.0;chuva;0,20
CAPIVARI;351040118H;SP;Rio Capivari;-23,003429;-47,501019;11,69;2025-11-02 16:00:00.0;nível;11,01
CAPIVARI;351040118H;SP;Rio Capivari;-23,003429;-47,501019;11,69;2025-11-02 16:10:00.0;chuva;0,00
CAPIVARI;351040118H;SP;Rio Capivari;-23,003429;-47,501019;11,69;2025-11-02 17:00:00.0;nível;10,89
CAPIVARI;351040118H;SP;Rio Capivari;-23,003429;-47,501019;11,69;2025-11-02 17:10:00.0;chuva;0,00
CAPIVARI;351040118H;SP;Rio Capivari;-23,003429;-47,501019;11,69;2025-11-02 17:20:00.0;nível;10,76
CAPIVARI;351040118H;SP;Rio Capivari;-23,003429;-47,501019;11,69;2025-11-02 18:00:00.0;nível;10,73
CAPIVARI;351040118H;SP;Rio Capivari;-23,003429;-47,501019;11,69;2025-11-02 18:10:00.0;chuva;0,00
CAPIVARI;351040118H;SP;Rio Capivari;-23,003429;-47,501019;11,69;2025-11-02 19:00:00.0;nível;10,79
CAPIVARI;351040118H;SP;Rio Capivari;-23,003429;-47,501019;11,69;2025-11-02 19:10:00.0;chuva;0,00
CAPIVARI;351040118H;SP;Rio Capivari;-23,003429;-47,501019;11,69;2025-11-02 20:00:00.0;nível;10,86
CAPIVARI;351040118H;SP;Rio Capivari;-23,003429;-47,501019;11,69;2025-11-02 20:10:00.0;chuva;0,00
CAPIVARI;351040118H;SP;Rio Capivari;-23,003429;-47,501019;11,69;2025-11-02 21:00:00.0;nível;10,91
CAPIVARI;351040118H;SP;Rio Capivari;-23,003429;-47,501019;11,69;2025-11-02 21:10:00.0;chuva;0,00
CAPIVARI;351040118H;SP;Rio Capivari;-23,003429;-47,501019;11,69;2025-11-02 22:00:00.0;nível;10,94
CAPIVARI;351040118H;SP;Rio Capivari;-23,003429;-47,501019;11,69;2025-11-02 22:10:00.0;chuva;0,00
CAPIVARI;351040118H;SP;Rio Capivari;-23,003429;-47,501019;11,69;2025-11-02 23:00:00.0;nível;10,93
CAPIVARI;351040118H;SP;Rio Capivari;-23,003429;-47,501019;11,69;2025-11-02 23:10:00.0;chuva;0,00
CAPIVARI;351040118H;SP;Rio Capivari;-23,003429;-47,501019;11,69;2025-11-03 00:00:00.0;nível;10,90
CAPIVARI;351040118H;SP;Rio Capivari;-23,003429;-47,501019;11,69;2025-11-03 00:10:00.0;chuva;0,00
CAPIVARI;351040118H;SP;Rio Capivari;-23,003429;-47,501019;11,69;2025-11-03 01:00:00.0;nível;10,88
CAPIVARI;351040118H;SP;Rio Capivari;-23,003429;-47,501019;11,69;2025-11-03 01:10:00.0;chuva;0,00
CAPIVARI;351040118H;SP;Rio Capivari;-23,003429;-47,501019;11,69;2025-11-03 01:40:00.0;chuva;0,20
CAPIVARI;351040118H;SP;Rio Capivari;-23,003429;-47,501019;11,69;2025-11-03 02:00:00.0;nível;10,87
CAPIVARI;351040118H;SP;Rio Capivari;-23,003429;-47,501019;11,69;2025-11-03 02:10:00.0;chuva;0,00
CAPIVARI;351040118H;SP;Rio Capivari;-23,003429;-47,501019;11,69;2025-11-03 03:00:00.0;nível;10,86
CAPIVARI;351040118H;SP;Rio Capivari;-23,003429;-47,501019;11,69;2025-11-03 03:10:00.0;chuva;0,00
CAPIVARI;351040118H;SP;Rio Capivari;-23,003429;-47,501019;11,69;2025-11-03 09:40:00.0;chuva;0,20
CAPIVARI;351040118H;SP;Rio Capivari;-23,003429;-47,501019;11,69;2025-11-03 10:00:00.0;nível;10,40
CAPIVARI;351040118H;SP;Rio Capivari;-23,003429;-47,501019;11,69;2025-11-03 10:10:00.0;chuva;0,00
CAPIVARI;351040118H;SP;Rio Capivari;-23,003429;-47,501019;11,69;2025-11-03 11:00:00.0;nível;10,30
CAPIVARI;351040118H;SP;Rio Capivari;-23,003429;-47,501019;11,69;2025-11-03 11:10:00.0;chuva;0,00
CAPIVARI;351040118H;SP;Rio Capivari;-23,003429;-47,501019;11,69;2025-11-03 12:00:00.0;nível;10,21
CAPIVARI;351040118H;SP;Rio Capivari;-23,003429;-47,501019;11,69;2025-11-03 12:10:00.0;chuva;0,00
CAPIVARI;351040118H;SP;Rio Capivari;-23,003429;-47,501019;11,69;2025-11-03 13:00:00.0;nível;10,16
CAPIVARI;351040118H;SP;Rio Capivari;-23,003429;-47,501019;11,69;2025-11-03 13:10:00.0;chuva;0,00
CAPIVARI;351040118H;SP;Rio Capivari;-23,003429;-47,501019;11,69;2025-11-03 14:00:00.0;nível;10,12
CAPIVARI;351040118H;SP;Rio Capivari;-23,003429;-47,501019;11,69;2025-11-03 14:10:00.0;chuva;0,00
CAPIVARI;351040118H;SP;Rio Capivari;-23,003429;-47,501019;11,69;2025-11-03 15:00:00.0;nível;10,11
CAPIVARI;351040118H;SP;Rio Capivari;-23,003429;-47,501019;11,69;2025-11-03 15:10:00.0;chuva;0,00
CAPIVARI;351040118H;SP;Rio Capivari;-23,003429;-47,501019;11,69;2025-11-03 16:00:00.0;nível;10,10
CAPIVARI;351040118H;SP;Rio Capivari;-23,003429;-47,501019;11,69;2025-11-03 16:10:00.0;chuva;0,00
CAPIVARI;351040118H;SP;Rio Capivari;-23,003429;-47,501019;11,69;2025-11-03 17:00:00.0;nível;10,09
CAPIVARI;351040118H;SP;Rio Capivari;-23,003429;-47,501019;11,69;2025-11-03 17:10:00.0;chuva;0,00
CAPIVARI;351040118H;SP;Rio Capivari;-23,003429;-47,501019;11,69;2025-11-03 18:00:00.0;nível;10,08
CAPIVARI;351040118H;SP;Rio Capivari;-23,003429;-47,501019;11,69;2025-11-03 18:10:00.0;chuva;0,00
CAPIVARI;351040118H;SP;Rio Capivari;-23,003429;-47,501019;11,69;2025-11-03 19:00:00.0;nível;10,06
CAPIVARI;351040118H;SP;Rio Capivari;-23,003429;-47,501019;11,69;2025-11-03 19:10:00.0;chuva;0,00
CAPIVARI;351040118H;SP;Rio Capivari;-23,003429;-47,501019;11,69;2025-11-03 20:00:00.0;nível;10,05
CAPIVARI;351040118H;SP;Rio Capivari;-23,003429;-47,501019;11,69;2025-11-03 20:10:00.0;chuva;0,00
CAPIVARI;351040118H;SP;Rio Capivari;-23,003429;-47,501019;11,69;2025-11-03 21:00:00.0;nível;10,04
CAPIVARI;351040118H;SP;Rio Capivari;-23,003429;-47,501019;11,69;2025-11-03 21:10:00.0;chuva;0,00
CAPIVARI;351040118H;SP;Rio Capivari;-23,003429;-47,501019;11,69;2025-11-03 22:00:00.0;nível;10,03
CAPIVARI;351040118H;SP;Rio Capivari;-23,003429;-47,501019;11,69;2025-11-03 22:10:00.0;chuva;0,00
CAPIVARI;351040118H;SP;Rio Capivari;-23,003429;-47,501019;11,69;2025-11-03 23:00:00.0;nível;10,02
CAPIVARI;351040118H;SP;Rio Capivari;-23,003429;-47,501019;11,69;2025-11-03 23:10:00.0;chuva;0,00
CAPIVARI;351040118H;SP;Rio Capivari;-23,003429;-47,501019;11,69;2025-11-03 23:30:00.0;chuva;0,20
CAPIVARI;351040118H;SP;Rio Capivari;-23,003429;-47,501019;11,69;2025-11-04 00:00:00.0;nível;10,01
CAPIVARI;351040118H;SP;Rio Capivari;-23,003429;-47,501019;11,69;2025-11-04 00:10:00.0;chuva;0,00
CAPIVARI;351040118H;SP;Rio Capivari;-23,003429;-47,501019;11,69;2025-11-04 01:00:00.0;nível;10,00
CAPIVARI;351040118H;SP;Rio Capivari;-23,003429;-47,501019;11,69;2025-11-04 01:10:00.0;chuva;0,00
CAPIVARI;351040118H;SP;Rio Capivari;-23,003429;-47,501019;11,69;2025-11-04 02:00:00.0;nível;9,99
CAPIVARI;351040118H;SP;Rio Capivari;-23,003429;-47,501019;11,69;2025-11-04 02:10:00.0;chuva;0,00
CAPIVARI;351040118H;SP;Rio Capivari;-23,003429;-47,501019;11,69;2025-11-04 03:00:00.0;nível;9,98
CAPIVARI;351040118H;SP;Rio Capivari;-23,003429;-47,501019;11,69;2025-11-04 03:10:00.0;chuva;0,00
CAPIVARI;351040118H;SP;Rio Capivari;-23,003429;-47,501019;11,69;2025-11-04 04:00:00.0;nível;9,97
CAPIVARI;351040118H;SP;Rio Capivari;-23,003429;-47,501019;11,69;2025-11-04 04:10:00.0;chuva;0,00
CAPIVARI;351040118H;SP;Rio Capivari;-23,003429;-47,501019;11,69;2025-11-04 05:00:00.0;nível;9,96
CAPIVARI;351040118H;SP;Rio Capivari;-23,003429;-47,501019;11,69;2025-11-04 05:10:00.0;chuva;0,00
CAPIVARI;351040118H;SP;Rio Capivari;-23,003429;-47,501019;11,69;2025-11-04 06:00:00.0;nível;9,95
CAPIVARI;351040118H;SP;Rio Capivari;-23,003429;-47,501019;11,69;2025-11-04 06:10:00.0;chuva;0,00
CAPIVARI;351040118H;SP;Rio Capivari;-23,003429;-47,501019;11,69;2025-11-04 07:00:00.0;nível;9,94
CAPIVARI;351040118H;SP;Rio Capivari;-23,003429;-47,501019;11,69;2025-11-04 07:10:00.0;chuva;0,00
CAPIVARI;351040118H;SP;Rio Capivari;-23,003429;-47,501019;11,69;2025-11-04 08:00:00.0;nível;9,95
CAPIVARI;351040118H;SP;Rio Capivari;-23,003429;-47,501019;11,69;2025-11-04 08:10:00.0;chuva;0,00
CAPIVARI;351040118H;SP;Rio Capivari;-23,003429;-47,501019;11,69;2025-11-04 08:20:00.0;chuva;0,20
CAPIVARI;351040118H;SP;Rio Capivari;-23,003429;-47,501019;11,69;2025-11-04 09:00:00.0;nível;9,96
CAPIVARI;351040118H;SP;Rio Capivari;-23,003429;-47,501019;11,69;2025-11-04 09:10:00.0;chuva;0,00
CAPIVARI;351040118H;SP;Rio Capivari;-23,003429;-47,501019;11,69;2025-11-04 10:00:00.0;nível;9,97
CAPIVARI;351040118H;SP;Rio Capivari;-23,003429;-47,501019;11,69;2025-11-04 10:10:00.0;chuva;0,00
CAPIVARI;351040118H;SP;Rio Capivari;-23,003429;-47,501019;11,69;2025-11-04 11:00:00.0;nível;10,00
CAPIVARI;351040118H;SP;Rio Capivari;-23,003429;-47,501019;11,69;2025-11-04 11:10:00.0;chuva;0,00
CAPIVARI;351040118H;SP;Rio Capivari;-23,003429;-47,501019;11,69;2025-11-04 12:00:00.0;nível;10,04
CAPIVARI;351040118H;SP;Rio Capivari;-23,003429;-47,501019;11,69;2025-11-04 12:10:00.0;chuva;0,00
CAPIVARI;351040118H;SP;Rio Capivari;-23,003429;-47,501019;11,69;2025-11-04 13:00:00.0;nível;10,08
CAPIVARI;351040118H;SP;Rio Capivari;-23,003429;-47,501019;11,69;2025-11-04 13:10:00.0;chuva;0,00
CAPIVARI;351040118H;SP;Rio Capivari;-23,003429;-47,501019;11,69;2025-11-04 14:00:00.0;nível;10,13
CAPIVARI;351040118H;SP;Rio Capivari;-23,003429;-47,501019;11,69;2025-11-04 14:10:00.0;chuva;0,00
CAPIVARI;351040118H;SP;Rio Capivari;-23,003429;-47,501019;11,69;2025-11-04 15:00:00.0;nível;10,19
CAPIVARI;351040118H;SP;Rio Capivari;-23,003429;-47,501019;11,69;2025-11-04 15:10:00.0;chuva;0,00
CAPIVARI;351040118H;SP;Rio Capivari;-23,003429;-47,501019;11,69;2025-11-04 16:00:00.0;nível;10,25
CAPIVARI;351040118H;SP;Rio Capivari;-23,003429;-47,501019;11,69;2025-11-04 16:10:00.0;chuva;0,00
CAPIVARI;351040118H;SP;Rio Capivari;-23,003429;-47,501019;11,69;2025-11-04 17:00:00.0;nível;10,32
CAPIVARI;351040118H;SP;Rio Capivari;-23,003429;-47,501019;11,69;2025-11-04 17:10:00.0;chuva;0,00
CAPIVARI;351040118H;SP;Rio Capivari;-23,003429;-47,501019;11,69;2025-11-04 18:00:00.0;nível;10,39
CAPIVARI;351040118H;SP;Rio Capivari;-23,003429;-47,501019;11,69;2025-11-04 18:10:00.0;chuva;0,00
CAPIVARI;351040118H;SP;Rio Capivari;-23,003429;-47,501019;11,69;2025-11-04 19:00:00.0;nível;10,47
CAPIVARI;351040118H;SP;Rio Capivari;-23,003429;-47,501019;11,69;2025-11-04 19:10:00.0;chuva;0,00
CAPIVARI;351040118H;SP;Rio Capivari;-23,003429;-47,501019;11,69;2025-11-04 20:00:00.0;nível;10,54
CAPIVARI;351040118H;SP;Rio Capivari;-23,003429;-47,501019;11,69;2025-11-04 20:10:00.0;chuva;0,00
CAPIVARI;351040118H;SP;Rio Capivari;-23,003429;-47,501019;11,69;2025-11-04 21:00:00.0;nível;10,61
CAPIVARI;351040118H;SP;Rio Capivari;-23,003429;-47,501019;11,69;2025-11-04 21:10:00.0;chuva;0,00
CAPIVARI;351040118H;SP;Rio Capivari;-23,003429;-47,501019;11,69;2025-11-04 22:00:00.0;nível;10,67
CAPIVARI;351040118H;SP;Rio Capivari;-23,003429;-47,501019;11,69;2025-11-04 22:10:00.0;chuva;0,00
CAPIVARI;351040118H;SP;Rio Capivari;-23,003429;-47,501019;11,69;2025-11-04 23:00:00.0;nível;10,73
CAPIVARI;351040118H;SP;Rio Capivari;-23,003429;-47,501019;11,69;2025-11-04 23:10:00.0;chuva;0,00
COTIA;351300906H;SP;Rio Cotia;-23,6087;-46,8921;6,52;2025-11-01 00:00:00.0;nível;0,00
COTIA;351300906H;SP;Rio Cotia;-23,6087;-46,8921;6,52;2025-11-01 00:10:00.0;chuva;0,00
COTIA;351300906H;SP;Rio Cotia;-23,6087;-46,8921;6,52;2025-11-01 01:00:00.0;nível;0,00
COTIA;351300906H;SP;Rio Cotia;-23,6087;-46,8921;6,52;2025-11-01 01:10:00.0;chuva;0,00
COTIA;351300906H;SP;Rio Cotia;-23,6087;-46,8921;6,52;2025-11-01 02:00:00.0;nível;0,00
COTIA;351300906H;SP;Rio Cotia;-23,6087;-46,8921;6,52;2025-11-01 02:10:00.0;chuva;0,00
COTIA;351300906H;SP;Rio Cotia;-23,6087;-46,8921;6,52;2025-11-01 02:36:10.0;nível;0,00
COTIA;351300906H;SP;Rio Cotia;-23,6087;-46,8921;6,52;2025-11-01 02:50:00.0;chuva;0,00
COTIA;351300906H;SP;Rio Cotia;-23,6087;-46,8921;6,52;2025-11-01 02:50:20.0;nível;0,00
COTIA;351300906H;SP;Rio Cotia;-23,6087;-46,8921;6,52;2025-11-01 03:00:00.0;nível;0,00
COTIA;351300906H;SP;Rio Cotia;-23,6087;-46,8921;6,52;2025-11-01 03:10:00.0;chuva;0,00
COTIA;351300906H;SP;Rio Cotia;-23,6087;-46,8921;6,52;2025-11-01 03:34:05.0;nível;0,00
COTIA;351300906H;SP;Rio Cotia;-23,6087;-46,8921;6,52;2025-11-01 03:50:00.0;chuva;0,00
COTIA;351300906H;SP;Rio Cotia;-23,6087;-46,8921;6,52;2025-11-01 04:00:00.0;nível;0,00
COTIA;351300906H;SP;Rio Cotia;-23,6087;-46,8921;6,52;2025-11-01 04:10:00.0;chuva;0,00
COTIA;351300906H;SP;Rio Cotia;-23,6087;-46,8921;6,52;2025-11-01 05:00:00.0;nível;0,00
COTIA;351300906H;SP;Rio Cotia;-23,6087;-46,8921;6,52;2025-11-01 05:10:00.0;chuva;0,00
COTIA;351300906H;SP;Rio Cotia;-23,6087;-46,8921;6,52;2025-11-01 06:00:00.0;nível;0,00
COTIA;351300906H;SP;Rio Cotia;-23,6087;-46,8921;6,52;2025-11-01 06:08:15.0;nível;0,00
COTIA;351300906H;SP;Rio Cotia;-23,6087;-46,8921;6,52;2025-11-01 06:10:00.0;chuva;0,00
COTIA;351300906H;SP;Rio Cotia;-23,6087;-46,8921;6,52;2025-11-01 06:20:00.0;chuva;0,00
COTIA;351300906H;SP;Rio Cotia;-23,6087;-46,8921;6,52;2025-11-01 07:00:00.0;nível;0,00
COTIA;351300906H;SP;Rio Cotia;-23,6087;-46,8921;6,52;2025-11-01 07:10:00.0;chuva;0,00
COTIA;351300906H;SP;Rio Cotia;-23,6087;-46,8921;6,52;2025-11-01 08:00:00.0;nível;0,00
COTIA;351300906H;SP;Rio Cotia;-23,6087;-46,8921;6,52;2025-11-01 08:10:00.0;chuva;0,00
COTIA;351300906H;SP;Rio Cotia;-23,6087;-46,8921;6,52;2025-11-01 08:33:35.0;nível;0,00
COTIA;351300906H;SP;Rio Cotia;-23,6087;-46,8921;6,52;2025-11-01 08:50:00.0;chuva;0,00
COTIA;351300906H;SP;Rio Cotia;-23,6087;-46,8921;6,52;2025-11-01 09:00:00.0;nível;0,00
COTIA;351300906H;SP;Rio Cotia;-23,6087;-46,8921;6,52;2025-11-01 09:09:30.0;nível;0,00
COTIA;351300906H;SP;Rio Cotia;-23,6087;-46,8921;6,52;2025-11-01 09:10:00.0;chuva;0,00
COTIA;351300906H;SP;Rio Cotia;-23,6087;-46,8921;6,52;2025-11-01 09:20:00.0;chuva;0,00
COTIA;351300906H;SP;Rio Cotia;-23,6087;-46,8921;6,52;2025-11-01 10:00:00.0;nível;0,00
COTIA;351300906H;SP;Rio Cotia;-23,6087;-46,8921;6,52;2025-11-01 10:10:00.0;chuva;0,00
COTIA;351300906H;SP;Rio Cotia;-23,6087;-46,8921;6,52;2025-11-01 10:12:00.0;nível;0,00
COTIA;351300906H;SP;Rio Cotia;-23,6087;-46,8921;6,52;2025-11-01 10:30:00.0;chuva;0,00
COTIA;351300906H;SP;Rio Cotia;-23,6087;-46,8921;6,52;2025-11-01 11:00:00.0;nível;0,00
COTIA;351300906H;SP;Rio Cotia;-23,6087;-46,8921;6,52;2025-11-01 11:10:00.0;chuva;0,00
COTIA;351300906H;SP;Rio Cotia;-23,6087;-46,8921;6,52;2025-11-01 12:00:00.0;nível;0,00
COTIA;351300906H;SP;Rio Cotia;-23,6087;-46,8921;6,52;2025-11-01 12:10:00.0;chuva;0,00
COTIA;351300906H;SP;Rio Cotia;-23,6087;-46,8921;6,52;2025-11-01 12:21:35.0;nível;0,00
COTIA;351300906H;SP;Rio Cotia;-23,6087;-46,8921;6,52;2025-11-01 12:40:00.0;chuva;0,00
COTIA;351300906H;SP;Rio Cotia;-23,6087;-46,8921;6,52;2025-11-01 13:00:00.0;nível;0,00
COTIA;351300906H;SP;Rio Cotia;-23,6087;-46,8921;6,52;2025-11-01 13:10:00.0;chuva;0,00
COTIA;351300906H;SP;Rio Cotia;-23,6087;-46,8921;6,52;2025-11-01 13:14:30.0;nível;0,00
COTIA;351300906H;SP;Rio Cotia;-23,6087;-46,8921;6,52;2025-11-01 13:30:00.0;chuva;0,00
COTIA;351300906H;SP;Rio Cotia;-23,6087;-46,8921;6,52;2025-11-01 13:34:30.0;nível;0,00
COTIA;351300906H;SP;Rio Cotia;-23,6087;-46,8921;6,52;2025-11-01 13:38:50.0;nível;0,00
COTIA;351300906H;SP;Rio Cotia;-23,6087;-46,8921;6,52;2025-11-01 13:39:45.0;nível;0,00
COTIA;351300906H;SP;Rio Cotia;-23,6087;-46,8921;6,52;2025-11-01 13:40:15.0;nível;0,00
COTIA;351300906H;SP;Rio Cotia;-23,6087;-46,8921;6,52;2025-11-01 13:42:15.0;nível;0,00
COTIA;351300906H;SP;Rio Cotia;-23,6087;-46,8921;6,52;2025-11-01 13:45:00.0;nível;0,00
COTIA;351300906H;SP;Rio Cotia;-23,6087;-46,8921;6,52;2025-11-01 13:50:00.0;chuva;0,00
COTIA;351300906H;SP;Rio Cotia;-23,6087;-46,8921;6,52;2025-11-01 14:00:00.0;nível;0,00
COTIA;351300906H;SP;Rio Cotia;-23,6087;-46,8921;6,52;2025-11-01 14:00:00.0;chuva;0,00
COTIA;351300906H;SP;Rio Cotia;-23,6087;-46,8921;6,52;2025-11-01 14:36:05.0;nível;0,00
COTIA;351300906H;SP;Rio Cotia;-23,6087;-46,8921;6,52;2025-11-01 14:36:30.0;nível;0,00
COTIA;351300906H;SP;Rio Cotia;-23,6087;-46,8921;6,52;2025-11-01 14:38:45.0;nível;0,00
COTIA;351300906H;SP;Rio Cotia;-23,6087;-46,8921;6,52;2025-11-01 14:50:00.0;chuva;0,00
COTIA;351300906H;SP;Rio Cotia;-23,6087;-46,8921;6,52;2025-11-01 15:00:00.0;nível;0,00
COTIA;351300906H;SP;Rio Cotia;-23,6087;-46,8921;6,52;2025-11-01 15:03:30.0;nível;0,00
COTIA;351300906H;SP;Rio Cotia;-23,6087;-46,8921;6,52;2025-11-01 15:04:10.0;nível;0,00
COTIA;351300906H;SP;Rio Cotia;-23,6087;-46,8921;6,52;2025-11-01 15:10:00.0;chuva;0,00
COTIA;351300906H;SP;Rio Cotia;-23,6087;-46,8921;6,52;2025-11-01 15:20:00.0;chuva;0,00
COTIA;351300906H;SP;Rio Cotia;-23,6087;-46,8921;6,52;2025-11-01 15:33:40.0;nível;0,00
COTIA;351300906H;SP;Rio Cotia;-23,6087;-46,8921;6,52;2025-11-01 15:34:10.0;nível;0,00
COTIA;351300906H;SP;Rio Cotia;-23,6087;-46,8921;6,52;2025-11-01 16:00:00.0;nível;0,00
COTIA;351300906H;SP;Rio Cotia;-23,6087;-46,8921;6,52;2025-11-01 16:00:00.0;chuva;0,00
COTIA;351300906H;SP;Rio Cotia;-23,6087;-46,8921;6,52;2025-11-01 16:10:00.0;chuva;0,00
COTIA;351300906H;SP;Rio Cotia;-23,6087;-46,8921;6,52;2025-11-01 17:00:00.0;nível;0,00
COTIA;351300906H;SP;Rio Cotia;-23,6087;-46,8921;6,52;2025-11-01 17:10:00.0;chuva;0,00
COTIA;351300906H;SP;Rio Cotia;-23,6087;-46,8921;6,52;2025-11-01 17:25:05.0;nível;0,00
COTIA;351300906H;SP;Rio Cotia;-23,6087;-46,8921;6,52;2025-11-01 18:00:00.0;nível;0,00
COTIA;351300906H;SP;Rio Cotia;-23,6087;-46,8921;6,52;2025-11-01 18:00:00.0;chuva;0,00
COTIA;351300906H;SP;Rio Cotia;-23,6087;-46,8921;6,52;2025-11-01 18:03:05.0;nível;0,00
COTIA;351300906H;SP;Rio Cotia;-23,6087;-46,8921;6,52;2025-11-01 18:20:00.0;chuva;0,00
COTIA;351300906H;SP;Rio Cotia;-23,6087;-46,8921;6,52;2025-11-01 18:25:05.0;nível;0,00
COTIA;351300906H;SP;Rio Cotia;-23,6087;-46,8921;6,52;2025-11-01 18:40:00.0;chuva;0,00
COTIA;351300906H;SP;Rio Cotia;-23,6087;-46,8921;6,52;2025-11-01 18:55:40.0;nível;0,00
COTIA;351300906H;SP;Rio Cotia;-23,6087;-46,8921;6,52;2025-11-01 18:57:45.0;nível;0,00
COTIA;351300906H;SP;Rio Cotia;-23,6087;-46,8921;6,52;2025-11-01 19:00:00.0;nível;0,00
COTIA;351300906H;SP;Rio Cotia;-23,6087;-46,8921;6,52;2025-11-01 19:10:00.0;chuva;0,00
COTIA;351300906H;SP;Rio Cotia;-23,6087;-46,8921;6,52;2025-11-01 19:38:50.0;nível;0,00
COTIA;351300906H;SP;Rio Cotia;-23,6087;-46,8921;6,52;2025-11-01 19:45:35.0;nível;0,00
COTIA;351300906H;SP;Rio Cotia;-23,6087;-46,8921;6,52;2025-11-01 19:50:00.0;chuva;0,00
COTIA;351300906H;SP;Rio Cotia;-23,6087;-46,8921;6,52;2025-11-01 19:53:15.0;nível;0,00
COTIA;351300906H;SP;Rio Cotia;-23,6087;-46,8921;6,52;2025-11-01 20:00:00.0;chuva;0,00
COTIA;351300906H;SP;Rio Cotia;-23,6087;-46,8921;6,52;2025-11-01 20:10:00.0;chuva;0,00
COTIA;351300906H;SP;Rio Cotia;-23,6087;-46,8921;6,52;2025-11-01 21:00:00.0;nível;0,00
COTIA;351300906H;SP;Rio Cotia;-23,6087;-46,8921;6,52;2025-11-01 21:05:15.0;nível;0,00
COTIA;351300906H;SP;Rio Cotia;-23,6087;-46,8921;6,52;2025-11-01 21:05:50.0;nível;0,00
COTIA;351300906H;SP;Rio Cotia;-23,6087;-46,8921;6,52;2025-11-01 21:07:15.0;nível;0,00
COTIA;351300906H;SP;Rio Cotia;-23,6087;-46,8921;6,52;2025-11-01 21:09:10.0;nível;0,00
COTIA;351300906H;SP;Rio Cotia;-23,6087;-46,8921;6,52;2025-11-01 21:10:00.0;chuva;0,00
COTIA;351300906H;SP;Rio Cotia;-23,6087;-46,8921;6,52;2025-11-01 21:20:00.0;chuva;0,00
COTIA;351300906H;SP;Rio Cotia;-23,6087;-46,8921;6,52;2025-11-01 21:46:25.0;nível;0,00
COTIA;351300906H;SP;Rio Cotia;-23,6087;-46,8921;6,52;2025-11-01 21:47:50.0;nível;0,00
COTIA;351300906H;SP;Rio Cotia;-23,6087;-46,8921;6,52;2025-11-01 21:48:30.0;nível;0,00
COTIA;351300906H;SP;Rio Cotia;-23,6087;-46,8921;6,52;2025-11-01 22:00:00.0;chuva;0,00
COTIA;351300906H;SP;Rio Cotia;-23,6087;-46,8921;6,52;2025-11-01 22:13:25.0;nível;0,00
COTIA;351300906H;SP;Rio Cotia;-23,6087;-46,8921;6,52;2025-11-01 22:15:10.0;nível;0,00
COTIA;351300906H;SP;Rio Cotia;-23,6087;-46,8921;6,52;2025-11-01 22:16:40.0;nível;0,00
COTIA;351300906H;SP;Rio Cotia;-23,6087;-46,8921;6,52;2025-11-01 22:17:15.0;nível;0,00
COTIA;351300906H;SP;Rio Cotia;-23,6087;-46,8921;6,52;2025-11-01 22:19:40.0;nível;0,00
COTIA;351300906H;SP;Rio Cotia;-23,6087;-46,8921;6,52;2025-11-01 22:20:25.0;nível;0,00
COTIA;351300906H;SP;Rio Cotia;-23,6087;-46,8921;6,52;2025-11-01 22:21:50.0;nível;0,00
COTIA;351300906H;SP;Rio Cotia;-23,6087;-46,8921;6,52;2025-11-01 22:30:00.0;chuva;0,00
COTIA;351300906H;SP;Rio Cotia;-23,6087;-46,8921;6,52;2025-11-01 22:44:00.0;nível;0,00
COTIA;351300906H;SP;Rio Cotia;-23,6087;-46,8921;6,52;2025-11-01 22:45:15.0;nível;0,00
COTIA;351300906H;SP;Rio Cotia;-23,6087;-46,8921;6,52;2025-11-01 22:47:20.0;nível;0,00
COTIA;351300906H;SP;Rio Cotia;-23,6087;-46,8921;6,52;2025-11-01 22:50:00.0;chuva;0,00
COTIA;351300906H;SP;Rio Cotia;-23,6087;-46,8921;6,52;2025-11-01 23:00:00.0;nível;0,00
COTIA;351300906H;SP;Rio Cotia;-23,6087;-46,8921;6,52;2025-11-01 23:00:00.0;chuva;0,00
COTIA;351300906H;SP;Rio Cotia;-23,6087;-46,8921;6,52;2025-11-01 23:41:50.0;nível;0,00
COTIA;351300906H;SP;Rio Cotia;-23,6087;-46,8921;6,52;2025-11-02 00:00:00.0;nível;0,00
COTIA;351300906H;SP;Rio Cotia;-23,6087;-46,8921;6,52;2025-11-02 00:00:00.0;chuva;0,00
COTIA;351300906H;SP;Rio Cotia;-23,6087;-46,8921;6,52;2025-11-02 00:10:00.0;chuva;0,00
COTIA;351300906H;SP;Rio Cotia;-23,6087;-46,8921;6,52;2025-11-02 01:00:00.0;nível;0,00
COTIA;351300906H;SP;Rio Cotia;-23,6087;-46,8921;6,52;2025-11-02 01:10:00.0;chuva;0,00
COTIA;351300906H;SP;Rio Cotia;-23,6087;-46,8921;6,52;2025-11-02 02:00:00.0;nível;0,00
COTIA;351300906H;SP;Rio Cotia;-23,6087;-46,8921;6,52;2025-11-02 02:10:00.0;chuva;0,00
COTIA;351300906H;SP;Rio Cotia;-23,6087;-46,8921;6,52;2025-11-02 03:00:00.0;nível;0,00
COTIA;351300906H;SP;Rio Cotia;-23,6087;-46,8921;6,52;2025-11-02 03:10:00.0;chuva;0,00
COTIA;351300906H;SP;Rio Cotia;-23,6087;-46,8921;6,52;2025-11-02 03:56:45.0;nível;0,00
COTIA;351300906H;SP;Rio Cotia;-23,6087;-46,8921;6,52;2025-11-02 04:00:00.0;nível;0,00
COTIA;351300906H;SP;Rio Cotia;-23,6087;-46,8921;6,52;2025-11-02 04:10:00.0;chuva;0,00
COTIA;351300906H;SP;Rio Cotia;-23,6087;-46,8921;6,52;2025-11-02 05:00:00.0;nível;0,00
COTIA;351300906H;SP;Rio Cotia;-23,6087;-46,8921;6,52;2025-11-02 05:10:00.0;chuva;0,00
COTIA;351300906H;SP;Rio Cotia;-23,6087;-46,8921;6,52;2025-11-02 05:40:00.0;chuva;0,40
COTIA;351300906H;SP;Rio Cotia;-23,6087;-46,8921;6,52;2025-11-02 05:50:00.0;chuva;0,40
COTIA;351300906H;SP;Rio Cotia;-23,6087;-46,8921;6,52;2025-11-02 06:00:00.0;nível;0,00
COTIA;351300906H;SP;Rio Cotia;-23,6087;-46,8921;6,52;2025-11-02 06:00:00.0;chuva;0,20
COTIA;351300906H;SP;Rio Cotia;-23,6087;-46,8921;6,52;2025-11-02 06:20:00.0;chuva;0,20
COTIA;351300906H;SP;Rio Cotia;-23,6087;-46,8921;6,52;2025-11-02 07:00:00.0;nível;0,00
COTIA;351300906H;SP;Rio Cotia;-23,6087;-46,8921;6,52;2025-11-02 07:00:00.0;chuva;2,20
COTIA;351300906H;SP;Rio Cotia;-23,6087;-46,8921;6,52;2025-11-02 07:10:00.0;chuva;0,60
COTIA;351300906H;SP;Rio Cotia;-23,6087;-46,8921;6,52;2025-11-02 07:20:00.0;chuva;4,40
COTIA;351300906H;SP;Rio Cotia;-23,6087;-46,8921;6,52;2025-11-02 07:21:40.0;nível;0,00
COTIA;351300906H;SP;Rio Cotia;-23,6087;-46,8921;6,52;2025-11-02 07:22:35.0;nível;0,00
COTIA;351300906H;SP;Rio Cotia;-23,6087;-46,8921;6,52;2025-11-02 07:30:00.0;chuva;1,40
COTIA;351300906H;SP;Rio Cotia;-23,6087;-46,8921;6,52;2025-11-02 09:00:00.0;nível;0,00
COTIA;351300906H;SP;Rio Cotia;-23,6087;-46,8921;6,52;2025-11-02 09:00:00.0;chuva;0,40
COTIA;351300906H;SP;Rio Cotia;-23,6087;-46,8921;6,52;2025-11-02 09:20:00.0;chuva;0,20
COTIA;351300906H;SP;Rio Cotia;-23,6087;-46,8921;6,52;2025-11-02 09:30:00.0;chuva;0,20
COTIA;351300906H;SP;Rio Cotia;-23,6087;-46,8921;6,52;2025-11-02 09:40:00.0;chuva;0,20
COTIA;351300906H;SP;Rio Cotia;-23,6087;-46,8921;6,52;2025-11-02 09:50:00.0;chuva;0,20
COTIA;351300906H;SP;Rio Cotia;-23,6087;-46,8921;6,52;2025-11-02 10:00:00.0;nível;0,00
COTIA;351300906H;SP;Rio Cotia;-23,6087;-46,8921;6,52;2025-11-02 10:10:00.0;chuva;0,20
COTIA;351300906H;SP;Rio Cotia;-23,6087;-46,8921;6,52;2025-11-02 10:22:50.0;nível;0,00
COTIA;351300906H;SP;Rio Cotia;-23,6087;-46,8921;6,52;2025-11-02 10:40:00.0;chuva;0,00
COTIA;351300906H;SP;Rio Cotia;-23,6087;-46,8921;6,52;2025-11-02 10:50:00.0;chuva;0,20
COTIA;351300906H;SP;Rio Cotia;-23,6087;-46,8921;6,52;2025-11-02 11:00:00.0;nível;0,00
COTIA;351300906H;SP;Rio Cotia;-23,6087;-46,8921;6,52;2025-11-02 11:00:00.0;chuva;0,60
COTIA;351300906H;SP;Rio Cotia;-23,6087;-46,8921;6,52;2025-11-02 11:06:15.0;nível;0,00
COTIA;351300906H;SP;Rio Cotia;-23,6087;-46,8921;6,52;2025-11-02 11:10:00.0;chuva;0,20
COTIA;351300906H;SP;Rio Cotia;-23,6087;-46,8921;6,52;2025-11-02 11:20:00.0;chuva;0,20
COTIA;351300906H;SP;Rio Cotia;-23,6087;-46,8921;6,52;2025-11-02 11:23:50.0;nível;0,00
COTIA;351300906H;SP;Rio Cotia;-23,6087;-46,8921;6,52;2025-11-02 11:50:00.0;chuva;0,00
COTIA;351300906H;SP;Rio Cotia;-23,6087;-46,8921;6,52;2025-11-02 12:00:00.0;nível;0,00
COTIA;351300906H;SP;Rio Cotia;-23,6087;-46,8921;6,52;2025-11-02 12:10:00.0;chuva;0,00
COTIA;351300906H;SP;Rio Cotia;-23,6087;-46,8921;6,52;2025-11-02 12:17:25.0;nível;0,00
COTIA;351300906H;SP;Rio Cotia;-23,6087;-46,8921;6,52;2025-11-02 12:20:00.0;chuva;0,20
COTIA;351300906H;SP;Rio Cotia;-23,6087;-46,8921;6,52;2025-11-02 12:30:00.0;chuva;0,00
COTIA;351300906H;SP;Rio Cotia;-23,6087;-46,8921;6,52;2025-11-02 12:40:00.0;chuva;0,80
COTIA;351300906H;SP;Rio Cotia;-23,6087;-46,8921;6,52;2025-11-02 12:50:00.0;chuva;0,20
COTIA;351300906H;SP;Rio Cotia;-23,6087;-46,8921;6,52;2025-11-02 13:00:00.0;nível;0,00
COTIA;351300906H;SP;Rio Cotia;-23,6087;-46,8921;6,52;2025-11-02 13:00:00.0;chuva;0,40
COTIA;351300906H;SP;Rio Cotia;-23,6087;-46,8921;6,52;2025-11-02 13:20:00.0;chuva;0,20
COTIA;351300906H;SP;Rio Cotia;-23,6087;-46,8921;6,52;2025-11-02 13:30:00.0;chuva;0,40
COTIA;351300906H;SP;Rio Cotia;-23,6087;-46,8921;6,52;2025-11-02 13:33:30.0;nível;0,00
COTIA;351300906H;SP;Rio Cotia;-23,6087;-46,8921;6,52;2025-11-02 13:40:00.0;chuva;0,40
COTIA;351300906H;SP;Rio Cotia;-23,6087;-46,8921;6,52;2025-11-02 13:41:10.0;nível;0,00
COTIA;351300906H;SP;Rio Cotia;-23,6087;-46,8921;6,52;2025-11-02 13:50:00.0;chuva;0,60
COTIA;351300906H;SP;Rio Cotia;-23,6087;-46,8921;6,52;2025-11-02 14:00:00.0;nível;0,00
COTIA;351300906H;SP;Rio Cotia;-23,6087;-46,8921;6,52;2025-11-02 14:00:00.0;chuva;0,60
COTIA;351300906H;SP;Rio Cotia;-23,6087;-46,8921;6,52;2025-11-02 14:10:00.0;chuva;0,40
COTIA;351300906H;SP;Rio Cotia;-23,6087;-46,8921;6,52;2025-11-02 14:20:00.0;chuva;0,80
COTIA;351300906H;SP;Rio Cotia;-23,6087;-46,8921;6,52;2025-11-02 14:21:50.0;nível;0,00
COTIA;351300906H;SP;Rio Cotia;-23,6087;-46,8921;6,52;2025-11-02 14:24:25.0;nível;0,00
COTIA;351300906H;SP;Rio Cotia;-23,6087;-46,8921;6,52;2025-11-02 14:50:00.0;chuva;0,00
COTIA;351300906H;SP;Rio Cotia;-23,6087;-46,8921;6,52;2025-11-02 15:00:00.0;nível;0,00
COTIA;351300906H;SP;Rio Cotia;-23,6087;-46,8921;6,52;2025-11-02 15:00:00.0;chuva;0,20
COTIA;351300906H;SP;Rio Cotia;-23,6087;-46,8921;6,52;2025-11-02 16:00:00.0;nível;0,00
COTIA;351300906H;SP;Rio Cotia;-23,6087;-46,8921;6,52;2025-11-02 16:10:00.0;chuva;0,00
COTIA;351300906H;SP;Rio Cotia;-23,6087;-46,8921;6,52;2025-11-02 17:00:00.0;nível;0,00
COTIA;351300906H;SP;Rio Cotia;-23,6087;-46,8921;6,52;2025-11-02 17:10:00.0;chuva;0,00
COTIA;351300906H;SP;Rio Cotia;-23,6087;-46,8921;6,52;2025-11-02 17:47:55.0;nível;0,00
COTIA;351300906H;SP;Rio Cotia;-23,6087;-46,8921;6,52;2025-11-02 17:50:05.0;nível;0,00
COTIA;351300906H;SP;Rio Cotia;-23,6087;-46,8921;6,52;2025-11-02 17:57:35.0;nível;0,00
COTIA;351300906H;SP;Rio Cotia;-23,6087;-46,8921;6,52;2025-11-02 18:00:00.0;nível;0,00
COTIA;351300906H;SP;Rio Cotia;-23,6087;-46,8921;6,52;2025-11-02 18:00:00.0;chuva;0,00
COTIA;351300906H;SP;Rio Cotia;-23,6087;-46,8921;6,52;2025-11-02 18:10:00.0;chuva;0,00
COTIA;351300906H;SP;Rio Cotia;-23,6087;-46,8921;6,52;2025-11-02 18:27:25.0;nível;0,00
COTIA;351300906H;SP;Rio Cotia;-23,6087;-46,8921;6,52;2025-11-02 18:28:15.0;nível;0,00
COTIA;351300906H;SP;Rio Cotia;-23,6087;-46,8921;6,52;2025-11-02 18:28:50.0;nível;0,00
COTIA;351300906H;SP;Rio Cotia;-23,6087;-46,8921;6,52;2025-11-02 18:40:00.0;chuva;0,00
COTIA;351300906H;SP;Rio Cotia;-23,6087;-46,8921;6,52;2025-11-02 19:00:00.0;nível;0,00
COTIA;351300906H;SP;Rio Cotia;-23,6087;-46,8921;6,52;2025-11-02 19:07:20.0;nível;0,00
COTIA;351300906H;SP;Rio Cotia;-23,6087;-46,8921;6,52;2025-11-02 19:10:00.0;chuva;0,00
COTIA;351300906H;SP;Rio Cotia;-23,6087;-46,8921;6,52;2025-11-02 19:20:00.0;chuva;0,00
COTIA;351300906H;SP;Rio Cotia;-23,6087;-46,8921;6,52;2025-11-02 20:00:00.0;nível;0,00
COTIA;351300906H;SP;Rio Cotia;-23,6087;-46,8921;6,52;2025-11-02 20:10:00.0;chuva;0,00
COTIA;351300906H;SP;Rio Cotia;-23,6087;-46,8921;6,52;2025-11-02 21:00:00.0;nível;0,00
COTIA;351300906H;SP;Rio Cotia;-23,6087;-46,8921;6,52;2025-11-02 21:10:00.0;chuva;0,00
COTIA;351300906H;SP;Rio Cotia;-23,6087;-46,8921;6,52;2025-11-02 21:42:20.0;nível;0,00
COTIA;351300906H;SP;Rio Cotia;-23,6087;-46,8921;6,52;2025-11-02 22:00:00.0;nível;0,00
COTIA;351300906H;SP;Rio Cotia;-23,6087;-46,8921;6,52;2025-11-02 22:00:00.0;chuva;0,00
COTIA;351300906H;SP;Rio Cotia;-23,6087;-46,8921;6,52;2025-11-02 22:10:00.0;chuva;0,00
COTIA;351300906H;SP;Rio Cotia;-23,6087;-46,8921;6,52;2025-11-02 22:37:20.0;nível;0,00
COTIA;351300906H;SP;Rio Cotia;-23,6087;-46,8921;6,52;2025-11-02 22:42:15.0;nível;0,00
COTIA;351300906H;SP;Rio Cotia;-23,6087;-46,8921;6,52;2025-11-02 22:50:00.0;chuva;0,00
COTIA;351300906H;SP;Rio Cotia;-23,6087;-46,8921;6,52;2025-11-02 23:00:00.0;nível;0,00
COTIA;351300906H;SP;Rio Cotia;-23,6087;-46,8921;6,52;2025-11-02 23:00:00.0;chuva;0,00
COTIA;351300906H;SP;Rio Cotia;-23,6087;-46,8921;6,52;2025-11-02 23:10:00.0;chuva;0,00
COTIA;351300906H;SP;Rio Cotia;-23,6087;-46,8921;6,52;2025-11-02 23:14:05.0;nível;0,00
COTIA;351300906H;SP;Rio Cotia;-23,6087;-46,8921;6,52;2025-11-02 23:15:40.0;nível;0,00
COTIA;351300906H;SP;Rio Cotia;-23,6087;-46,8921;6,52;2025-11-02 23:30:00.0;chuva;0,00
COTIA;351300906H;SP;Rio Cotia;-23,6087;-46,8921;6,52;2025-11-03 00:00:00.0;nível;0,00
COTIA;351300906H;SP;Rio Cotia;-23,6087;-46,8921;6,52;2025-11-03 00:10:00.0;chuva;0,00
COTIA;351300906H;SP;Rio Cotia;-23,6087;-46,8921;6,52;2025-11-03 01:00:00.0;nível;0,00
COTIA;351300906H;SP;Rio Cotia;-23,6087;-46,8921;6,52;2025-11-03 01:10:00.0;chuva;0,00
COTIA;351300906H;SP;Rio Cotia;-23,6087;-46,8921;6,52;2025-11-03 02:00:00.0;nível;0,00
COTIA;351300906H;SP;Rio Cotia;-23,6087;-46,8921;6,52;2025-11-03 02:10:00.0;chuva;0,00
COTIA;351300906H;SP;Rio Cotia;-23,6087;-46,8921;6,52;2025-11-03 03:00:00.0;nível;0,00
COTIA;351300906H;SP;Rio Cotia;-23,6087;-46,8921;6,52;2025-11-03 03:10:00.0;chuva;0,00
COTIA;351300906H;SP;Rio Cotia;-23,6087;-46,8921;6,52;2025-11-03 04:00:00.0;nível;0,00
COTIA;351300906H;SP;Rio Cotia;-23,6087;-46,8921;6,52;2025-11-03 04:08:20.0;nível;0,00
COTIA;351300906H;SP;Rio Cotia;-23,6087;-46,8921;6,52;2025-11-03 04:10:00.0;chuva;0,00
COTIA;351300906H;SP;Rio Cotia;-23,6087;-46,8921;6,52;2025-11-03 04:10:15.0;nível;0,00
COTIA;351300906H;SP;Rio Cotia;-23,6087;-46,8921;6,52;2025-11-03 04:20:00.0;chuva;0,00
COTIA;351300906H;SP;Rio Cotia;-23,6087;-46,8921;6,52;2025-11-03 05:00:00.0;nível;0,00
COTIA;351300906H;SP;Rio Cotia;-23,6087;-46,8921;6,52;2025-11-03 05:10:00.0;chuva;0,00
COTIA;351300906H;SP;Rio Cotia;-23,6087;-46,8921;6,52;2025-11-03 05:48:50.0;nível;0,00
COTIA;351300906H;SP;Rio Cotia;-23,6087;-46,8921;6,52;2025-11-03 06:00:00.0;nível;0,00
COTIA;351300906H;SP;Rio Cotia;-23,6087;-46,8921;6,52;2025-11-03 06:00:00.0;chuva;0,00
COTIA;351300906H;SP;Rio Cotia;-23,6087;-46,8921;6,52;2025-11-03 07:00:00.0;nível;0,00
COTIA;351300906H;SP;Rio Cotia;-23,6087;-46,8921;6,52;2025-11-03 07:10:00.0;chuva;0,00
COTIA;351300906H;SP;Rio Cotia;-23,6087;-46,8921;6,52;2025-11-03 08:00:00.0;nível;0,00
COTIA;351300906H;SP;Rio Cotia;-23,6087;-46,8921;6,52;2025-11-03 08:10:00.0;chuva;0,00
COTIA;351300906H;SP;Rio Cotia;-23,6087;-46,8921;6,52;2025-11-03 08:13:25.0;nível;0,00
COTIA;351300906H;SP;Rio Cotia;-23,6087;-46,8921;6,52;2025-11-03 08:30:00.0;chuva;0,00
COTIA;351300906H;SP;Rio Cotia;-23,6087;-46,8921;6,52;2025-11-03 08:57:50.0;nível;0,00
COTIA;351300906H;SP;Rio Cotia;-23,6087;-46,8921;6,52;2025-11-03 09:00:00.0;nível;0,00
COTIA;351300906H;SP;Rio Cotia;-23,6087;-46,8921;6,52;2025-11-03 09:10:00.0;chuva;0,00
COTIA;351300906H;SP;Rio Cotia;-23,6087;-46,8921;6,52;2025-11-03 09:12:50.0;nível;0,00
COTIA;351300906H;SP;Rio Cotia;-23,6087;-46,8921;6,52;2025-11-03 09:20:45.0;nível;0,00
COTIA;351300906H;SP;Rio Cotia;-23,6087;-46,8921;6,52;2025-11-03 09:30:00.0;chuva;0,00
COTIA;351300906H;SP;Rio Cotia;-23,6087;-46,8921;6,52;2025-11-03 09:40:00.0;chuva;0,00
COTIA;351300906H;SP;Rio Cotia;-23,6087;-46,8921;6,52;2025-11-03 10:00:00.0;nível;0,00
COTIA;351300906H;SP;Rio Cotia;-23,6087;-46,8921;6,52;2025-11-03 10:10:00.0;chuva;0,00
COTIA;351300906H;SP;Rio Cotia;-23,6087;-46,8921;6,52;2025-11-03 11:00:00.0;nível;0,00
COTIA;351300906H;SP;Rio Cotia;-23,6087;-46,8921;6,52;2025-11-03 11:10:00.0;chuva;0,00
COTIA;351300906H;SP;Rio Cotia;-23,6087;-46,8921;6,52;2025-11-03 11:35:25.0;nível;0,00
COTIA;351300906H;SP;Rio Cotia;-23,6087;-46,8921;6,52;2025-11-03 11:49:30.0;nível;0,00
COTIA;351300906H;SP;Rio Cotia;-23,6087;-46,8921;6,52;2025-11-03 11:50:00.0;chuva;0,00
COTIA;351300906H;SP;Rio Cotia;-23,6087;-46,8921;6,52;2025-11-03 12:00:00.0;nível;0,00
COTIA;351300906H;SP;Rio Cotia;-23,6087;-46,8921;6,52;2025-11-03 12:00:00.0;chuva;0,00
COTIA;351300906H;SP;Rio Cotia;-23,6087;-46,8921;6,52;2025-11-03 12:10:00.0;chuva;0,00
COTIA;351300906H;SP;Rio Cotia;-23,6087;-46,8921;6,52;2025-11-03 12:12:45.0;nível;0,00
COTIA;351300906H;SP;Rio Cotia;-23,6087;-46,8921;6,52;2025-11-03 12:15:30.0;nível;0,00
COTIA;351300906H;SP;Rio Cotia;-23,6087;-46,8921;6,52;2025-11-03 12:17:15.0;nível;0,00
COTIA;351300906H;SP;Rio Cotia;-23,6087;-46,8921;6,52;2025-11-03 12:30:00.0;chuva;0,00
COTIA;351300906H;SP;Rio Cotia;-23,6087;-46,8921;6,52;2025-11-03 12:48:50.0;nível;0,00
COTIA;351300906H;SP;Rio Cotia;-23,6087;-46,8921;6,52;2025-11-03 12:59:10.0;nível;0,00
COTIA;351300906H;SP;Rio Cotia;-23,6087;-46,8921;6,52;2025-11-03 13:00:00.0;nível;0,00
COTIA;351300906H;SP;Rio Cotia;-23,6087;-46,8921;6,52;2025-11-03 13:00:00.0;chuva;0,00
COTIA;351300906H;SP;Rio Cotia;-23,6087;-46,8921;6,52;2025-11-03 13:10:00.0;chuva;0,00
COTIA;351300906H;SP;Rio Cotia;-23,6087;-46,8921;6,52;2025-11-03 13:12:35.0;nível;0,00
COTIA;351300906H;SP;Rio Cotia;-23,6087;-46,8921;6,52;2025-11-03 14:50:00.0;chuva;0,00
COTIA;351300906H;SP;Rio Cotia;-23,6087;-46,8921;6,52;2025-11-03 15:00:00.0;nível;0,00
COTIA;351300906H;SP;Rio Cotia;-23,6087;-46,8921;6,52;2025-11-03 15:10:00.0;chuva;0,00
COTIA;351300906H;SP;Rio Cotia;-23,6087;-46,8921;6,52;2025-11-03 15:56:45.0;nível;0,00
COTIA;351300906H;SP;Rio Cotia;-23,6087;-46,8921;6,52;2025-11-03 15:57:45.0;nível;0,00
COTIA;351300906H;SP;Rio Cotia;-23,6087;-46,8921;6,52;2025-11-03 16:00:00.0;nível;0,00
COTIA;351300906H;SP;Rio Cotia;-23,6087;-46,8921;6,52;2025-11-03 16:01:20.0;nível;0,00
COTIA;351300906H;SP;Rio Cotia;-23,6087;-46,8921;6,52;2025-11-03 16:10:00.0;chuva;0,00
COTIA;351300906H;SP;Rio Cotia;-23,6087;-46,8921;6,52;2025-11-03 16:20:00.0;chuva;0,00
COTIA;351300906H;SP;Rio Cotia;-23,6087;-46,8921;6,52;2025-11-03 16:20:35.0;nível;0,00
COTIA;351300906H;SP;Rio Cotia;-23,6087;-46,8921;6,52;2025-11-03 16:40:00.0;chuva;0,00
COTIA;351300906H;SP;Rio Cotia;-23,6087;-46,8921;6,52;2025-11-03 16:41:10.0;nível;0,00
COTIA;351300906H;SP;Rio Cotia;-23,6087;-46,8921;6,52;2025-11-03 17:00:00.0;nível;0,00
COTIA;351300906H;SP;Rio Cotia;-23,6087;-46,8921;6,52;2025-11-03 17:00:00.0;chuva;0,00
COTIA;351300906H;SP;Rio Cotia;-23,6087;-46,8921;6,52;2025-11-03 17:06:00.0;nível;0,00
COTIA;351300906H;SP;Rio Cotia;-23,6087;-46,8921;6,52;2025-11-03 17:20:00.0;chuva;0,00
COTIA;351300906H;SP;Rio Cotia;-23,6087;-46,8921;6,52;2025-11-03 17:31:40.0;nível;0,00
COTIA;351300906H;SP;Rio Cotia;-23,6087;-46,8921;6,52;2025-11-03 17:48:45.0;nível;0,00
COTIA;351300906H;SP;Rio Cotia;-23,6087;-46,8921;6,52;2025-11-03 17:50:00.0;chuva;0,00
COTIA;351300906H;SP;Rio Cotia;-23,6087;-46,8921;6,52;2025-11-03 18:00:00.0;nível;0,00
COTIA;351300906H;SP;Rio Cotia;-23,6087;-46,8921;6,52;2025-11-03 18:00:00.0;chuva;0,00
COTIA;351300906H;SP;Rio Cotia;-23,6087;-46,8921;6,52;2025-11-03 18:10:00.0;chuva;0,00
COTIA;351300906H;SP;Rio Cotia;-23,6087;-46,8921;6,52;2025-11-03 18:51:30.0;nível;0,00
COTIA;351300906H;SP;Rio Cotia;-23,6087;-46,8921;6,52;2025-11-03 19:00:00.0;nível;0,00
COTIA;351300906H;SP;Rio Cotia;-23,6087;-46,8921;6,52;2025-11-03 19:10:00.0;chuva;0,00
COTIA;351300906H;SP;Rio Cotia;-23,6087;-46,8921;6,52;2025-11-03 19:29:20.0;nível;0,00
COTIA;351300906H;SP;Rio Cotia;-23,6087;-46,8921;6,52;2025-11-03 19:40:00.0;chuva;0,00
COTIA;351300906H;SP;Rio Cotia;-23,6087;-46,8921;6,52;2025-11-03 19:44:05.0;nível;0,00
COTIA;351300906H;SP;Rio Cotia;-23,6087;-46,8921;6,52;2025-11-03 20:00:00.0;nível;0,00
COTIA;351300906H;SP;Rio Cotia;-23,6087;-46,8921;6,52;2025-11-03 20:00:00.0;chuva;0,00
COTIA;351300906H;SP;Rio Cotia;-23,6087;-46,8921;6,52;2025-11-03 20:10:00.0;chuva;0,00
COTIA;351300906H;SP;Rio Cotia;-23,6087;-46,8921;6,52;2025-11-03 20:15:50.0;nível;0,00
COTIA;351300906H;SP;Rio Cotia;-23,6087;-46,8921;6,52;2025-11-03 20:30:00.0;chuva;0,00
COTIA;351300906H;SP;Rio Cotia;-23,6087;-46,8921;6,52;2025-11-03 21:00:00.0;nível;0,00
COTIA;351300906H;SP;Rio Cotia;-23,6087;-46,8921;6,52;2025-11-03 21:10:00.0;chuva;0,00
COTIA;351300906H;SP;Rio Cotia;-23,6087;-46,8921;6,52;2025-11-03 22:00:00.0;nível;0,00
COTIA;351300906H;SP;Rio Cotia;-23,6087;-46,8921;6,52;2025-11-03 22:10:00.0;chuva;0,00
COTIA;351300906H;SP;Rio Cotia;-23,6087;-46,8921;6,52;2025-11-03 23:00:00.0;nível;0,00
COTIA;351300906H;SP;Rio Cotia;-23,6087;-46,8921;6,52;2025-11-03 23:10:00.0;chuva;0,00
COTIA;351300906H;SP;Rio Cotia;-23,6087;-46,8921;6,52;2025-11-03 23:19:55.0;nível;0,00
COTIA;351300906H;SP;Rio Cotia;-23,6087;-46,8921;6,52;2025-11-03 23:30:00.0;chuva;0,00
COTIA;351300906H;SP;Rio Cotia;-23,6087;-46,8921;6,52;2025-11-04 00:00:00.0;nível;0,00
COTIA;351300906H;SP;Rio Cotia;-23,6087;-46,8921;6,52;2025-11-04 00:10:00.0;chuva;0,00
COTIA;351300906H;SP;Rio Cotia;-23,6087;-46,8921;6,52;2025-11-04 00:54:00.0;nível;0,00
COTIA;351300906H;SP;Rio Cotia;-23,6087;-46,8921;6,52;2025-11-04 00:55:00.0;nível;0,00
COTIA;351300906H;SP;Rio Cotia;-23,6087;-46,8921;6,52;2025-11-04 01:00:00.0;nível;0,00
COTIA;351300906H;SP;Rio Cotia;-23,6087;-46,8921;6,52;2025-11-04 01:10:00.0;chuva;0,00
COTIA;351300906H;SP;Rio Cotia;-23,6087;-46,8921;6,52;2025-11-04 02:00:00.0;nível;0,00
COTIA;351300906H;SP;Rio Cotia;-23,6087;-46,8921;6,52;2025-11-04 02:10:00.0;chuva;0,00
COTIA;351300906H;SP;Rio Cotia;-23,6087;-46,8921;6,52;2025-11-04 02:33:05.0;nível;0,00
COTIA;351300906H;SP;Rio Cotia;-23,6087;-46,8921;6,52;2025-11-04 02:50:00.0;chuva;0,00
COTIA;351300906H;SP;Rio Cotia;-23,6087;-46,8921;6,52;2025-11-04 03:00:00.0;nível;0,00
COTIA;351300906H;SP;Rio Cotia;-23,6087;-46,8921;6,52;2025-11-04 03:10:00.0;chuva;0,00
COTIA;351300906H;SP;Rio Cotia;-23,6087;-46,8921;6,52;2025-11-04 04:00:00.0;nível;0,00
COTIA;351300906H;SP;Rio Cotia;-23,6087;-46,8921;6,52;2025-11-04 04:10:00.0;chuva;0,00
COTIA;351300906H;SP;Rio Cotia;-23,6087;-46,8921;6,52;2025-11-04 04:16:25.0;nível;0,00
COTIA;351300906H;SP;Rio Cotia;-23,6087;-46,8921;6,52;2025-11-04 04:17:25.0;nível;0,00
COTIA;351300906H;SP;Rio Cotia;-23,6087;-46,8921;6,52;2025-11-04 04:18:10.0;nível;0,00
COTIA;351300906H;SP;Rio Cotia;-23,6087;-46,8921;6,52;2025-11-04 04:21:00.0;nível;0,00
COTIA;351300906H;SP;Rio Cotia;-23,6087;-46,8921;6,52;2025-11-04 04:30:00.0;chuva;0,00
COTIA;351300906H;SP;Rio Cotia;-23,6087;-46,8921;6,52;2025-11-04 04:36:00.0;nível;0,00
COTIA;351300906H;SP;Rio Cotia;-23,6087;-46,8921;6,52;2025-11-04 04:40:00.0;chuva;0,00
COTIA;351300906H;SP;Rio Cotia;-23,6087;-46,8921;6,52;2025-11-04 04:46:15.0;nível;0,00
COTIA;351300906H;SP;Rio Cotia;-23,6087;-46,8921;6,52;2025-11-04 04:50:00.0;chuva;0,00
COTIA;351300906H;SP;Rio Cotia;-23,6087;-46,8921;6,52;2025-11-04 04:50:45.0;nível;0,00
COTIA;351300906H;SP;Rio Cotia;-23,6087;-46,8921;6,52;2025-11-04 04:55:40.0;nível;0,00
COTIA;351300906H;SP;Rio Cotia;-23,6087;-46,8921;6,52;2025-11-04 05:00:00.0;chuva;0,00
COTIA;351300906H;SP;Rio Cotia;-23,6087;-46,8921;6,52;2025-11-04 05:03:25.0;nível;0,00
COTIA;351300906H;SP;Rio Cotia;-23,6087;-46,8921;6,52;2025-11-04 05:10:00.0;chuva;0,00
COTIA;351300906H;SP;Rio Cotia;-23,6087;-46,8921;6,52;2025-11-04 05:10:55.0;nível;0,00
COTIA;351300906H;SP;Rio Cotia;-23,6087;-46,8921;6,52;2025-11-04 05:12:25.0;nível;0,00
COTIA;351300906H;SP;Rio Cotia;-23,6087;-46,8921;6,52;2025-11-04 05:20:00.0;chuva;0,00
COTIA;351300906H;SP;Rio Cotia;-23,6087;-46,8921;6,52;2025-11-04 05:30:00.0;chuva;0,00
COTIA;351300906H;SP;Rio Cotia;-23,6087;-46,8921;6,52;2025-11-04 06:00:00.0;nível;0,00
COTIA;351300906H;SP;Rio Cotia;-23,6087;-46,8921;6,52;2025-11-04 06:10:00.0;chuva;0,00
COTIA;351300906H;SP;Rio Cotia;-23,6087;-46,8921;6,52;2025-11-04 07:00:00.0;nível;0,00
COTIA;351300906H;SP;Rio Cotia;-23,6087;-46,8921;6,52;2025-11-04 07:10:00.0;chuva;0,00
COTIA;351300906H;SP;Rio Cotia;-23,6087;-46,8921;6,52;2025-11-04 08:00:00.0;nível;0,00
COTIA;351300906H;SP;Rio Cotia;-23,6087;-46,8921;6,52;2025-11-04 08:10:00.0;chuva;0,00
COTIA;351300906H;SP;Rio Cotia;-23,6087;-46,8921;6,52;2025-11-04 09:00:00.0;nível;0,00
COTIA;351300906H;SP;Rio Cotia;-23,6087;-46,8921;6,52;2025-11-04 09:06:25.0;nível;0,00
COTIA;351300906H;SP;Rio Cotia;-23,6087;-46,8921;6,52;2025-11-04 09:10:00.0;chuva;0,00
COTIA;351300906H;SP;Rio Cotia;-23,6087;-46,8921;6,52;2025-11-04 09:20:00.0;chuva;0,00
COTIA;351300906H;SP;Rio Cotia;-23,6087;-46,8921;6,52;2025-11-04 09:25:40.0;nível;0,00
COTIA;351300906H;SP;Rio Cotia;-23,6087;-46,8921;6,52;2025-11-04 09:29:35.0;nível;0,00
COTIA;351300906H;SP;Rio Cotia;-23,6087;-46,8921;6,52;2025-11-04 09:30:45.0;nível;0,00
COTIA;351300906H;SP;Rio Cotia;-23,6087;-46,8921;6,52;2025-11-04 09:40:00.0;chuva;0,00
COTIA;351300906H;SP;Rio Cotia;-23,6087;-46,8921;6,52;2025-11-04 10:00:00.0;nível;0,00
COTIA;351300906H;SP;Rio Cotia;-23,6087;-46,8921;6,52;2025-11-04 10:10:00.0;chuva;0,00
COTIA;351300906H;SP;Rio Cotia;-23,6087;-46,8921;6,52;2025-11-04 10:23:15.0;nível;0,00
COTIA;351300906H;SP;Rio Cotia;-23,6087;-46,8921;6,52;2025-11-04 10:29:00.0;nível;0,00
COTIA;351300906H;SP;Rio Cotia;-23,6087;-46,8921;6,52;2025-11-04 10:36:45.0;nível;0,00
COTIA;351300906H;SP;Rio Cotia;-23,6087;-46,8921;6,52;2025-11-04 10:40:00.0;chuva;0,00
COTIA;351300906H;SP;Rio Cotia;-23,6087;-46,8921;6,52;2025-11-04 10:50:00.0;chuva;0,00
COTIA;351300906H;SP;Rio Cotia;-23,6087;-46,8921;6,52;2025-11-04 11:00:00.0;nível;0,00
COTIA;351300906H;SP;Rio Cotia;-23,6087;-46,8921;6,52;2025-11-04 11:07:00.0;nível;0,00
COTIA;351300906H;SP;Rio Cotia;-23,6087;-46,8921;6,52;2025-11-04 11:10:00.0;chuva;0,00
COTIA;351300906H;SP;Rio Cotia;-23,6087;-46,8921;6,52;2025-11-04 11:20:00.0;chuva;0,00
COTIA;351300906H;SP;Rio Cotia;-23,6087;-46,8921;6,52;2025-11-04 12:00:00.0;nível;0,00
COTIA;351300906H;SP;Rio Cotia;-23,6087;-46,8921;6,52;2025-11-04 12:10:00.0;chuva;0,00
COTIA;351300906H;SP;Rio Cotia;-23,6087;-46,8921;6,52;2025-11-04 13:00:00.0;nível;0,00
COTIA;351300906H;SP;Rio Cotia;-23,6087;-46,8921;6,52;2025-11-04 13:10:00.0;chuva;0,00
COTIA;351300906H;SP;Rio Cotia;-23,6087;-46,8921;6,52;2025-11-04 13:18:05.0;nível;0,00
COTIA;351300906H;SP;Rio Cotia;-23,6087;-46,8921;6,52;2025-11-04 13:30:00.0;chuva;0,00
COTIA;351300906H;SP;Rio Cotia;-23,6087;-46,8921;6,52;2025-11-04 14:00:00.0;nível;0,00
COTIA;351300906H;SP;Rio Cotia;-23,6087;-46,8921;6,52;2025-11-04 14:10:00.0;chuva;0,00
COTIA;351300906H;SP;Rio Cotia;-23,6087;-46,8921;6,52;2025-11-04 14:38:55.0;nível;0,00
COTIA;351300906H;SP;Rio Cotia;-23,6087;-46,8921;6,52;2025-11-04 14:40:10.0;nível;0,00
COTIA;351300906H;SP;Rio Cotia;-23,6087;-46,8921;6,52;2025-11-04 14:50:00.0;chuva;0,00
COTIA;351300906H;SP;Rio Cotia;-23,6087;-46,8921;6,52;2025-11-04 15:00:00.0;nível;0,00
COTIA;351300906H;SP;Rio Cotia;-23,6087;-46,8921;6,52;2025-11-04 15:10:00.0;chuva;0,00
COTIA;351300906H;SP;Rio Cotia;-23,6087;-46,8921;6,52;2025-11-04 16:00:00.0;nível;0,00
COTIA;351300906H;SP;Rio Cotia;-23,6087;-46,8921;6,52;2025-11-04 16:10:00.0;chuva;0,00
COTIA;351300906H;SP;Rio Cotia;-23,6087;-46,8921;6,52;2025-11-04 17:00:00.0;nível;0,00
COTIA;351300906H;SP;Rio Cotia;-23,6087;-46,8921;6,52;2025-11-04 17:10:00.0;chuva;0,00
COTIA;351300906H;SP;Rio Cotia;-23,6087;-46,8921;6,52;2025-11-04 17:23:25.0;nível;0,00
COTIA;351300906H;SP;Rio Cotia;-23,6087;-46,8921;6,52;2025-11-04 17:27:05.0;nível;0,00
COTIA;351300906H;SP;Rio Cotia;-23,6087;-46,8921;6,52;2025-11-04 17:36:40.0;nível;0,00
COTIA;351300906H;SP;Rio Cotia;-23,6087;-46,8921;6,52;2025-11-04 17:40:00.0;chuva;0,00
COTIA;351300906H;SP;Rio Cotia;-23,6087;-46,8921;6,52;2025-11-04 17:43:30.0;nível;0,00
COTIA;351300906H;SP;Rio Cotia;-23,6087;-46,8921;6,52;2025-11-04 17:50:00.0;chuva;0,00
COTIA;351300906H;SP;Rio Cotia;-23,6087;-46,8921;6,52;2025-11-04 17:54:00.0;nível;0,00
COTIA;351300906H;SP;Rio Cotia;-23,6087;-46,8921;6,52;2025-11-04 17:57:45.0;nível;0,00
COTIA;351300906H;SP;Rio Cotia;-23,6087;-46,8921;6,52;2025-11-04 18:00:00.0;nível;0,00
COTIA;351300906H;SP;Rio Cotia;-23,6087;-46,8921;6,52;2025-11-04 18:00:00.0;chuva;0,00
COTIA;351300906H;SP;Rio Cotia;-23,6087;-46,8921;6,52;2025-11-04 18:10:00.0;chuva;0,00
COTIA;351300906H;SP;Rio Cotia;-23,6087;-46,8921;6,52;2025-11-04 19:00:00.0;nível;0,00
COTIA;351300906H;SP;Rio Cotia;-23,6087;-46,8921;6,52;2025-11-04 19:10:00.0;chuva;0,00
COTIA;351300906H;SP;Rio Cotia;-23,6087;-46,8921;6,52;2025-11-04 19:32:00.0;nível;0,00
COTIA;351300906H;SP;Rio Cotia;-23,6087;-46,8921;6,52;2025-11-04 19:50:00.0;chuva;0,00
COTIA;351300906H;SP;Rio Cotia;-23,6087;-46,8921;6,52;2025-11-04 19:59:25.0;nível;0,00
COTIA;351300906H;SP;Rio Cotia;-23,6087;-46,8921;6,52;2025-11-04 20:00:00.0;nível;0,00
COTIA;351300906H;SP;Rio Cotia;-23,6087;-46,8921;6,52;2025-11-04 20:10:00.0;chuva;0,00
COTIA;351300906H;SP;Rio Cotia;-23,6087;-46,8921;6,52;2025-11-04 21:00:00.0;nível;0,00
COTIA;351300906H;SP;Rio Cotia;-23,6087;-46,8921;6,52;2025-11-04 21:10:00.0;chuva;0,00
COTIA;351300906H;SP;Rio Cotia;-23,6087;-46,8921;6,52;2025-11-04 22:00:00.0;nível;0,00
COTIA;351300906H;SP;Rio Cotia;-23,6087;-46,8921;6,52;2025-11-04 22:10:00.0;chuva;0,00
COTIA;351300906H;SP;Rio Cotia;-23,6087;-46,8921;6,52;2025-11-04 22:20:55.0;nível;0,00
COTIA;351300906H;SP;Rio Cotia;-23,6087;-46,8921;6,52;2025-11-04 22:21:45.0;nível;0,00
COTIA;351300906H;SP;Rio Cotia;-23,6087;-46,8921;6,52;2025-11-04 22:40:00.0;chuva;0,00
COTIA;351300906H;SP;Rio Cotia;-23,6087;-46,8921;6,52;2025-11-04 22:51:10.0;nível;0,00
COTIA;351300906H;SP;Rio Cotia;-23,6087;-46,8921;6,52;2025-11-04 22:59:40.0;nível;0,00
COTIA;351300906H;SP;Rio Cotia;-23,6087;-46,8921;6,52;2025-11-04 23:00:00.0;nível;0,00
COTIA;351300906H;SP;Rio Cotia;-23,6087;-46,8921;6,52;2025-11-04 23:10:00.0;chuva;0,00
EMBU-GUAÇU;351510308H;SP;Rio Embu-Guacu;-23,8347;-46,8057;11,51;2025-11-01 00:00:00.0;nível;9,78
EMBU-GUAÇU;351510308H;SP;Rio Embu-Guacu;-23,8347;-46,8057;11,51;2025-11-01 00:10:00.0;chuva;0,00
EMBU-GUAÇU;351510308H;SP;Rio Embu-Guacu;-23,8347;-46,8057;11,51;2025-11-01 01:00:00.0;nível;9,79
EMBU-GUAÇU;351510308H;SP;Rio Embu-Guacu;-23,8347;-46,8057;11,51;2025-11-01 01:10:00.0;chuva;0,00
EMBU-GUAÇU;351510308H;SP;Rio Embu-Guacu;-23,8347;-46,8057;11,51;2025-11-01 02:00:00.0;nível;9,79
EMBU-GUAÇU;351510308H;SP;Rio Embu-Guacu;-23,8347;-46,8057;11,51;2025-11-01 02:10:00.0;chuva;0,00
EMBU-GUAÇU;351510308H;SP;Rio Embu-Guacu;-23,8347;-46,8057;11,51;2025-11-01 03:00:00.0;nível;9,80
EMBU-GUAÇU;351510308H;SP;Rio Embu-Guacu;-23,8347;-46,8057;11,51;2025-11-01 03:10:00.0;chuva;0,00
EMBU-GUAÇU;351510308H;SP;Rio Embu-Guacu;-23,8347;-46,8057;11,51;2025-11-01 04:00:00.0;nível;9,81
EMBU-GUAÇU;351510308H;SP;Rio Embu-Guacu;-23,8347;-46,8057;11,51;2025-11-01 04:10:00.0;chuva;0,00
EMBU-GUAÇU;351510308H;SP;Rio Embu-Guacu;-23,8347;-46,8057;11,51;2025-11-01 05:00:00.0;nível;9,82
EMBU-GUAÇU;351510308H;SP;Rio Embu-Guacu;-23,8347;-46,8057;11,51;2025-11-01 05:10:00.0;chuva;0,00
EMBU-GUAÇU;351510308H;SP;Rio Embu-Guacu;-23,8347;-46,8057;11,51;2025-11-01 06:00:00.0;nível;9,84
EMBU-GUAÇU;351510308H;SP;Rio Embu-Guacu;-23,8347;-46,8057;11,51;2025-11-01 06:10:00.0;chuva;0,00
EMBU-GUAÇU;351510308H;SP;Rio Embu-Guacu;-23,8347;-46,8057;11,51;2025-11-01 07:00:00.0;nível;9,85
EMBU-GUAÇU;351510308H;SP;Rio Embu-Guacu;-23,8347;-46,8057;11,51;2025-11-01 07:10:00.0;chuva;0,00
EMBU-GUAÇU;351510308H;SP;Rio Embu-Guacu;-23,8347;-46,8057;11,51;2025-11-01 08:00:00.0;nível;9,86
EMBU-GUAÇU;351510308H;SP;Rio Embu-Guacu;-23,8347;-46,8057;11,51;2025-11-01 08:10:00.0;chuva;0,00
EMBU-GUAÇU;351510308H;SP;Rio Embu-Guacu;-23,8347;-46,8057;11,51;2025-11-01 09:00:00.0;nível;9,88
EMBU-GUAÇU;351510308H;SP;Rio Embu-Guacu;-23,8347;-46,8057;11,51;2025-11-01 09:10:00.0;chuva;0,00
EMBU-GUAÇU;351510308H;SP;Rio Embu-Guacu;-23,8347;-46,8057;11,51;2025-11-01 10:00:00.0;nível;9,89
EMBU-GUAÇU;351510308H;SP;Rio Embu-Guacu;-23,8347;-46,8057;11,51;2025-11-01 10:10:00.0;chuva;0,00
EMBU-GUAÇU;351510308H;SP;Rio Embu-Guacu;-23,8347;-46,8057;11,51;2025-11-01 11:00:00.0;nível;9,90
EMBU-GUAÇU;351510308H;SP;Rio Embu-Guacu;-23,8347;-46,8057;11,51;2025-11-01 11:10:00.0;chuva;0,00
EMBU-GUAÇU;351510308H;SP;Rio Embu-Guacu;-23,8347;-46,8057;11,51;2025-11-01 12:00:00.0;nível;9,91
EMBU-GUAÇU;351510308H;SP;Rio Embu-Guacu;-23,8347;-46,8057;11,51;2025-11-01 12:10:00.0;chuva;0,00
EMBU-GUAÇU;351510308H;SP;Rio Embu-Guacu;-23,8347;-46,8057;11,51;2025-11-01 13:00:00.0;nível;9,92
EMBU-GUAÇU;351510308H;SP;Rio Embu-Guacu;-23,8347;-46,8057;11,51;2025-11-01 13:10:00.0;chuva;0,00
EMBU-GUAÇU;351510308H;SP;Rio Embu-Guacu;-23,8347;-46,8057;11,51;2025-11-01 13:30:00.0;chuva;0,20
EMBU-GUAÇU;351510308H;SP;Rio Embu-Guacu;-23,8347;-46,8057;11,51;2025-11-01 14:00:00.0;nível;9,93
EMBU-GUAÇU;351510308H;SP;Rio Embu-Guacu;-23,8347;-46,8057;11,51;2025-11-01 14:10:00.0;chuva;0,00
EMBU-GUAÇU;351510308H;SP;Rio Embu-Guacu;-23,8347;-46,8057;11,51;2025-11-01 15:00:00.0;nível;9,94
EMBU-GUAÇU;351510308H;SP;Rio Embu-Guacu;-23,8347;-46,8057;11,51;2025-11-01 15:10:00.0;chuva;0,00
EMBU-GUAÇU;351510308H;SP;Rio Embu-Guacu;-23,8347;-46,8057;11,51;2025-11-01 16:00:00.0;nível;9,95
EMBU-GUAÇU;351510308H;SP;Rio Embu-Guacu;-23,8347;-46,8057;11,51;2025-11-01 16:10:00.0;chuva;0,00
EMBU-GUAÇU;351510308H;SP;Rio Embu-Guacu;-23,8347;-46,8057;11,51;2025-11-01 17:00:00.0;nível;9,95
EMBU-GUAÇU;351510308H;SP;Rio Embu-Guacu;-23,8347;-46,8057;11,51;2025-11-01 17:10:00.0;chuva;0,00
EMBU-GUAÇU;351510308H;SP;Rio Embu-Guacu;-23,8347;-46,8057;11,51;2025-11-01 18:00:00.0;nível;9,96
EMBU-GUAÇU;351510308H;SP;Rio Embu-Guacu;-23,8347;-46,8057;11,51;2025-11-01 18:10:00.0;chuva;0,00
EMBU-GUAÇU;351510308H;SP;Rio Embu-Guacu;-23,8347;-46,8057;11,51;2025-11-01 19:00:00.0;nível;9,97
EMBU-GUAÇU;351510308H;SP;Rio Embu-Guacu;-23,8347;-46,8057;11,51;2025-11-01 19:10:00.0;chuva;0,00
EMBU-GUAÇU;351510308H;SP;Rio Embu-Guacu;-23,8347;-46,8057;11,51;2025-11-01 20:00:00.0;nível;9,98
EMBU-GUAÇU;351510308H;SP;Rio Embu-Guacu;-23,8347;-46,8057;11,51;2025-11-01 20:10:00.0;chuva;0,00
EMBU-GUAÇU;351510308H;SP;Rio Embu-Guacu;-23,8347;-46,8057;11,51;2025-11-01 21:00:00.0;nível;9,98
EMBU-GUAÇU;351510308H;SP;Rio Embu-Guacu;-23,8347;-46,8057;11,51;2025-11-01 21:10:00.0;chuva;0,00
EMBU-GUAÇU;351510308H;SP;Rio Embu-Guacu;-23,8347;-46,8057;11,51;2025-11-01 22:00:00.0;nível;9,99
EMBU-GUAÇU;351510308H;SP;Rio Embu-Guacu;-23,8347;-46,8057;11,51;2025-11-01 22:10:00.0;chuva;0,00
EMBU-GUAÇU;351510308H;SP;Rio Embu-Guacu;-23,8347;-46,8057;11,51;2025-11-01 23:00:00.0;nível;10,00
EMBU-GUAÇU;351510308H;SP;Rio Embu-Guacu;-23,8347;-46,8057;11,51;2025-11-01 23:10:00.0;chuva;0,00
EMBU-GUAÇU;351510308H;SP;Rio Embu-Guacu;-23,8347;-46,8057;11,51;2025-11-02 00:00:00.0;nível;10,00
EMBU-GUAÇU;351510308H;SP;Rio Embu-Guacu;-23,8347;-46,8057;11,51;2025-11-02 00:10:00.0;chuva;0,00
EMBU-GUAÇU;351510308H;SP;Rio Embu-Guacu;-23,8347;-46,8057;11,51;2025-11-02 01:00:00.0;nível;10,01
EMBU-GUAÇU;351510308H;SP;Rio Embu-Guacu;-23,8347;-46,8057;11,51;2025-11-02 01:10:00.0;chuva;0,00
EMBU-GUAÇU;351510308H;SP;Rio Embu-Guacu;-23,8347;-46,8057;11,51;2025-11-02 02:00:00.0;nível;10,01
EMBU-GUAÇU;351510308H;SP;Rio Embu-Guacu;-23,8347;-46,8057;11,51;2025-11-02 02:10:00.0;chuva;0,00
EMBU-GUAÇU;351510308H;SP;Rio Embu-Guacu;-23,8347;-46,8057;11,51;2025-11-02 03:00:00.0;nível;10,02
EMBU-GUAÇU;351510308H;SP;Rio Embu-Guacu;-23,8347;-46,8057;11,51;2025-11-02 03:10:00.0;chuva;0,00
EMBU-GUAÇU;351510308H;SP;Rio Embu-Guacu;-23,8347;-46,8057;11,51;2025-11-02 04:00:00.0;nível;10,02
EMBU-GUAÇU;351510308H;SP;Rio Embu-Guacu;-23,8347;-46,8057;11,51;2025-11-02 04:10:00.0;chuva;0,00
EMBU-GUAÇU;351510308H;SP;Rio Embu-Guacu;-23,8347;-46,8057;11,51;2025-11-02 05:00:00.0;nível;10,02
EMBU-GUAÇU;351510308H;SP;Rio Embu-Guacu;-23,8347;-46,8057;11,51;2025-11-02 05:10:00.0;chuva;0,00
EMBU-GUAÇU;351510308H;SP;Rio Embu-Guacu;-23,8347;-46,8057;11,51;2025-11-02 05:50:00.0;chuva;0,20
EMBU-GUAÇU;351510308H;SP;Rio Embu-Guacu;-23,8347;-46,8057;11,51;2025-11-02 06:00:00.0;nível;10,03
EMBU-GUAÇU;351510308H;SP;Rio Embu-Guacu;-23,8347;-46,8057;11,51;2025-11-02 06:00:00.0;chuva;1,00
EMBU-GUAÇU;351510308H;SP;Rio Embu-Guacu;-23,8347;-46,8057;11,51;2025-11-02 06:10:00.0;chuva;0,60
EMBU-GUAÇU;351510308H;SP;Rio Embu-Guacu;-23,8347;-46,8057;11,51;2025-11-02 06:20:00.0;chuva;0,60
EMBU-GUAÇU;351510308H;SP;Rio Embu-Guacu;-23,8347;-46,8057;11,51;2025-11-02 06:30:00.0;chuva;0,40
EMBU-GUAÇU;351510308H;SP;Rio Embu-Guacu;-23,8347;-46,8057;11,51;2025-11-02 06:40:00.0;chuva;0,40
EMBU-GUAÇU;351510308H;SP;Rio Embu-Guacu;-23,8347;-46,8057;11,51;2025-11-02 06:50:00.0;chuva;0,60
EMBU-GUAÇU;351510308H;SP;Rio Embu-Guacu;-23,8347;-46,8057;11,51;2025-11-02 07:00:00.0;nível;10,03
EMBU-GUAÇU;351510308H;SP;Rio Embu-Guacu;-23,8347;-46,8057;11,51;2025-11-02 07:00:00.0;chuva;0,40
EMBU-GUAÇU;351510308H;SP;Rio Embu-Guacu;-23,8347;-46,8057;11,51;2025-11-02 07:20:00.0;chuva;0,40
EMBU-GUAÇU;351510308H;SP;Rio Embu-Guacu;-23,8347;-46,8057;11,51;2025-11-02 07:30:00.0;chuva;0,80
EMBU-GUAÇU;351510308H;SP;Rio Embu-Guacu;-23,8347;-46,8057;11,51;2025-11-02 07:40:00.0;chuva;1,00
EMBU-GUAÇU;351510308H;SP;Rio Embu-Guacu;-23,8347;-46,8057;11,51;2025-11-02 07:50:00.0;chuva;1,00
EMBU-GUAÇU;351510308H;SP;Rio Embu-Guacu;-23,8347;-46,8057;11,51;2025-11-02 08:00:00.0;nível;10,03
EMBU-GUAÇU;351510308H;SP;Rio Embu-Guacu;-23,8347;-46,8057;11,51;2025-11-02 08:00:00.0;chuva;0,80
EMBU-GUAÇU;351510308H;SP;Rio Embu-Guacu;-23,8347;-46,8057;11,51;2025-11-02 08:10:00.0;chuva;0,20
EMBU-GUAÇU;351510308H;SP;Rio Embu-Guacu;-23,8347;-46,8057;11,51;2025-11-02 08:20:00.0;chuva;0,20
EMBU-GUAÇU;351510308H;SP;Rio Embu-Guacu;-23,8347;-46,8057;11,51;2025-11-02 09:00:00.0;nível;10,02
EMBU-GUAÇU;351510308H;SP;Rio Embu-Guacu;-23,8347;-46,8057;11,51;2025-11-02 09:10:00.0;chuva;0,20
EMBU-GUAÇU;351510308H;SP;Rio Embu-Guacu;-23,8347;-46,8057;11,51;2025-11-02 09:30:00.0;chuva;0,20
EMBU-GUAÇU;351510308H;SP;Rio Embu-Guacu;-23,8347;-46,8057;11,51;2025-11-02 09:40:00.0;chuva;0,20
EMBU-GUAÇU;351510308H;SP;Rio Embu-Guacu;-23,8347;-46,8057;11,51;2025-11-02 09:50:00.0;chuva;0,40
EMBU-GUAÇU;351510308H;SP;Rio Embu-Guacu;-23,8347;-46,8057;11,51;2025-11-02 10:00:00.0;nível;10,01
EMBU-GUAÇU;351510308H;SP;Rio Embu-Guacu;-23,8347;-46,8057;11,51;2025-11-02 10:00:00.0;chuva;0,20
EMBU-GUAÇU;351510308H;SP;Rio Embu-Guacu;-23,8347;-46,8057;11,51;2025-11-02 10:20:00.0;chuva;0,20
EMBU-GUAÇU;351510308H;SP;Rio Embu-Guacu;-23,8347;-46,8057;11,51;2025-11-02 10:30:00.0;chuva;0,40
EMBU-GUAÇU;351510308H;SP;Rio Embu-Guacu;-23,8347;-46,8057;11,51;2025-11-02 10:40:00.0;chuva;0,20
EMBU-GUAÇU;351510308H;SP;Rio Embu-Guacu;-23,8347;-46,8057;11,51;2025-11-02 10:50:00.0;chuva;0,20
EMBU-GUAÇU;351510308H;SP;Rio Embu-Guacu;-23,8347;-46,8057;11,51;2025-11-02 11:00:00.0;nível;9,99
EMBU-GUAÇU;351510308H;SP;Rio Embu-Guacu;-23,8347;-46,8057;11,51;2025-11-02 11:10:00.0;chuva;0,00
EMBU-GUAÇU;351510308H;SP;Rio Embu-Guacu;-23,8347;-46,8057;11,51;2025-11-02 11:30:00.0;chuva;0,20
EMBU-GUAÇU;351510308H;SP;Rio Embu-Guacu;-23,8347;-46,8057;11,51;2025-11-02 11:50:00.0;chuva;0,20
EMBU-GUAÇU;351510308H;SP;Rio Embu-Guacu;-23,8347;-46,8057;11,51;2025-11-02 12:00:00.0;nível;9,98
EMBU-GUAÇU;351510308H;SP;Rio Embu-Guacu;-23,8347;-46,8057;11,51;2025-11-02 12:10:00.0;chuva;0,00
EMBU-GUAÇU;351510308H;SP;Rio Embu-Guacu;-23,8347;-46,8057;11,51;2025-11-02 12:40:00.0;chuva;0,20
EMBU-GUAÇU;351510308H;SP;Rio Embu-Guacu;-23,8347;-46,8057;11,51;2025-11-02 13:00:00.0;nível;9,98
EMBU-GUAÇU;351510308H;SP;Rio Embu-Guacu;-23,8347;-46,8057;11,51;2025-11-02 13:00:00.0;chuva;0,20
EMBU-GUAÇU;351510308H;SP;Rio Embu-Guacu;-23,8347;-46,8057;11,51;2025-11-02 13:10:00.0;chuva;0,20
EMBU-GUAÇU;351510308H;SP;Rio Embu-Guacu;-23,8347;-46,8057;11,51;2025-11-02 13:20:00.0;chuva;0,20
EMBU-GUAÇU;351510308H;SP;Rio Embu-Guacu;-23,8347;-46,8057;11,51;2025-11-02 13:40:00.0;chuva;0,20
EMBU-GUAÇU;351510308H;SP;Rio Embu-Guacu;-23,8347;-46,8057;11,51;2025-11-02 13:50:00.0;chuva;0,40
EMBU-GUAÇU;351510308H;SP;Rio Embu-Guacu;-23,8347;-46,8057;11,51;2025-11-02 14:00:00.0;nível;9,99
EMBU-GUAÇU;351510308H;SP;Rio Embu-Guacu;-23,8347;-46,8057;11,51;2025-11-02 14:00:00.0;chuva;0,80
EMBU-GUAÇU;351510308H;SP;Rio Embu-Guacu;-23,8347;-46,8057;11,51;2025-11-02 14:10:00.0;chuva;0,40
EMBU-GUAÇU;351510308H;SP;Rio Embu-Guacu;-23,8347;-46,8057;11,51;2025-11-02 14:30:00.0;chuva;0,20
EMBU-GUAÇU;351510308H;SP;Rio Embu-Guacu;-23,8347;-46,8057;11,51;2025-11-02 15:00:00.0;nível;9,98
EMBU-GUAÇU;351510308H;SP;Rio Embu-Guacu;-23,8347;-46,8057;11,51;2025-11-02 15:10:00.0;chuva;0,00
EMBU-GUAÇU;351510308H;SP;Rio Embu-Guacu;-23,8347;-46,8057;11,51;2025-11-02 16:00:00.0;nível;9,98
EMBU-GUAÇU;351510308H;SP;Rio Embu-Guacu;-23,8347;-46,8057;11,51;2025-11-02 16:10:00.0;chuva;0,00
EMBU-GUAÇU;351510308H;SP;Rio Embu-Guacu;-23,8347;-46,8057;11,51;2025-11-02 17:00:00.0;nível;9,98
EMBU-GUAÇU;351510308H;SP;Rio Embu-Guacu;-23,8347;-46,8057;11,51;2025-11-02 17:10:00.0;chuva;0,00
EMBU-GUAÇU;351510308H;SP;Rio Embu-Guacu;-23,8347;-46,8057;11,51;2025-11-02 18:00:00.0;nível;9,98
EMBU-GUAÇU;351510308H;SP;Rio Embu-Guacu;-23,8347;-46,8057;11,51;2025-11-02 18:10:00.0;chuva;0,00
EMBU-GUAÇU;351510308H;SP;Rio Embu-Guacu;-23,8347;-46,8057;11,51;2025-11-02 19:00:00.0;nível;9,98
EMBU-GUAÇU;351510308H;SP;Rio Embu-Guacu;-23,8347;-46,8057;11,51;2025-11-02 19:10:00.0;chuva;0,00
EMBU-GUAÇU;351510308H;SP;Rio Embu-Guacu;-23,8347;-46,8057;11,51;2025-11-02 20:00:00.0;nível;9,98
EMBU-GUAÇU;351510308H;SP;Rio Embu-Guacu;-23,8347;-46,8057;11,51;2025-11-02 20:10:00.0;chuva;0,00
EMBU-GUAÇU;351510308H;SP;Rio Embu-Guacu;-23,8347;-46,8057;11,51;2025-11-02 21:00:00.0;nível;9,98
EMBU-GUAÇU;351510308H;SP;Rio Embu-Guacu;-23,8347;-46,8057;11,51;2025-11-02 21:10:00.0;chuva;0,00
EMBU-GUAÇU;351510308H;SP;Rio Embu-Guacu;-23,8347;-46,8057;11,51;2025-11-02 22:00:00.0;nível;9,98
EMBU-GUAÇU;351510308H;SP;Rio Embu-Guacu;-23,8347;-46,8057;11,51;2025-11-02 22:10:00.0;chuva;0,00
EMBU-GUAÇU;351510308H;SP;Rio Embu-Guacu;-23,8347;-46,8057;11,51;2025-11-02 23:00:00.0;nível;9,98
EMBU-GUAÇU;351510308H;SP;Rio Embu-Guacu;-23,8347;-46,8057;11,51;2025-11-02 23:10:00.0;chuva;0,00
EMBU-GUAÇU;351510308H;SP;Rio Embu-Guacu;-23,8347;-46,8057;11,51;2025-11-03 00:00:00.0;nível;9,98
EMBU-GUAÇU;351510308H;SP;Rio Embu-Guacu;-23,8347;-46,8057;11,51;2025-11-03 00:10:00.0;chuva;0,00
EMBU-GUAÇU;351510308H;SP;Rio Embu-Guacu;-23,8347;-46,8057;11,51;2025-11-03 01:00:00.0;nível;9,98
EMBU-GUAÇU;351510308H;SP;Rio Embu-Guacu;-23,8347;-46,8057;11,51;2025-11-03 01:10:00.0;chuva;0,00
EMBU-GUAÇU;351510308H;SP;Rio Embu-Guacu;-23,8347;-46,8057;11,51;2025-11-03 02:00:00.0;nível;9,98
EMBU-GUAÇU;351510308H;SP;Rio Embu-Guacu;-23,8347;-46,8057;11,51;2025-11-03 02:10:00.0;chuva;0,00
EMBU-GUAÇU;351510308H;SP;Rio Embu-Guacu;-23,8347;-46,8057;11,51;2025-11-03 03:00:00.0;nível;9,97
EMBU-GUAÇU;351510308H;SP;Rio Embu-Guacu;-23,8347;-46,8057;11,51;2025-11-03 03:10:00.0;chuva;0,00
EMBU-GUAÇU;351510308H;SP;Rio Embu-Guacu;-23,8347;-46,8057;11,51;2025-11-03 04:00:00.0;nível;9,97
EMBU-GUAÇU;351510308H;SP;Rio Embu-Guacu;-23,8347;-46,8057;11,51;2025-11-03 04:10:00.0;chuva;0,00
EMBU-GUAÇU;351510308H;SP;Rio Embu-Guacu;-23,8347;-46,8057;11,51;2025-11-03 05:00:00.0;nível;9,97
EMBU-GUAÇU;351510308H;SP;Rio Embu-Guacu;-23,8347;-46,8057;11,51;2025-11-03 05:10:00.0;chuva;0,00
EMBU-GUAÇU;351510308H;SP;Rio Embu-Guacu;-23,8347;-46,8057;11,51;2025-11-03 06:00:00.0;nível;9,97
EMBU-GUAÇU;351510308H;SP;Rio Embu-Guacu;-23,8347;-46,8057;11,51;2025-11-03 06:10:00.0;chuva;0,00
EMBU-GUAÇU;351510308H;SP;Rio Embu-Guacu;-23,8347;-46,8057;11,51;2025-11-03 07:00:00.0;nível;9,97
EMBU-GUAÇU;351510308H;SP;Rio Embu-Guacu;-23,8347;-46,8057;11,51;2025-11-03 07:10:00.0;chuva;0,00
EMBU-GUAÇU;351510308H;SP;Rio Embu-Guacu;-23,8347;-46,8057;11,51;2025-11-03 08:00:00.0;nível;9,96
EMBU-GUAÇU;351510308H;SP;Rio Embu-Guacu;-23,8347;-46,8057;11,51;2025-11-03 08:10:00.0;chuva;0,00
EMBU-GUAÇU;351510308H;SP;Rio Embu-Guacu;-23,8347;-46,8057;11,51;2025-11-03 09:00:00.0;nível;9,96
EMBU-GUAÇU;351510308H;SP;Rio Embu-Guacu;-23,8347;-46,8057;11,51;2025-11-03 09:10:00.0;chuva;0,00
EMBU-GUAÇU;351510308H;SP;Rio Embu-Guacu;-23,8347;-46,8057;11,51;2025-11-03 10:00:00.0;nível;9,96
EMBU-GUAÇU;351510308H;SP;Rio Embu-Guacu;-23,8347;-46,8057;11,51;2025-11-03 10:10:00.0;chuva;0,00
EMBU-GUAÇU;351510308H;SP;Rio Embu-Guacu;-23,8347;-46,8057;11,51;2025-11-03 11:00:00.0;nível;9,96
EMBU-GUAÇU;351510308H;SP;Rio Embu-Guacu;-23,8347;-46,8057;11,51;2025-11-03 11:10:00.0;chuva;0,00
EMBU-GUAÇU;351510308H;SP;Rio Embu-Guacu;-23,8347;-46,8057;11,51;2025-11-03 12:00:00.0;nível;9,96
EMBU-GUAÇU;351510308H;SP;Rio Embu-Guacu;-23,8347;-46,8057;11,51;2025-11-03 12:10:00.0;chuva;0,00
EMBU-GUAÇU;351510308H;SP;Rio Embu-Guacu;-23,8347;-46,8057;11,51;2025-11-03 13:00:00.0;nível;9,95
EMBU-GUAÇU;351510308H;SP;Rio Embu-Guacu;-23,8347;-46,8057;11,51;2025-11-03 13:10:00.0;chuva;0,00
EMBU-GUAÇU;351510308H;SP;Rio Embu-Guacu;-23,8347;-46,8057;11,51;2025-11-03 14:00:00.0;nível;9,95
EMBU-GUAÇU;351510308H;SP;Rio Embu-Guacu;-23,8347;-46,8057;11,51;2025-11-03 14:10:00.0;chuva;0,00
EMBU-GUAÇU;351510308H;SP;Rio Embu-Guacu;-23,8347;-46,8057;11,51;2025-11-03 15:00:00.0;nível;9,95
EMBU-GUAÇU;351510308H;SP;Rio Embu-Guacu;-23,8347;-46,8057;11,51;2025-11-03 15:10:00.0;chuva;0,00
EMBU-GUAÇU;351510308H;SP;Rio Embu-Guacu;-23,8347;-46,8057;11,51;2025-11-03 16:00:00.0;nível;9,95
EMBU-GUAÇU;351510308H;SP;Rio Embu-Guacu;-23,8347;-46,8057;11,51;2025-11-03 16:10:00.0;chuva;0,00
EMBU-GUAÇU;351510308H;SP;Rio Embu-Guacu;-23,8347;-46,8057;11,51;2025-11-03 17:00:00.0;nível;9,95
EMBU-GUAÇU;351510308H;SP;Rio Embu-Guacu;-23,8347;-46,8057;11,51;2025-11-03 17:10:00.0;chuva;0,00
EMBU-GUAÇU;351510308H;SP;Rio Embu-Guacu;-23,8347;-46,8057;11,51;2025-11-03 18:00:00.0;nível;9,95
EMBU-GUAÇU;351510308H;SP;Rio Embu-Guacu;-23,8347;-46,8057;11,51;2025-11-03 18:10:00.0;chuva;0,00
EMBU-GUAÇU;351510308H;SP;Rio Embu-Guacu;-23,8347;-46,8057;11,51;2025-11-03 19:00:00.0;nível;9,95
EMBU-GUAÇU;351510308H;SP;Rio Embu-Guacu;-23,8347;-46,8057;11,51;2025-11-03 19:10:00.0;chuva;0,20
EMBU-GUAÇU;351510308H;SP;Rio Embu-Guacu;-23,8347;-46,8057;11,51;2025-11-03 20:00:00.0;nível;9,95
EMBU-GUAÇU;351510308H;SP;Rio Embu-Guacu;-23,8347;-46,8057;11,51;2025-11-03 20:10:00.0;chuva;0,00
EMBU-GUAÇU;351510308H;SP;Rio Embu-Guacu;-23,8347;-46,8057;11,51;2025-11-03 21:00:00.0;nível;9,95
EMBU-GUAÇU;351510308H;SP;Rio Embu-Guacu;-23,8347;-46,8057;11,51;2025-11-03 21:10:00.0;chuva;0,00
EMBU-GUAÇU;351510308H;SP;Rio Embu-Guacu;-23,8347;-46,8057;11,51;2025-11-03 22:00:00.0;nível;9,95
EMBU-GUAÇU;351510308H;SP;Rio Embu-Guacu;-23,8347;-46,8057;11,51;2025-11-03 22:10:00.0;chuva;0,00
EMBU-GUAÇU;351510308H;SP;Rio Embu-Guacu;-23,8347;-46,8057;11,51;2025-11-03 23:00:00.0;nível;9,96
EMBU-GUAÇU;351510308H;SP;Rio Embu-Guacu;-23,8347;-46,8057;11,51;2025-11-03 23:10:00.0;chuva;0,00
EMBU-GUAÇU;351510308H;SP;Rio Embu-Guacu;-23,8347;-46,8057;11,51;2025-11-04 00:00:00.0;nível;9,96
EMBU-GUAÇU;351510308H;SP;Rio Embu-Guacu;-23,8347;-46,8057;11,51;2025-11-04 00:10:00.0;chuva;0,00
EMBU-GUAÇU;351510308H;SP;Rio Embu-Guacu;-23,8347;-46,8057;11,51;2025-11-04 01:00:00.0;nível;9,96
EMBU-GUAÇU;351510308H;SP;Rio Embu-Guacu;-23,8347;-46,8057;11,51;2025-11-04 01:10:00.0;chuva;0,00
EMBU-GUAÇU;351510308H;SP;Rio Embu-Guacu;-23,8347;-46,8057;11,51;2025-11-04 02:00:00.0;nível;9,97
EMBU-GUAÇU;351510308H;SP;Rio Embu-Guacu;-23,8347;-46,8057;11,51;2025-11-04 02:10:00.0;chuva;0,00
EMBU-GUAÇU;351510308H;SP;Rio Embu-Guacu;-23,8347;-46,8057;11,51;2025-11-04 03:00:00.0;nível;9,97
EMBU-GUAÇU;351510308H;SP;Rio Embu-Guacu;-23,8347;-46,8057;11,51;2025-11-04 03:10:00.0;chuva;0,00
EMBU-GUAÇU;351510308H;SP;Rio Embu-Guacu;-23,8347;-46,8057;11,51;2025-11-04 04:00:00.0;nível;9,97
EMBU-GUAÇU;351510308H;SP;Rio Embu-Guacu;-23,8347;-46,8057;11,51;2025-11-04 04:10:00.0;chuva;0,00
EMBU-GUAÇU;351510308H;SP;Rio Embu-Guacu;-23,8347;-46,8057;11,51;2025-11-04 05:00:00.0;nível;9,98
EMBU-GUAÇU;351510308H;SP;Rio Embu-Guacu;-23,8347;-46,8057;11,51;2025-11-04 05:10:00.0;chuva;0,00
EMBU-GUAÇU;351510308H;SP;Rio Embu-Guacu;-23,8347;-46,8057;11,51;2025-11-04 06:00:00.0;nível;9,98
EMBU-GUAÇU;351510308H;SP;Rio Embu-Guacu;-23,8347;-46,8057;11,51;2025-11-04 06:10:00.0;chuva;0,00
EMBU-GUAÇU;351510308H;SP;Rio Embu-Guacu;-23,8347;-46,8057;11,51;2025-11-04 07:00:00.0;nível;9,98
EMBU-GUAÇU;351510308H;SP;Rio Embu-Guacu;-23,8347;-46,8057;11,51;2025-11-04 07:10:00.0;chuva;0,00
EMBU-GUAÇU;351510308H;SP;Rio Embu-Guacu;-23,8347;-46,8057;11,51;2025-11-04 08:00:00.0;nível;9,98
EMBU-GUAÇU;351510308H;SP;Rio Embu-Guacu;-23,8347;-46,8057;11,51;2025-11-04 08:10:00.0;chuva;0,00
EMBU-GUAÇU;351510308H;SP;Rio Embu-Guacu;-23,8347;-46,8057;11,51;2025-11-04 09:00:00.0;nível;9,98
EMBU-GUAÇU;351510308H;SP;Rio Embu-Guacu;-23,8347;-46,8057;11,51;2025-11-04 09:10:00.0;chuva;0,00
EMBU-GUAÇU;351510308H;SP;Rio Embu-Guacu;-23,8347;-46,8057;11,51;2025-11-04 10:00:00.0;nível;9,98
EMBU-GUAÇU;351510308H;SP;Rio Embu-Guacu;-23,8347;-46,8057;11,51;2025-11-04 10:10:00.0;chuva;0,00
EMBU-GUAÇU;351510308H;SP;Rio Embu-Guacu;-23,8347;-46,8057;11,51;2025-11-04 11:00:00.0;nível;9,99
EMBU-GUAÇU;351510308H;SP;Rio Embu-Guacu;-23,8347;-46,8057;11,51;2025-11-04 11:10:00.0;chuva;0,00
EMBU-GUAÇU;351510308H;SP;Rio Embu-Guacu;-23,8347;-46,8057;11,51;2025-11-04 12:00:00.0;nível;9,98
EMBU-GUAÇU;351510308H;SP;Rio Embu-Guacu;-23,8347;-46,8057;11,51;2025-11-04 12:10:00.0;chuva;0,00
EMBU-GUAÇU;351510308H;SP;Rio Embu-Guacu;-23,8347;-46,8057;11,51;2025-11-04 13:00:00.0;nível;9,99
EMBU-GUAÇU;351510308H;SP;Rio Embu-Guacu;-23,8347;-46,8057;11,51;2025-11-04 13:10:00.0;chuva;0,00
EMBU-GUAÇU;351510308H;SP;Rio Embu-Guacu;-23,8347;-46,8057;11,51;2025-11-04 14:00:00.0;nível;9,99
EMBU-GUAÇU;351510308H;SP;Rio Embu-Guacu;-23,8347;-46,8057;11,51;2025-11-04 14:10:00.0;chuva;0,00
EMBU-GUAÇU;351510308H;SP;Rio Embu-Guacu;-23,8347;-46,8057;11,51;2025-11-04 15:00:00.0;nível;9,99
EMBU-GUAÇU;351510308H;SP;Rio Embu-Guacu;-23,8347;-46,8057;11,51;2025-11-04 15:00:00.0;chuva;0,20
EMBU-GUAÇU;351510308H;SP;Rio Embu-Guacu;-23,8347;-46,8057;11,51;2025-11-04 16:00:00.0;nível;10,00
EMBU-GUAÇU;351510308H;SP;Rio Embu-Guacu;-23,8347;-46,8057;11,51;2025-11-04 16:10:00.0;chuva;0,00
EMBU-GUAÇU;351510308H;SP;Rio Embu-Guacu;-23,8347;-46,8057;11,51;2025-11-04 17:00:00.0;nível;10,00
EMBU-GUAÇU;351510308H;SP;Rio Embu-Guacu;-23,8347;-46,8057;11,51;2025-11-04 17:10:00.0;chuva;0,00
EMBU-GUAÇU;351510308H;SP;Rio Embu-Guacu;-23,8347;-46,8057;11,51;2025-11-04 18:00:00.0;nível;10,00
EMBU-GUAÇU;351510308H;SP;Rio Embu-Guacu;-23,8347;-46,8057;11,51;2025-11-04 18:10:00.0;chuva;0,00
EMBU-GUAÇU;351510308H;SP;Rio Embu-Guacu;-23,8347;-46,8057;11,51;2025-11-04 19:00:00.0;nível;10,01
EMBU-GUAÇU;351510308H;SP;Rio Embu-Guacu;-23,8347;-46,8057;11,51;2025-11-04 19:10:00.0;chuva;0,00
EMBU-GUAÇU;351510308H;SP;Rio Embu-Guacu;-23,8347;-46,8057;11,51;2025-11-04 20:00:00.0;nível;10,01
EMBU-GUAÇU;351510308H;SP;Rio Embu-Guacu;-23,8347;-46,8057;11,51;2025-11-04 20:10:00.0;chuva;0,00
EMBU-GUAÇU;351510308H;SP;Rio Embu-Guacu;-23,8347;-46,8057;11,51;2025-11-04 21:00:00.0;nível;10,02
EMBU-GUAÇU;351510308H;SP;Rio Embu-Guacu;-23,8347;-46,8057;11,51;2025-11-04 21:10:00.0;chuva;0,00
EMBU-GUAÇU;351510308H;SP;Rio Embu-Guacu;-23,8347;-46,8057;11,51;2025-11-04 22:00:00.0;nível;10,02
EMBU-GUAÇU;351510308H;SP;Rio Embu-Guacu;-23,8347;-46,8057;11,51;2025-11-04 22:10:00.0;chuva;0,00
EMBU-GUAÇU;351510308H;SP;Rio Embu-Guacu;-23,8347;-46,8057;11,51;2025-11-04 23:00:00.0;nível;10,03
EMBU-GUAÇU;351510308H;SP;Rio Embu-Guacu;-23,8347;-46,8057;11,51;2025-11-04 23:10:00.0;chuva;0,00
ESPÍRITO SANTO DO PINHAL;351518627H;SP;Ribeirão dos Porcos;-22,19567;-46,760945;6,74;2025-11-01 00:00:00.0;nível;35,00
ESPÍRITO SANTO DO PINHAL;351518627H;SP;Ribeirão dos Porcos;-22,19567;-46,760945;6,74;2025-11-01 00:10:00.0;chuva;0,00
ESPÍRITO SANTO DO PINHAL;351518627H;SP;Ribeirão dos Porcos;-22,19567;-46,760945;6,74;2025-11-01 01:00:00.0;nível;35,00
ESPÍRITO SANTO DO PINHAL;351518627H;SP;Ribeirão dos Porcos;-22,19567;-46,760945;6,74;2025-11-01 01:10:00.0;chuva;0,00
ESPÍRITO SANTO DO PINHAL;351518627H;SP;Ribeirão dos Porcos;-22,19567;-46,760945;6,74;2025-11-01 02:00:00.0;nível;35,00
ESPÍRITO SANTO DO PINHAL;351518627H;SP;Ribeirão dos Porcos;-22,19567;-46,760945;6,74;2025-11-01 02:10:00.0;chuva;0,00
ESPÍRITO SANTO DO PINHAL;351518627H;SP;Ribeirão dos Porcos;-22,19567;-46,760945;6,74;2025-11-01 03:00:00.0;nível;35,00
ESPÍRITO SANTO DO PINHAL;351518627H;SP;Ribeirão dos Porcos;-22,19567;-46,760945;6,74;2025-11-01 03:10:00.0;chuva;0,00
ESPÍRITO SANTO DO PINHAL;351518627H;SP;Ribeirão dos Porcos;-22,19567;-46,760945;6,74;2025-11-01 04:00:00.0;nível;35,00
ESPÍRITO SANTO DO PINHAL;351518627H;SP;Ribeirão dos Porcos;-22,19567;-46,760945;6,74;2025-11-01 04:10:00.0;chuva;0,00
ESPÍRITO SANTO DO PINHAL;351518627H;SP;Ribeirão dos Porcos;-22,19567;-46,760945;6,74;2025-11-01 05:00:00.0;nível;35,00
ESPÍRITO SANTO DO PINHAL;351518627H;SP;Ribeirão dos Porcos;-22,19567;-46,760945;6,74;2025-11-01 05:10:00.0;chuva;0,00
ESPÍRITO SANTO DO PINHAL;351518627H;SP;Ribeirão dos Porcos;-22,19567;-46,760945;6,74;2025-11-01 06:00:00.0;nível;35,00
ESPÍRITO SANTO DO PINHAL;351518627H;SP;Ribeirão dos Porcos;-22,19567;-46,760945;6,74;2025-11-01 06:10:00.0;chuva;0,00
ESPÍRITO SANTO DO PINHAL;351518627H;SP;Ribeirão dos Porcos;-22,19567;-46,760945;6,74;2025-11-01 10:00:00.0;nível;35,00
ESPÍRITO SANTO DO PINHAL;351518627H;SP;Ribeirão dos Porcos;-22,19567;-46,760945;6,74;2025-11-01 10:10:00.0;chuva;0,00
ESPÍRITO SANTO DO PINHAL;351518627H;SP;Ribeirão dos Porcos;-22,19567;-46,760945;6,74;2025-11-01 11:00:00.0;nível;35,00
ESPÍRITO SANTO DO PINHAL;351518627H;SP;Ribeirão dos Porcos;-22,19567;-46,760945;6,74;2025-11-01 11:10:00.0;chuva;0,00
ESPÍRITO SANTO DO PINHAL;351518627H;SP;Ribeirão dos Porcos;-22,19567;-46,760945;6,74;2025-11-01 12:00:00.0;nível;35,00
ESPÍRITO SANTO DO PINHAL;351518627H;SP;Ribeirão dos Porcos;-22,19567;-46,760945;6,74;2025-11-01 12:10:00.0;chuva;0,00
ESPÍRITO SANTO DO PINHAL;351518627H;SP;Ribeirão dos Porcos;-22,19567;-46,760945;6,74;2025-11-01 13:00:00.0;nível;35,00
ESPÍRITO SANTO DO PINHAL;351518627H;SP;Ribeirão dos Porcos;-22,19567;-46,760945;6,74;2025-11-01 13:10:00.0;chuva;0,00
ESPÍRITO SANTO DO PINHAL;351518627H;SP;Ribeirão dos Porcos;-22,19567;-46,760945;6,74;2025-11-01 14:00:00.0;nível;35,00
ESPÍRITO SANTO DO PINHAL;351518627H;SP;Ribeirão dos Porcos;-22,19567;-46,760945;6,74;2025-11-01 14:10:00.0;chuva;0,00
ESPÍRITO SANTO DO PINHAL;351518627H;SP;Ribeirão dos Porcos;-22,19567;-46,760945;6,74;2025-11-01 15:00:00.0;nível;35,00
ESPÍRITO SANTO DO PINHAL;351518627H;SP;Ribeirão dos Porcos;-22,19567;-46,760945;6,74;2025-11-01 15:10:00.0;chuva;0,00
ESPÍRITO SANTO DO PINHAL;351518627H;SP;Ribeirão dos Porcos;-22,19567;-46,760945;6,74;2025-11-01 16:00:00.0;nível;35,00
ESPÍRITO SANTO DO PINHAL;351518627H;SP;Ribeirão dos Porcos;-22,19567;-46,760945;6,74;2025-11-01 16:10:00.0;chuva;0,00
ESPÍRITO SANTO DO PINHAL;351518627H;SP;Ribeirão dos Porcos;-22,19567;-46,760945;6,74;2025-11-01 17:00:00.0;nível;35,00
ESPÍRITO SANTO DO PINHAL;351518627H;SP;Ribeirão dos Porcos;-22,19567;-46,760945;6,74;2025-11-01 17:10:00.0;chuva;0,00
ESPÍRITO SANTO DO PINHAL;351518627H;SP;Ribeirão dos Porcos;-22,19567;-46,760945;6,74;2025-11-01 18:00:00.0;nível;35,00
ESPÍRITO SANTO DO PINHAL;351518627H;SP;Ribeirão dos Porcos;-22,19567;-46,760945;6,74;2025-11-01 18:10:00.0;chuva;0,00
ESPÍRITO SANTO DO PINHAL;351518627H;SP;Ribeirão dos Porcos;-22,19567;-46,760945;6,74;2025-11-01 19:00:00.0;nível;35,00
ESPÍRITO SANTO DO PINHAL;351518627H;SP;Ribeirão dos Porcos;-22,19567;-46,760945;6,74;2025-11-01 19:10:00.0;chuva;0,00
ESPÍRITO SANTO DO PINHAL;351518627H;SP;Ribeirão dos Porcos;-22,19567;-46,760945;6,74;2025-11-01 20:00:00.0;nível;35,00
ESPÍRITO SANTO DO PINHAL;351518627H;SP;Ribeirão dos Porcos;-22,19567;-46,760945;6,74;2025-11-01 20:10:00.0;chuva;0,00
ESPÍRITO SANTO DO PINHAL;351518627H;SP;Ribeirão dos Porcos;-22,19567;-46,760945;6,74;2025-11-01 21:00:00.0;nível;35,00
ESPÍRITO SANTO DO PINHAL;351518627H;SP;Ribeirão dos Porcos;-22,19567;-46,760945;6,74;2025-11-01 21:10:00.0;chuva;0,00
ESPÍRITO SANTO DO PINHAL;351518627H;SP;Ribeirão dos Porcos;-22,19567;-46,760945;6,74;2025-11-01 22:00:00.0;nível;35,00
ESPÍRITO SANTO DO PINHAL;351518627H;SP;Ribeirão dos Porcos;-22,19567;-46,760945;6,74;2025-11-01 22:10:00.0;chuva;0,00
ESPÍRITO SANTO DO PINHAL;351518627H;SP;Ribeirão dos Porcos;-22,19567;-46,760945;6,74;2025-11-01 23:00:00.0;nível;35,00
ESPÍRITO SANTO DO PINHAL;351518627H;SP;Ribeirão dos Porcos;-22,19567;-46,760945;6,74;2025-11-01 23:10:00.0;chuva;0,00
ESPÍRITO SANTO DO PINHAL;351518627H;SP;Ribeirão dos Porcos;-22,19567;-46,760945;6,74;2025-11-02 00:00:00.0;nível;35,00
ESPÍRITO SANTO DO PINHAL;351518627H;SP;Ribeirão dos Porcos;-22,19567;-46,760945;6,74;2025-11-02 00:10:00.0;chuva;0,00
ESPÍRITO SANTO DO PINHAL;351518627H;SP;Ribeirão dos Porcos;-22,19567;-46,760945;6,74;2025-11-02 01:00:00.0;nível;35,00
ESPÍRITO SANTO DO PINHAL;351518627H;SP;Ribeirão dos Porcos;-22,19567;-46,760945;6,74;2025-11-02 01:10:00.0;chuva;0,00
ESPÍRITO SANTO DO PINHAL;351518627H;SP;Ribeirão dos Porcos;-22,19567;-46,760945;6,74;2025-11-02 02:00:00.0;nível;35,00
ESPÍRITO SANTO DO PINHAL;351518627H;SP;Ribeirão dos Porcos;-22,19567;-46,760945;6,74;2025-11-02 02:10:00.0;chuva;0,00
ESPÍRITO SANTO DO PINHAL;351518627H;SP;Ribeirão dos Porcos;-22,19567;-46,760945;6,74;2025-11-02 03:00:00.0;nível;35,00
ESPÍRITO SANTO DO PINHAL;351518627H;SP;Ribeirão dos Porcos;-22,19567;-46,760945;6,74;2025-11-02 03:10:00.0;chuva;0,00
ESPÍRITO SANTO DO PINHAL;351518627H;SP;Ribeirão dos Porcos;-22,19567;-46,760945;6,74;2025-11-02 04:00:00.0;nível;35,00
ESPÍRITO SANTO DO PINHAL;351518627H;SP;Ribeirão dos Porcos;-22,19567;-46,760945;6,74;2025-11-02 04:10:00.0;chuva;0,00
ESPÍRITO SANTO DO PINHAL;351518627H;SP;Ribeirão dos Porcos;-22,19567;-46,760945;6,74;2025-11-02 05:00:00.0;nível;35,00
ESPÍRITO SANTO DO PINHAL;351518627H;SP;Ribeirão dos Porcos;-22,19567;-46,760945;6,74;2025-11-02 05:10:00.0;chuva;0,00
ESPÍRITO SANTO DO PINHAL;351518627H;SP;Ribeirão dos Porcos;-22,19567;-46,760945;6,74;2025-11-02 12:00:00.0;nível;35,00
ESPÍRITO SANTO DO PINHAL;351518627H;SP;Ribeirão dos Porcos;-22,19567;-46,760945;6,74;2025-11-02 12:10:00.0;chuva;0,00
ESPÍRITO SANTO DO PINHAL;351518627H;SP;Ribeirão dos Porcos;-22,19567;-46,760945;6,74;2025-11-02 13:00:00.0;nível;35,00
ESPÍRITO SANTO DO PINHAL;351518627H;SP;Ribeirão dos Porcos;-22,19567;-46,760945;6,74;2025-11-02 13:10:00.0;chuva;0,00
ESPÍRITO SANTO DO PINHAL;351518627H;SP;Ribeirão dos Porcos;-22,19567;-46,760945;6,74;2025-11-02 14:00:00.0;nível;35,00
ESPÍRITO SANTO DO PINHAL;351518627H;SP;Ribeirão dos Porcos;-22,19567;-46,760945;6,74;2025-11-02 14:10:00.0;chuva;0,00
ESPÍRITO SANTO DO PINHAL;351518627H;SP;Ribeirão dos Porcos;-22,19567;-46,760945;6,74;2025-11-02 15:00:00.0;nível;35,00
ESPÍRITO SANTO DO PINHAL;351518627H;SP;Ribeirão dos Porcos;-22,19567;-46,760945;6,74;2025-11-02 15:10:00.0;chuva;0,00
ESPÍRITO SANTO DO PINHAL;351518627H;SP;Ribeirão dos Porcos;-22,19567;-46,760945;6,74;2025-11-02 16:00:00.0;chuva;0,20
ESPÍRITO SANTO DO PINHAL;351518627H;SP;Ribeirão dos Porcos;-22,19567;-46,760945;6,74;2025-11-02 16:00:00.0;nível;35,00
ESPÍRITO SANTO DO PINHAL;351518627H;SP;Ribeirão dos Porcos;-22,19567;-46,760945;6,74;2025-11-02 17:00:00.0;nível;35,00
ESPÍRITO SANTO DO PINHAL;351518627H;SP;Ribeirão dos Porcos;-22,19567;-46,760945;6,74;2025-11-02 17:10:00.0;chuva;0,00
ESPÍRITO SANTO DO PINHAL;351518627H;SP;Ribeirão dos Porcos;-22,19567;-46,760945;6,74;2025-11-02 18:00:00.0;nível;35,00
ESPÍRITO SANTO DO PINHAL;351518627H;SP;Ribeirão dos Porcos;-22,19567;-46,760945;6,74;2025-11-02 18:10:00.0;chuva;0,00
ESPÍRITO SANTO DO PINHAL;351518627H;SP;Ribeirão dos Porcos;-22,19567;-46,760945;6,74;2025-11-02 19:00:00.0;nível;35,00
ESPÍRITO SANTO DO PINHAL;351518627H;SP;Ribeirão dos Porcos;-22,19567;-46,760945;6,74;2025-11-02 19:10:00.0;chuva;0,00
ESPÍRITO SANTO DO PINHAL;351518627H;SP;Ribeirão dos Porcos;-22,19567;-46,760945;6,74;2025-11-02 20:00:00.0;nível;35,00
ESPÍRITO SANTO DO PINHAL;351518627H;SP;Ribeirão dos Porcos;-22,19567;-46,760945;6,74;2025-11-02 20:10:00.0;chuva;0,00
ESPÍRITO SANTO DO PINHAL;351518627H;SP;Ribeirão dos Porcos;-22,19567;-46,760945;6,74;2025-11-02 21:00:00.0;nível;35,00
ESPÍRITO SANTO DO PINHAL;351518627H;SP;Ribeirão dos Porcos;-22,19567;-46,760945;6,74;2025-11-02 21:10:00.0;chuva;0,00
ESPÍRITO SANTO DO PINHAL;351518627H;SP;Ribeirão dos Porcos;-22,19567;-46,760945;6,74;2025-11-02 22:00:00.0;nível;35,00
ESPÍRITO SANTO DO PINHAL;351518627H;SP;Ribeirão dos Porcos;-22,19567;-46,760945;6,74;2025-11-02 22:10:00.0;chuva;0,00
ESPÍRITO SANTO DO PINHAL;351518627H;SP;Ribeirão dos Porcos;-22,19567;-46,760945;6,74;2025-11-02 23:00:00.0;nível;35,00
ESPÍRITO SANTO DO PINHAL;351518627H;SP;Ribeirão dos Porcos;-22,19567;-46,760945;6,74;2025-11-02 23:10:00.0;chuva;0,00
ESPÍRITO SANTO DO PINHAL;351518627H;SP;Ribeirão dos Porcos;-22,19567;-46,760945;6,74;2025-11-03 00:00:00.0;nível;35,00
ESPÍRITO SANTO DO PINHAL;351518627H;SP;Ribeirão dos Porcos;-22,19567;-46,760945;6,74;2025-11-03 00:10:00.0;chuva;0,00
ESPÍRITO SANTO DO PINHAL;351518627H;SP;Ribeirão dos Porcos;-22,19567;-46,760945;6,74;2025-11-03 01:00:00.0;nível;35,00
ESPÍRITO SANTO DO PINHAL;351518627H;SP;Ribeirão dos Porcos;-22,19567;-46,760945;6,74;2025-11-03 01:10:00.0;chuva;0,00
ESPÍRITO SANTO DO PINHAL;351518627H;SP;Ribeirão dos Porcos;-22,19567;-46,760945;6,74;2025-11-03 10:10:00.0;chuva;0,00
ESPÍRITO SANTO DO PINHAL;351518627H;SP;Ribeirão dos Porcos;-22,19567;-46,760945;6,74;2025-11-03 11:00:00.0;nível;35,00
ESPÍRITO SANTO DO PINHAL;351518627H;SP;Ribeirão dos Porcos;-22,19567;-46,760945;6,74;2025-11-03 11:10:00.0;chuva;0,00
ESPÍRITO SANTO DO PINHAL;351518627H;SP;Ribeirão dos Porcos;-22,19567;-46,760945;6,74;2025-11-03 12:00:00.0;nível;35,00
ESPÍRITO SANTO DO PINHAL;351518627H;SP;Ribeirão dos Porcos;-22,19567;-46,760945;6,74;2025-11-03 12:10:00.0;chuva;0,00
ESPÍRITO SANTO DO PINHAL;351518627H;SP;Ribeirão dos Porcos;-22,19567;-46,760945;6,74;2025-11-03 13:00:00.0;nível;35,00
ESPÍRITO SANTO DO PINHAL;351518627H;SP;Ribeirão dos Porcos;-22,19567;-46,760945;6,74;2025-11-03 13:10:00.0;chuva;0,00
ESPÍRITO SANTO DO PINHAL;351518627H;SP;Ribeirão dos Porcos;-22,19567;-46,760945;6,74;2025-11-03 14:00:00.0;nível;35,00
ESPÍRITO SANTO DO PINHAL;351518627H;SP;Ribeirão dos Porcos;-22,19567;-46,760945;6,74;2025-11-03 14:10:00.0;chuva;0,00
ESPÍRITO SANTO DO PINHAL;351518627H;SP;Ribeirão dos Porcos;-22,19567;-46,760945;6,74;2025-11-03 15:00:00.0;nível;35,00
ESPÍRITO SANTO DO PINHAL;351518627H;SP;Ribeirão dos Porcos;-22,19567;-46,760945;6,74;2025-11-03 15:10:00.0;chuva;0,00
ESPÍRITO SANTO DO PINHAL;351518627H;SP;Ribeirão dos Porcos;-22,19567;-46,760945;6,74;2025-11-03 16:00:00.0;nível;35,00
ESPÍRITO SANTO DO PINHAL;351518627H;SP;Ribeirão dos Porcos;-22,19567;-46,760945;6,74;2025-11-03 16:10:00.0;chuva;0,00
ESPÍRITO SANTO DO PINHAL;351518627H;SP;Ribeirão dos Porcos;-22,19567;-46,760945;6,74;2025-11-03 17:00:00.0;nível;35,00
ESPÍRITO SANTO DO PINHAL;351518627H;SP;Ribeirão dos Porcos;-22,19567;-46,760945;6,74;2025-11-03 17:10:00.0;chuva;0,00
ESPÍRITO SANTO DO PINHAL;351518627H;SP;Ribeirão dos Porcos;-22,19567;-46,760945;6,74;2025-11-03 18:00:00.0;nível;35,00
ESPÍRITO SANTO DO PINHAL;351518627H;SP;Ribeirão dos Porcos;-22,19567;-46,760945;6,74;2025-11-03 18:10:00.0;chuva;0,00
ESPÍRITO SANTO DO PINHAL;351518627H;SP;Ribeirão dos Porcos;-22,19567;-46,760945;6,74;2025-11-03 19:00:00.0;nível;35,00
ESPÍRITO SANTO DO PINHAL;351518627H;SP;Ribeirão dos Porcos;-22,19567;-46,760945;6,74;2025-11-03 19:10:00.0;chuva;0,00
ESPÍRITO SANTO DO PINHAL;351518627H;SP;Ribeirão dos Porcos;-22,19567;-46,760945;6,74;2025-11-03 20:00:00.0;nível;35,00
ESPÍRITO SANTO DO PINHAL;351518627H;SP;Ribeirão dos Porcos;-22,19567;-46,760945;6,74;2025-11-03 20:10:00.0;chuva;0,00
ESPÍRITO SANTO DO PINHAL;351518627H;SP;Ribeirão dos Porcos;-22,19567;-46,760945;6,74;2025-11-03 21:00:00.0;nível;35,00
ESPÍRITO SANTO DO PINHAL;351518627H;SP;Ribeirão dos Porcos;-22,19567;-46,760945;6,74;2025-11-03 21:10:00.0;chuva;0,00
ESPÍRITO SANTO DO PINHAL;351518627H;SP;Ribeirão dos Porcos;-22,19567;-46,760945;6,74;2025-11-03 22:00:00.0;nível;35,00
ESPÍRITO SANTO DO PINHAL;351518627H;SP;Ribeirão dos Porcos;-22,19567;-46,760945;6,74;2025-11-03 22:10:00.0;chuva;0,00
ESPÍRITO SANTO DO PINHAL;351518627H;SP;Ribeirão dos Porcos;-22,19567;-46,760945;6,74;2025-11-03 23:00:00.0;nível;35,00
ESPÍRITO SANTO DO PINHAL;351518627H;SP;Ribeirão dos Porcos;-22,19567;-46,760945;6,74;2025-11-03 23:10:00.0;chuva;0,00
ESPÍRITO SANTO DO PINHAL;351518627H;SP;Ribeirão dos Porcos;-22,19567;-46,760945;6,74;2025-11-04 00:00:00.0;nível;35,00
ESPÍRITO SANTO DO PINHAL;351518627H;SP;Ribeirão dos Porcos;-22,19567;-46,760945;6,74;2025-11-04 00:10:00.0;chuva;0,00
ESPÍRITO SANTO DO PINHAL;351518627H;SP;Ribeirão dos Porcos;-22,19567;-46,760945;6,74;2025-11-04 01:00:00.0;nível;35,00
ESPÍRITO SANTO DO PINHAL;351518627H;SP;Ribeirão dos Porcos;-22,19567;-46,760945;6,74;2025-11-04 01:10:00.0;chuva;0,00
ESPÍRITO SANTO DO PINHAL;351518627H;SP;Ribeirão dos Porcos;-22,19567;-46,760945;6,74;2025-11-04 02:00:00.0;nível;35,00
ESPÍRITO SANTO DO PINHAL;351518627H;SP;Ribeirão dos Porcos;-22,19567;-46,760945;6,74;2025-11-04 02:10:00.0;chuva;0,00
ESPÍRITO SANTO DO PINHAL;351518627H;SP;Ribeirão dos Porcos;-22,19567;-46,760945;6,74;2025-11-04 03:00:00.0;nível;35,00
ESPÍRITO SANTO DO PINHAL;351518627H;SP;Ribeirão dos Porcos;-22,19567;-46,760945;6,74;2025-11-04 03:10:00.0;chuva;0,00
ESPÍRITO SANTO DO PINHAL;351518627H;SP;Ribeirão dos Porcos;-22,19567;-46,760945;6,74;2025-11-04 03:20:00.0;chuva;0,20
ESPÍRITO SANTO DO PINHAL;351518627H;SP;Ribeirão dos Porcos;-22,19567;-46,760945;6,74;2025-11-04 04:00:00.0;nível;35,00
ESPÍRITO SANTO DO PINHAL;351518627H;SP;Ribeirão dos Porcos;-22,19567;-46,760945;6,74;2025-11-04 04:10:00.0;chuva;0,00
ESPÍRITO SANTO DO PINHAL;351518627H;SP;Ribeirão dos Porcos;-22,19567;-46,760945;6,74;2025-11-04 05:00:00.0;nível;35,00
ESPÍRITO SANTO DO PINHAL;351518627H;SP;Ribeirão dos Porcos;-22,19567;-46,760945;6,74;2025-11-04 05:10:00.0;chuva;0,00
ESPÍRITO SANTO DO PINHAL;351518627H;SP;Ribeirão dos Porcos;-22,19567;-46,760945;6,74;2025-11-04 06:00:00.0;nível;35,00
ESPÍRITO SANTO DO PINHAL;351518627H;SP;Ribeirão dos Porcos;-22,19567;-46,760945;6,74;2025-11-04 06:10:00.0;chuva;0,00
ESPÍRITO SANTO DO PINHAL;351518627H;SP;Ribeirão dos Porcos;-22,19567;-46,760945;6,74;2025-11-04 07:00:00.0;nível;35,00
ESPÍRITO SANTO DO PINHAL;351518627H;SP;Ribeirão dos Porcos;-22,19567;-46,760945;6,74;2025-11-04 07:10:00.0;chuva;0,00
ESPÍRITO SANTO DO PINHAL;351518627H;SP;Ribeirão dos Porcos;-22,19567;-46,760945;6,74;2025-11-04 10:00:00.0;nível;35,00
ESPÍRITO SANTO DO PINHAL;351518627H;SP;Ribeirão dos Porcos;-22,19567;-46,760945;6,74;2025-11-04 10:10:00.0;chuva;0,00
ESPÍRITO SANTO DO PINHAL;351518627H;SP;Ribeirão dos Porcos;-22,19567;-46,760945;6,74;2025-11-04 11:00:00.0;nível;35,00
ESPÍRITO SANTO DO PINHAL;351518627H;SP;Ribeirão dos Porcos;-22,19567;-46,760945;6,74;2025-11-04 11:10:00.0;chuva;0,00
ESPÍRITO SANTO DO PINHAL;351518627H;SP;Ribeirão dos Porcos;-22,19567;-46,760945;6,74;2025-11-04 12:00:00.0;nível;35,00
ESPÍRITO SANTO DO PINHAL;351518627H;SP;Ribeirão dos Porcos;-22,19567;-46,760945;6,74;2025-11-04 12:10:00.0;chuva;0,00
ESPÍRITO SANTO DO PINHAL;351518627H;SP;Ribeirão dos Porcos;-22,19567;-46,760945;6,74;2025-11-04 13:00:00.0;nível;35,00
ESPÍRITO SANTO DO PINHAL;351518627H;SP;Ribeirão dos Porcos;-22,19567;-46,760945;6,74;2025-11-04 13:10:00.0;chuva;0,00
ESPÍRITO SANTO DO PINHAL;351518627H;SP;Ribeirão dos Porcos;-22,19567;-46,760945;6,74;2025-11-04 14:00:00.0;nível;35,00
ESPÍRITO SANTO DO PINHAL;351518627H;SP;Ribeirão dos Porcos;-22,19567;-46,760945;6,74;2025-11-04 14:10:00.0;chuva;0,00
ESPÍRITO SANTO DO PINHAL;351518627H;SP;Ribeirão dos Porcos;-22,19567;-46,760945;6,74;2025-11-04 15:00:00.0;nível;35,00
ESPÍRITO SANTO DO PINHAL;351518627H;SP;Ribeirão dos Porcos;-22,19567;-46,760945;6,74;2025-11-04 15:10:00.0;chuva;0,00
ESPÍRITO SANTO DO PINHAL;351518627H;SP;Ribeirão dos Porcos;-22,19567;-46,760945;6,74;2025-11-04 16:00:00.0;nível;35,00
ESPÍRITO SANTO DO PINHAL;351518627H;SP;Ribeirão dos Porcos;-22,19567;-46,760945;6,74;2025-11-04 16:10:00.0;chuva;0,00
ESPÍRITO SANTO DO PINHAL;351518627H;SP;Ribeirão dos Porcos;-22,19567;-46,760945;6,74;2025-11-04 17:00:00.0;nível;35,00
ESPÍRITO SANTO DO PINHAL;351518627H;SP;Ribeirão dos Porcos;-22,19567;-46,760945;6,74;2025-11-04 17:10:00.0;chuva;0,00
ESPÍRITO SANTO DO PINHAL;351518627H;SP;Ribeirão dos Porcos;-22,19567;-46,760945;6,74;2025-11-04 18:00:00.0;nível;35,00
ESPÍRITO SANTO DO PINHAL;351518627H;SP;Ribeirão dos Porcos;-22,19567;-46,760945;6,74;2025-11-04 18:10:00.0;chuva;0,00
ESPÍRITO SANTO DO PINHAL;351518627H;SP;Ribeirão dos Porcos;-22,19567;-46,760945;6,74;2025-11-04 19:00:00.0;nível;35,00
ESPÍRITO SANTO DO PINHAL;351518627H;SP;Ribeirão dos Porcos;-22,19567;-46,760945;6,74;2025-11-04 19:10:00.0;chuva;0,00
ESPÍRITO SANTO DO PINHAL;351518627H;SP;Ribeirão dos Porcos;-22,19567;-46,760945;6,74;2025-11-04 20:00:00.0;nível;35,00
ESPÍRITO SANTO DO PINHAL;351518627H;SP;Ribeirão dos Porcos;-22,19567;-46,760945;6,74;2025-11-04 20:10:00.0;chuva;0,00
ESPÍRITO SANTO DO PINHAL;351518627H;SP;Ribeirão dos Porcos;-22,19567;-46,760945;6,74;2025-11-04 21:00:00.0;nível;35,00
ESPÍRITO SANTO DO PINHAL;351518627H;SP;Ribeirão dos Porcos;-22,19567;-46,760945;6,74;2025-11-04 21:10:00.0;chuva;0,00
ESPÍRITO SANTO DO PINHAL;351518627H;SP;Ribeirão dos Porcos;-22,19567;-46,760945;6,74;2025-11-04 22:00:00.0;nível;35,00
ESPÍRITO SANTO DO PINHAL;351518627H;SP;Ribeirão dos Porcos;-22,19567;-46,760945;6,74;2025-11-04 22:10:00.0;chuva;0,00
ESPÍRITO SANTO DO PINHAL;351518627H;SP;Ribeirão dos Porcos;-22,19567;-46,760945;6,74;2025-11-04 23:00:00.0;nível;35,00
ESPÍRITO SANTO DO PINHAL;351518627H;SP;Ribeirão dos Porcos;-22,19567;-46,760945;6,74;2025-11-04 23:10:00.0;chuva;0,00
FRANCO DA ROCHA;351640809H;SP;Rio Jundiai;-23,3287;-46,7261;7,68;2025-11-01 00:00:00.0;nível;6,55
FRANCO DA ROCHA;351640809H;SP;Rio Jundiai;-23,3287;-46,7261;7,68;2025-11-01 00:10:00.0;chuva;0,00
FRANCO DA ROCHA;351640809H;SP;Rio Jundiai;-23,3287;-46,7261;7,68;2025-11-01 01:00:00.0;nível;6,56
FRANCO DA ROCHA;351640809H;SP;Rio Jundiai;-23,3287;-46,7261;7,68;2025-11-01 01:10:00.0;chuva;0,00
FRANCO DA ROCHA;351640809H;SP;Rio Jundiai;-23,3287;-46,7261;7,68;2025-11-01 02:00:00.0;nível;6,58
FRANCO DA ROCHA;351640809H;SP;Rio Jundiai;-23,3287;-46,7261;7,68;2025-11-01 02:10:00.0;chuva;0,00
FRANCO DA ROCHA;351640809H;SP;Rio Jundiai;-23,3287;-46,7261;7,68;2025-11-01 03:00:00.0;nível;6,59
FRANCO DA ROCHA;351640809H;SP;Rio Jundiai;-23,3287;-46,7261;7,68;2025-11-01 03:10:00.0;chuva;0,00
FRANCO DA ROCHA;351640809H;SP;Rio Jundiai;-23,3287;-46,7261;7,68;2025-11-01 04:00:00.0;nível;6,60
FRANCO DA ROCHA;351640809H;SP;Rio Jundiai;-23,3287;-46,7261;7,68;2025-11-01 04:10:00.0;chuva;0,00
FRANCO DA ROCHA;351640809H;SP;Rio Jundiai;-23,3287;-46,7261;7,68;2025-11-01 05:00:00.0;nível;6,61
FRANCO DA ROCHA;351640809H;SP;Rio Jundiai;-23,3287;-46,7261;7,68;2025-11-01 05:10:00.0;chuva;0,00
FRANCO DA ROCHA;351640809H;SP;Rio Jundiai;-23,3287;-46,7261;7,68;2025-11-01 06:00:00.0;nível;6,62
FRANCO DA ROCHA;351640809H;SP;Rio Jundiai;-23,3287;-46,7261;7,68;2025-11-01 06:10:00.0;chuva;0,00
FRANCO DA ROCHA;351640809H;SP;Rio Jundiai;-23,3287;-46,7261;7,68;2025-11-01 07:00:00.0;nível;6,63
FRANCO DA ROCHA;351640809H;SP;Rio Jundiai;-23,3287;-46,7261;7,68;2025-11-01 07:10:00.0;chuva;0,00
FRANCO DA ROCHA;351640809H;SP;Rio Jundiai;-23,3287;-46,7261;7,68;2025-11-01 08:00:00.0;nível;6,63
FRANCO DA ROCHA;351640809H;SP;Rio Jundiai;-23,3287;-46,7261;7,68;2025-11-01 08:10:00.0;chuva;0,00
FRANCO DA ROCHA;351640809H;SP;Rio Jundiai;-23,3287;-46,7261;7,68;2025-11-01 09:00:00.0;nível;6,64
FRANCO DA ROCHA;351640809H;SP;Rio Jundiai;-23,3287;-46,7261;7,68;2025-11-01 09:10:00.0;chuva;0,00
FRANCO DA ROCHA;351640809H;SP;Rio Jundiai;-23,3287;-46,7261;7,68;2025-11-01 10:00:00.0;nível;6,64
FRANCO DA ROCHA;351640809H;SP;Rio Jundiai;-23,3287;-46,7261;7,68;2025-11-01 10:10:00.0;chuva;0,00
FRANCO DA ROCHA;351640809H;SP;Rio Jundiai;-23,3287;-46,7261;7,68;2025-11-01 11:00:00.0;nível;6,64
FRANCO DA ROCHA;351640809H;SP;Rio Jundiai;-23,3287;-46,7261;7,68;2025-11-01 11:10:00.0;chuva;0,00
FRANCO DA ROCHA;351640809H;SP;Rio Jundiai;-23,3287;-46,7261;7,68;2025-11-01 12:00:00.0;nível;6,64
FRANCO DA ROCHA;351640809H;SP;Rio Jundiai;-23,3287;-46,7261;7,68;2025-11-01 12:10:00.0;chuva;0,00
FRANCO DA ROCHA;351640809H;SP;Rio Jundiai;-23,3287;-46,7261;7,68;2025-11-01 13:00:00.0;nível;6,64
FRANCO DA ROCHA;351640809H;SP;Rio Jundiai;-23,3287;-46,7261;7,68;2025-11-01 13:10:00.0;chuva;0,00
FRANCO DA ROCHA;351640809H;SP;Rio Jundiai;-23,3287;-46,7261;7,68;2025-11-01 14:00:00.0;nível;6,64
FRANCO DA ROCHA;351640809H;SP;Rio Jundiai;-23,3287;-46,7261;7,68;2025-11-01 14:10:00.0;chuva;0,00
FRANCO DA ROCHA;351640809H;SP;Rio Jundiai;-23,3287;-46,7261;7,68;2025-11-01 15:00:00.0;nível;6,64
FRANCO DA ROCHA;351640809H;SP;Rio Jundiai;-23,3287;-46,7261;7,68;2025-11-01 15:10:00.0;chuva;0,00
FRANCO DA ROCHA;351640809H;SP;Rio Jundiai;-23,3287;-46,7261;7,68;2025-11-01 16:00:00.0;nível;6,64
FRANCO DA ROCHA;351640809H;SP;Rio Jundiai;-23,3287;-46,7261;7,68;2025-11-01 16:10:00.0;chuva;0,00
FRANCO DA ROCHA;351640809H;SP;Rio Jundiai;-23,3287;-46,7261;7,68;2025-11-01 17:00:00.0;nível;6,63
FRANCO DA ROCHA;351640809H;SP;Rio Jundiai;-23,3287;-46,7261;7,68;2025-11-01 17:10:00.0;chuva;0,00
FRANCO DA ROCHA;351640809H;SP;Rio Jundiai;-23,3287;-46,7261;7,68;2025-11-01 18:00:00.0;nível;6,63
FRANCO DA ROCHA;351640809H;SP;Rio Jundiai;-23,3287;-46,7261;7,68;2025-11-01 18:10:00.0;chuva;0,00
FRANCO DA ROCHA;351640809H;SP;Rio Jundiai;-23,3287;-46,7261;7,68;2025-11-01 19:00:00.0;nível;6,63
FRANCO DA ROCHA;351640809H;SP;Rio Jundiai;-23,3287;-46,7261;7,68;2025-11-01 19:10:00.0;chuva;0,00
FRANCO DA ROCHA;351640809H;SP;Rio Jundiai;-23,3287;-46,7261;7,68;2025-11-01 20:00:00.0;nível;6,63
FRANCO DA ROCHA;351640809H;SP;Rio Jundiai;-23,3287;-46,7261;7,68;2025-11-01 20:10:00.0;chuva;0,00
FRANCO DA ROCHA;351640809H;SP;Rio Jundiai;-23,3287;-46,7261;7,68;2025-11-01 21:00:00.0;nível;6,63
FRANCO DA ROCHA;351640809H;SP;Rio Jundiai;-23,3287;-46,7261;7,68;2025-11-01 21:10:00.0;chuva;0,00
FRANCO DA ROCHA;351640809H;SP;Rio Jundiai;-23,3287;-46,7261;7,68;2025-11-01 22:00:00.0;nível;6,64
FRANCO DA ROCHA;351640809H;SP;Rio Jundiai;-23,3287;-46,7261;7,68;2025-11-01 22:10:00.0;chuva;0,00
FRANCO DA ROCHA;351640809H;SP;Rio Jundiai;-23,3287;-46,7261;7,68;2025-11-01 23:00:00.0;nível;6,64
FRANCO DA ROCHA;351640809H;SP;Rio Jundiai;-23,3287;-46,7261;7,68;2025-11-01 23:10:00.0;chuva;0,00
FRANCO DA ROCHA;351640809H;SP;Rio Jundiai;-23,3287;-46,7261;7,68;2025-11-02 00:00:00.0;nível;6,65
FRANCO DA ROCHA;351640809H;SP;Rio Jundiai;-23,3287;-46,7261;7,68;2025-11-02 00:10:00.0;chuva;0,00
FRANCO DA ROCHA;351640809H;SP;Rio Jundiai;-23,3287;-46,7261;7,68;2025-11-02 01:00:00.0;nível;6,65
FRANCO DA ROCHA;351640809H;SP;Rio Jundiai;-23,3287;-46,7261;7,68;2025-11-02 01:10:00.0;chuva;0,00
FRANCO DA ROCHA;351640809H;SP;Rio Jundiai;-23,3287;-46,7261;7,68;2025-11-02 02:00:00.0;nível;6,66
FRANCO DA ROCHA;351640809H;SP;Rio Jundiai;-23,3287;-46,7261;7,68;2025-11-02 02:10:00.0;chuva;0,00
FRANCO DA ROCHA;351640809H;SP;Rio Jundiai;-23,3287;-46,7261;7,68;2025-11-02 03:00:00.0;nível;6,66
FRANCO DA ROCHA;351640809H;SP;Rio Jundiai;-23,3287;-46,7261;7,68;2025-11-02 03:10:00.0;chuva;0,00
FRANCO DA ROCHA;351640809H;SP;Rio Jundiai;-23,3287;-46,7261;7,68;2025-11-02 04:00:00.0;nível;6,67
FRANCO DA ROCHA;351640809H;SP;Rio Jundiai;-23,3287;-46,7261;7,68;2025-11-02 04:10:00.0;chuva;0,00
FRANCO DA ROCHA;351640809H;SP;Rio Jundiai;-23,3287;-46,7261;7,68;2025-11-02 05:00:00.0;nível;6,68
FRANCO DA ROCHA;351640809H;SP;Rio Jundiai;-23,3287;-46,7261;7,68;2025-11-02 05:10:00.0;chuva;0,00
FRANCO DA ROCHA;351640809H;SP;Rio Jundiai;-23,3287;-46,7261;7,68;2025-11-02 05:40:00.0;chuva;0,20
FRANCO DA ROCHA;351640809H;SP;Rio Jundiai;-23,3287;-46,7261;7,68;2025-11-02 05:50:00.0;chuva;1,20
FRANCO DA ROCHA;351640809H;SP;Rio Jundiai;-23,3287;-46,7261;7,68;2025-11-02 06:00:00.0;nível;6,68
FRANCO DA ROCHA;351640809H;SP;Rio Jundiai;-23,3287;-46,7261;7,68;2025-11-02 06:00:00.0;chuva;0,20
FRANCO DA ROCHA;351640809H;SP;Rio Jundiai;-23,3287;-46,7261;7,68;2025-11-02 06:10:00.0;chuva;1,00
FRANCO DA ROCHA;351640809H;SP;Rio Jundiai;-23,3287;-46,7261;7,68;2025-11-02 07:00:00.0;nível;6,64
FRANCO DA ROCHA;351640809H;SP;Rio Jundiai;-23,3287;-46,7261;7,68;2025-11-02 07:10:00.0;chuva;0,00
FRANCO DA ROCHA;351640809H;SP;Rio Jundiai;-23,3287;-46,7261;7,68;2025-11-02 07:40:00.0;chuva;0,20
FRANCO DA ROCHA;351640809H;SP;Rio Jundiai;-23,3287;-46,7261;7,68;2025-11-02 07:50:00.0;chuva;0,20
FRANCO DA ROCHA;351640809H;SP;Rio Jundiai;-23,3287;-46,7261;7,68;2025-11-02 08:00:00.0;nível;6,67
FRANCO DA ROCHA;351640809H;SP;Rio Jundiai;-23,3287;-46,7261;7,68;2025-11-02 08:00:00.0;chuva;0,20
FRANCO DA ROCHA;351640809H;SP;Rio Jundiai;-23,3287;-46,7261;7,68;2025-11-02 09:00:00.0;nível;6,66
FRANCO DA ROCHA;351640809H;SP;Rio Jundiai;-23,3287;-46,7261;7,68;2025-11-02 09:10:00.0;chuva;0,20
FRANCO DA ROCHA;351640809H;SP;Rio Jundiai;-23,3287;-46,7261;7,68;2025-11-02 09:20:00.0;chuva;0,20
FRANCO DA ROCHA;351640809H;SP;Rio Jundiai;-23,3287;-46,7261;7,68;2025-11-02 09:30:00.0;chuva;0,60
FRANCO DA ROCHA;351640809H;SP;Rio Jundiai;-23,3287;-46,7261;7,68;2025-11-02 09:40:00.0;chuva;1,00
FRANCO DA ROCHA;351640809H;SP;Rio Jundiai;-23,3287;-46,7261;7,68;2025-11-02 09:50:00.0;chuva;1,00
FRANCO DA ROCHA;351640809H;SP;Rio Jundiai;-23,3287;-46,7261;7,68;2025-11-02 10:00:00.0;nível;6,57
FRANCO DA ROCHA;351640809H;SP;Rio Jundiai;-23,3287;-46,7261;7,68;2025-11-02 10:00:00.0;chuva;1,20
FRANCO DA ROCHA;351640809H;SP;Rio Jundiai;-23,3287;-46,7261;7,68;2025-11-02 10:10:00.0;nível;6,46
FRANCO DA ROCHA;351640809H;SP;Rio Jundiai;-23,3287;-46,7261;7,68;2025-11-02 10:10:00.0;chuva;1,00
FRANCO DA ROCHA;351640809H;SP;Rio Jundiai;-23,3287;-46,7261;7,68;2025-11-02 10:20:00.0;nível;6,35
FRANCO DA ROCHA;351640809H;SP;Rio Jundiai;-23,3287;-46,7261;7,68;2025-11-02 10:20:00.0;chuva;0,40
FRANCO DA ROCHA;351640809H;SP;Rio Jundiai;-23,3287;-46,7261;7,68;2025-11-02 10:30:00.0;chuva;0,40
FRANCO DA ROCHA;351640809H;SP;Rio Jundiai;-23,3287;-46,7261;7,68;2025-11-02 10:40:00.0;chuva;0,20
FRANCO DA ROCHA;351640809H;SP;Rio Jundiai;-23,3287;-46,7261;7,68;2025-11-02 11:00:00.0;nível;6,30
FRANCO DA ROCHA;351640809H;SP;Rio Jundiai;-23,3287;-46,7261;7,68;2025-11-02 11:00:00.0;chuva;0,20
FRANCO DA ROCHA;351640809H;SP;Rio Jundiai;-23,3287;-46,7261;7,68;2025-11-02 11:10:00.0;chuva;0,20
FRANCO DA ROCHA;351640809H;SP;Rio Jundiai;-23,3287;-46,7261;7,68;2025-11-02 11:20:00.0;chuva;0,20
FRANCO DA ROCHA;351640809H;SP;Rio Jundiai;-23,3287;-46,7261;7,68;2025-11-02 11:30:00.0;nível;6,17
FRANCO DA ROCHA;351640809H;SP;Rio Jundiai;-23,3287;-46,7261;7,68;2025-11-02 11:50:00.0;chuva;0,20
FRANCO DA ROCHA;351640809H;SP;Rio Jundiai;-23,3287;-46,7261;7,68;2025-11-02 12:00:00.0;nível;6,09
FRANCO DA ROCHA;351640809H;SP;Rio Jundiai;-23,3287;-46,7261;7,68;2025-11-02 12:10:00.0;chuva;0,00
FRANCO DA ROCHA;351640809H;SP;Rio Jundiai;-23,3287;-46,7261;7,68;2025-11-02 12:50:00.0;nível;6,22
FRANCO DA ROCHA;351640809H;SP;Rio Jundiai;-23,3287;-46,7261;7,68;2025-11-02 13:00:00.0;nível;6,25
FRANCO DA ROCHA;351640809H;SP;Rio Jundiai;-23,3287;-46,7261;7,68;2025-11-02 13:10:00.0;chuva;0,00
FRANCO DA ROCHA;351640809H;SP;Rio Jundiai;-23,3287;-46,7261;7,68;2025-11-02 13:30:00.0;chuva;0,20
FRANCO DA ROCHA;351640809H;SP;Rio Jundiai;-23,3287;-46,7261;7,68;2025-11-02 13:50:00.0;chuva;0,60
FRANCO DA ROCHA;351640809H;SP;Rio Jundiai;-23,3287;-46,7261;7,68;2025-11-02 14:00:00.0;nível;6,32
FRANCO DA ROCHA;351640809H;SP;Rio Jundiai;-23,3287;-46,7261;7,68;2025-11-02 14:00:00.0;chuva;1,00
FRANCO DA ROCHA;351640809H;SP;Rio Jundiai;-23,3287;-46,7261;7,68;2025-11-02 14:10:00.0;chuva;0,40
FRANCO DA ROCHA;351640809H;SP;Rio Jundiai;-23,3287;-46,7261;7,68;2025-11-02 14:20:00.0;chuva;0,80
FRANCO DA ROCHA;351640809H;SP;Rio Jundiai;-23,3287;-46,7261;7,68;2025-11-02 14:30:00.0;chuva;0,40
FRANCO DA ROCHA;351640809H;SP;Rio Jundiai;-23,3287;-46,7261;7,68;2025-11-02 14:40:00.0;chuva;0,20
FRANCO DA ROCHA;351640809H;SP;Rio Jundiai;-23,3287;-46,7261;7,68;2025-11-02 14:50:00.0;chuva;0,20
FRANCO DA ROCHA;351640809H;SP;Rio Jundiai;-23,3287;-46,7261;7,68;2025-11-02 15:00:00.0;nível;6,25
FRANCO DA ROCHA;351640809H;SP;Rio Jundiai;-23,3287;-46,7261;7,68;2025-11-02 15:00:00.0;chuva;0,40
FRANCO DA ROCHA;351640809H;SP;Rio Jundiai;-23,3287;-46,7261;7,68;2025-11-02 15:10:00.0;chuva;0,20
FRANCO DA ROCHA;351640809H;SP;Rio Jundiai;-23,3287;-46,7261;7,68;2025-11-02 15:20:00.0;chuva;0,20
FRANCO DA ROCHA;351640809H;SP;Rio Jundiai;-23,3287;-46,7261;7,68;2025-11-02 16:00:00.0;nível;6,24
FRANCO DA ROCHA;351640809H;SP;Rio Jundiai;-23,3287;-46,7261;7,68;2025-11-02 16:10:00.0;chuva;0,00
FRANCO DA ROCHA;351640809H;SP;Rio Jundiai;-23,3287;-46,7261;7,68;2025-11-02 16:30:00.0;chuva;0,40
FRANCO DA ROCHA;351640809H;SP;Rio Jundiai;-23,3287;-46,7261;7,68;2025-11-02 17:00:00.0;nível;6,24
FRANCO DA ROCHA;351640809H;SP;Rio Jundiai;-23,3287;-46,7261;7,68;2025-11-02 17:10:00.0;chuva;0,20
FRANCO DA ROCHA;351640809H;SP;Rio Jundiai;-23,3287;-46,7261;7,68;2025-11-02 17:40:00.0;chuva;0,20
FRANCO DA ROCHA;351640809H;SP;Rio Jundiai;-23,3287;-46,7261;7,68;2025-11-02 18:00:00.0;nível;6,32
FRANCO DA ROCHA;351640809H;SP;Rio Jundiai;-23,3287;-46,7261;7,68;2025-11-02 18:10:00.0;chuva;0,40
FRANCO DA ROCHA;351640809H;SP;Rio Jundiai;-23,3287;-46,7261;7,68;2025-11-02 18:20:00.0;chuva;0,20
FRANCO DA ROCHA;351640809H;SP;Rio Jundiai;-23,3287;-46,7261;7,68;2025-11-02 18:40:00.0;chuva;0,20
FRANCO DA ROCHA;351640809H;SP;Rio Jundiai;-23,3287;-46,7261;7,68;2025-11-02 19:00:00.0;nível;6,35
FRANCO DA ROCHA;351640809H;SP;Rio Jundiai;-23,3287;-46,7261;7,68;2025-11-02 19:10:00.0;chuva;0,00
FRANCO DA ROCHA;351640809H;SP;Rio Jundiai;-23,3287;-46,7261;7,68;2025-11-02 20:00:00.0;nível;6,38
FRANCO DA ROCHA;351640809H;SP;Rio Jundiai;-23,3287;-46,7261;7,68;2025-11-02 20:10:00.0;chuva;0,00
FRANCO DA ROCHA;351640809H;SP;Rio Jundiai;-23,3287;-46,7261;7,68;2025-11-02 21:00:00.0;nível;6,42
FRANCO DA ROCHA;351640809H;SP;Rio Jundiai;-23,3287;-46,7261;7,68;2025-11-02 21:10:00.0;chuva;0,00
FRANCO DA ROCHA;351640809H;SP;Rio Jundiai;-23,3287;-46,7261;7,68;2025-11-02 22:00:00.0;nível;6,45
FRANCO DA ROCHA;351640809H;SP;Rio Jundiai;-23,3287;-46,7261;7,68;2025-11-02 22:10:00.0;chuva;0,00
FRANCO DA ROCHA;351640809H;SP;Rio Jundiai;-23,3287;-46,7261;7,68;2025-11-02 23:00:00.0;nível;6,48
FRANCO DA ROCHA;351640809H;SP;Rio Jundiai;-23,3287;-46,7261;7,68;2025-11-02 23:10:00.0;chuva;0,00
FRANCO DA ROCHA;351640809H;SP;Rio Jundiai;-23,3287;-46,7261;7,68;2025-11-03 00:00:00.0;nível;6,50
FRANCO DA ROCHA;351640809H;SP;Rio Jundiai;-23,3287;-46,7261;7,68;2025-11-03 00:10:00.0;chuva;0,00
FRANCO DA ROCHA;351640809H;SP;Rio Jundiai;-23,3287;-46,7261;7,68;2025-11-03 01:00:00.0;nível;6,52
FRANCO DA ROCHA;351640809H;SP;Rio Jundiai;-23,3287;-46,7261;7,68;2025-11-03 01:10:00.0;chuva;0,00
FRANCO DA ROCHA;351640809H;SP;Rio Jundiai;-23,3287;-46,7261;7,68;2025-11-03 02:00:00.0;nível;6,54
FRANCO DA ROCHA;351640809H;SP;Rio Jundiai;-23,3287;-46,7261;7,68;2025-11-03 02:10:00.0;chuva;0,00
FRANCO DA ROCHA;351640809H;SP;Rio Jundiai;-23,3287;-46,7261;7,68;2025-11-03 03:00:00.0;nível;6,55
FRANCO DA ROCHA;351640809H;SP;Rio Jundiai;-23,3287;-46,7261;7,68;2025-11-03 03:10:00.0;chuva;0,00
FRANCO DA ROCHA;351640809H;SP;Rio Jundiai;-23,3287;-46,7261;7,68;2025-11-03 04:00:00.0;nível;6,57
FRANCO DA ROCHA;351640809H;SP;Rio Jundiai;-23,3287;-46,7261;7,68;2025-11-03 04:10:00.0;chuva;0,00
FRANCO DA ROCHA;351640809H;SP;Rio Jundiai;-23,3287;-46,7261;7,68;2025-11-03 05:00:00.0;nível;6,58
FRANCO DA ROCHA;351640809H;SP;Rio Jundiai;-23,3287;-46,7261;7,68;2025-11-03 05:10:00.0;chuva;0,00
FRANCO DA ROCHA;351640809H;SP;Rio Jundiai;-23,3287;-46,7261;7,68;2025-11-03 06:00:00.0;nível;6,60
FRANCO DA ROCHA;351640809H;SP;Rio Jundiai;-23,3287;-46,7261;7,68;2025-11-03 06:10:00.0;chuva;0,00
FRANCO DA ROCHA;351640809H;SP;Rio Jundiai;-23,3287;-46,7261;7,68;2025-11-03 07:00:00.0;nível;6,61
FRANCO DA ROCHA;351640809H;SP;Rio Jundiai;-23,3287;-46,7261;7,68;2025-11-03 07:10:00.0;chuva;0,00
FRANCO DA ROCHA;351640809H;SP;Rio Jundiai;-23,3287;-46,7261;7,68;2025-11-03 08:00:00.0;nível;6,61
FRANCO DA ROCHA;351640809H;SP;Rio Jundiai;-23,3287;-46,7261;7,68;2025-11-03 08:10:00.0;chuva;0,00
FRANCO DA ROCHA;351640809H;SP;Rio Jundiai;-23,3287;-46,7261;7,68;2025-11-03 09:00:00.0;nível;6,61
FRANCO DA ROCHA;351640809H;SP;Rio Jundiai;-23,3287;-46,7261;7,68;2025-11-03 09:10:00.0;chuva;0,00
FRANCO DA ROCHA;351640809H;SP;Rio Jundiai;-23,3287;-46,7261;7,68;2025-11-03 10:00:00.0;nível;6,61
FRANCO DA ROCHA;351640809H;SP;Rio Jundiai;-23,3287;-46,7261;7,68;2025-11-03 10:10:00.0;chuva;0,00
FRANCO DA ROCHA;351640809H;SP;Rio Jundiai;-23,3287;-46,7261;7,68;2025-11-03 11:00:00.0;nível;6,61
FRANCO DA ROCHA;351640809H;SP;Rio Jundiai;-23,3287;-46,7261;7,68;2025-11-03 11:10:00.0;chuva;0,00
FRANCO DA ROCHA;351640809H;SP;Rio Jundiai;-23,3287;-46,7261;7,68;2025-11-03 12:00:00.0;nível;6,61
FRANCO DA ROCHA;351640809H;SP;Rio Jundiai;-23,3287;-46,7261;7,68;2025-11-03 12:10:00.0;chuva;0,00
FRANCO DA ROCHA;351640809H;SP;Rio Jundiai;-23,3287;-46,7261;7,68;2025-11-03 13:00:00.0;nível;6,62
FRANCO DA ROCHA;351640809H;SP;Rio Jundiai;-23,3287;-46,7261;7,68;2025-11-03 13:10:00.0;chuva;0,00
FRANCO DA ROCHA;351640809H;SP;Rio Jundiai;-23,3287;-46,7261;7,68;2025-11-03 14:00:00.0;nível;6,62
FRANCO DA ROCHA;351640809H;SP;Rio Jundiai;-23,3287;-46,7261;7,68;2025-11-03 14:10:00.0;chuva;0,00
FRANCO DA ROCHA;351640809H;SP;Rio Jundiai;-23,3287;-46,7261;7,68;2025-11-03 15:00:00.0;nível;6,61
FRANCO DA ROCHA;351640809H;SP;Rio Jundiai;-23,3287;-46,7261;7,68;2025-11-03 15:10:00.0;chuva;0,00
FRANCO DA ROCHA;351640809H;SP;Rio Jundiai;-23,3287;-46,7261;7,68;2025-11-03 16:00:00.0;nível;6,61
FRANCO DA ROCHA;351640809H;SP;Rio Jundiai;-23,3287;-46,7261;7,68;2025-11-03 16:10:00.0;chuva;0,00
FRANCO DA ROCHA;351640809H;SP;Rio Jundiai;-23,3287;-46,7261;7,68;2025-11-03 17:00:00.0;nível;6,61
FRANCO DA ROCHA;351640809H;SP;Rio Jundiai;-23,3287;-46,7261;7,68;2025-11-03 17:10:00.0;chuva;0,00
FRANCO DA ROCHA;351640809H;SP;Rio Jundiai;-23,3287;-46,7261;7,68;2025-11-03 18:00:00.0;nível;6,61
FRANCO DA ROCHA;351640809H;SP;Rio Jundiai;-23,3287;-46,7261;7,68;2025-11-03 18:10:00.0;chuva;0,00
FRANCO DA ROCHA;351640809H;SP;Rio Jundiai;-23,3287;-46,7261;7,68;2025-11-03 19:00:00.0;nível;6,62
FRANCO DA ROCHA;351640809H;SP;Rio Jundiai;-23,3287;-46,7261;7,68;2025-11-03 19:10:00.0;chuva;0,00
FRANCO DA ROCHA;351640809H;SP;Rio Jundiai;-23,3287;-46,7261;7,68;2025-11-03 20:00:00.0;nível;6,62
FRANCO DA ROCHA;351640809H;SP;Rio Jundiai;-23,3287;-46,7261;7,68;2025-11-03 20:10:00.0;chuva;0,00
FRANCO DA ROCHA;351640809H;SP;Rio Jundiai;-23,3287;-46,7261;7,68;2025-11-03 21:00:00.0;nível;6,62
FRANCO DA ROCHA;351640809H;SP;Rio Jundiai;-23,3287;-46,7261;7,68;2025-11-03 21:10:00.0;chuva;0,00
FRANCO DA ROCHA;351640809H;SP;Rio Jundiai;-23,3287;-46,7261;7,68;2025-11-03 22:00:00.0;nível;6,62
FRANCO DA ROCHA;351640809H;SP;Rio Jundiai;-23,3287;-46,7261;7,68;2025-11-03 22:10:00.0;chuva;0,00
FRANCO DA ROCHA;351640809H;SP;Rio Jundiai;-23,3287;-46,7261;7,68;2025-11-03 23:00:00.0;nível;6,62
FRANCO DA ROCHA;351640809H;SP;Rio Jundiai;-23,3287;-46,7261;7,68;2025-11-03 23:10:00.0;chuva;0,00
FRANCO DA ROCHA;351640809H;SP;Rio Jundiai;-23,3287;-46,7261;7,68;2025-11-04 00:00:00.0;nível;6,63
FRANCO DA ROCHA;351640809H;SP;Rio Jundiai;-23,3287;-46,7261;7,68;2025-11-04 00:10:00.0;chuva;0,00
FRANCO DA ROCHA;351640809H;SP;Rio Jundiai;-23,3287;-46,7261;7,68;2025-11-04 01:00:00.0;nível;6,63
FRANCO DA ROCHA;351640809H;SP;Rio Jundiai;-23,3287;-46,7261;7,68;2025-11-04 01:10:00.0;chuva;0,00
FRANCO DA ROCHA;351640809H;SP;Rio Jundiai;-23,3287;-46,7261;7,68;2025-11-04 02:00:00.0;nível;6,63
FRANCO DA ROCHA;351640809H;SP;Rio Jundiai;-23,3287;-46,7261;7,68;2025-11-04 02:10:00.0;chuva;0,00
FRANCO DA ROCHA;351640809H;SP;Rio Jundiai;-23,3287;-46,7261;7,68;2025-11-04 03:00:00.0;nível;6,64
FRANCO DA ROCHA;351640809H;SP;Rio Jundiai;-23,3287;-46,7261;7,68;2025-11-04 03:10:00.0;chuva;0,00
FRANCO DA ROCHA;351640809H;SP;Rio Jundiai;-23,3287;-46,7261;7,68;2025-11-04 04:00:00.0;nível;6,65
FRANCO DA ROCHA;351640809H;SP;Rio Jundiai;-23,3287;-46,7261;7,68;2025-11-04 04:10:00.0;chuva;0,00
FRANCO DA ROCHA;351640809H;SP;Rio Jundiai;-23,3287;-46,7261;7,68;2025-11-04 05:00:00.0;nível;6,65
FRANCO DA ROCHA;351640809H;SP;Rio Jundiai;-23,3287;-46,7261;7,68;2025-11-04 05:10:00.0;chuva;0,00
FRANCO DA ROCHA;351640809H;SP;Rio Jundiai;-23,3287;-46,7261;7,68;2025-11-04 06:00:00.0;nível;6,66
FRANCO DA ROCHA;351640809H;SP;Rio Jundiai;-23,3287;-46,7261;7,68;2025-11-04 06:10:00.0;chuva;0,00
FRANCO DA ROCHA;351640809H;SP;Rio Jundiai;-23,3287;-46,7261;7,68;2025-11-04 07:00:00.0;nível;6,66
FRANCO DA ROCHA;351640809H;SP;Rio Jundiai;-23,3287;-46,7261;7,68;2025-11-04 07:10:00.0;chuva;0,00
FRANCO DA ROCHA;351640809H;SP;Rio Jundiai;-23,3287;-46,7261;7,68;2025-11-04 08:00:00.0;nível;6,67
FRANCO DA ROCHA;351640809H;SP;Rio Jundiai;-23,3287;-46,7261;7,68;2025-11-04 08:10:00.0;chuva;0,00
FRANCO DA ROCHA;351640809H;SP;Rio Jundiai;-23,3287;-46,7261;7,68;2025-11-04 09:00:00.0;nível;6,67
FRANCO DA ROCHA;351640809H;SP;Rio Jundiai;-23,3287;-46,7261;7,68;2025-11-04 09:10:00.0;chuva;0,00
FRANCO DA ROCHA;351640809H;SP;Rio Jundiai;-23,3287;-46,7261;7,68;2025-11-04 10:00:00.0;nível;6,67
FRANCO DA ROCHA;351640809H;SP;Rio Jundiai;-23,3287;-46,7261;7,68;2025-11-04 10:10:00.0;chuva;0,00
FRANCO DA ROCHA;351640809H;SP;Rio Jundiai;-23,3287;-46,7261;7,68;2025-11-04 11:00:00.0;nível;6,67
FRANCO DA ROCHA;351640809H;SP;Rio Jundiai;-23,3287;-46,7261;7,68;2025-11-04 11:10:00.0;chuva;0,00
FRANCO DA ROCHA;351640809H;SP;Rio Jundiai;-23,3287;-46,7261;7,68;2025-11-04 12:00:00.0;nível;6,67
FRANCO DA ROCHA;351640809H;SP;Rio Jundiai;-23,3287;-46,7261;7,68;2025-11-04 12:10:00.0;chuva;0,00
FRANCO DA ROCHA;351640809H;SP;Rio Jundiai;-23,3287;-46,7261;7,68;2025-11-04 13:00:00.0;nível;6,67
FRANCO DA ROCHA;351640809H;SP;Rio Jundiai;-23,3287;-46,7261;7,68;2025-11-04 13:10:00.0;chuva;0,00
FRANCO DA ROCHA;351640809H;SP;Rio Jundiai;-23,3287;-46,7261;7,68;2025-11-04 14:00:00.0;nível;6,67
FRANCO DA ROCHA;351640809H;SP;Rio Jundiai;-23,3287;-46,7261;7,68;2025-11-04 14:10:00.0;chuva;0,00
FRANCO DA ROCHA;351640809H;SP;Rio Jundiai;-23,3287;-46,7261;7,68;2025-11-04 15:00:00.0;nível;6,67
FRANCO DA ROCHA;351640809H;SP;Rio Jundiai;-23,3287;-46,7261;7,68;2025-11-04 15:10:00.0;chuva;0,00
FRANCO DA ROCHA;351640809H;SP;Rio Jundiai;-23,3287;-46,7261;7,68;2025-11-04 16:00:00.0;nível;6,67
FRANCO DA ROCHA;351640809H;SP;Rio Jundiai;-23,3287;-46,7261;7,68;2025-11-04 16:10:00.0;chuva;0,00
FRANCO DA ROCHA;351640809H;SP;Rio Jundiai;-23,3287;-46,7261;7,68;2025-11-04 17:00:00.0;nível;6,67
FRANCO DA ROCHA;351640809H;SP;Rio Jundiai;-23,3287;-46,7261;7,68;2025-11-04 17:10:00.0;chuva;0,00
FRANCO DA ROCHA;351640809H;SP;Rio Jundiai;-23,3287;-46,7261;7,68;2025-11-04 18:00:00.0;nível;6,67
FRANCO DA ROCHA;351640809H;SP;Rio Jundiai;-23,3287;-46,7261;7,68;2025-11-04 18:10:00.0;chuva;0,00
FRANCO DA ROCHA;351640809H;SP;Rio Jundiai;-23,3287;-46,7261;7,68;2025-11-04 19:00:00.0;nível;6,67
FRANCO DA ROCHA;351640809H;SP;Rio Jundiai;-23,3287;-46,7261;7,68;2025-11-04 19:10:00.0;chuva;0,00
FRANCO DA ROCHA;351640809H;SP;Rio Jundiai;-23,3287;-46,7261;7,68;2025-11-04 20:00:00.0;nível;6,67
FRANCO DA ROCHA;351640809H;SP;Rio Jundiai;-23,3287;-46,7261;7,68;2025-11-04 20:10:00.0;chuva;0,00
FRANCO DA ROCHA;351640809H;SP;Rio Jundiai;-23,3287;-46,7261;7,68;2025-11-04 21:00:00.0;nível;6,67
FRANCO DA ROCHA;351640809H;SP;Rio Jundiai;-23,3287;-46,7261;7,68;2025-11-04 21:10:00.0;chuva;0,00
FRANCO DA ROCHA;351640809H;SP;Rio Jundiai;-23,3287;-46,7261;7,68;2025-11-04 22:00:00.0;nível;6,67
FRANCO DA ROCHA;351640809H;SP;Rio Jundiai;-23,3287;-46,7261;7,68;2025-11-04 22:10:00.0;chuva;0,00
FRANCO DA ROCHA;351640809H;SP;Rio Jundiai;-23,3287;-46,7261;7,68;2025-11-04 23:00:00.0;nível;6,67
FRANCO DA ROCHA;351640809H;SP;Rio Jundiai;-23,3287;-46,7261;7,68;2025-11-04 23:10:00.0;chuva;0,00
ITAPETININGA;352230719H;SP;Ribeirao Ponte Alta;-23,5839;-48,0529;8,91;2025-11-01 00:10:00.0;chuva;0,00
ITAPETININGA;352230719H;SP;Ribeirao Ponte Alta;-23,5839;-48,0529;8,91;2025-11-01 01:10:00.0;chuva;0,00
ITAPETININGA;352230719H;SP;Ribeirao Ponte Alta;-23,5839;-48,0529;8,91;2025-11-01 02:10:00.0;chuva;0,00
ITAPETININGA;352230719H;SP;Ribeirao Ponte Alta;-23,5839;-48,0529;8,91;2025-11-01 03:10:00.0;chuva;0,00
ITAPETININGA;352230719H;SP;Ribeirao Ponte Alta;-23,5839;-48,0529;8,91;2025-11-01 04:10:00.0;chuva;0,00
ITAPETININGA;352230719H;SP;Ribeirao Ponte Alta;-23,5839;-48,0529;8,91;2025-11-01 05:10:00.0;chuva;0,00
ITAPETININGA;352230719H;SP;Ribeirao Ponte Alta;-23,5839;-48,0529;8,91;2025-11-01 06:10:00.0;chuva;0,00
ITAPETININGA;352230719H;SP;Ribeirao Ponte Alta;-23,5839;-48,0529;8,91;2025-11-01 07:10:00.0;chuva;0,00
ITAPETININGA;352230719H;SP;Ribeirao Ponte Alta;-23,5839;-48,0529;8,91;2025-11-01 08:10:00.0;chuva;0,00
ITAPETININGA;352230719H;SP;Ribeirao Ponte Alta;-23,5839;-48,0529;8,91;2025-11-01 09:10:00.0;chuva;0,00
ITAPETININGA;352230719H;SP;Ribeirao Ponte Alta;-23,5839;-48,0529;8,91;2025-11-01 10:10:00.0;chuva;0,00
ITAPETININGA;352230719H;SP;Ribeirao Ponte Alta;-23,5839;-48,0529;8,91;2025-11-01 11:10:00.0;chuva;0,00
ITAPETININGA;352230719H;SP;Ribeirao Ponte Alta;-23,5839;-48,0529;8,91;2025-11-01 12:10:00.0;chuva;0,00
ITAPETININGA;352230719H;SP;Ribeirao Ponte Alta;-23,5839;-48,0529;8,91;2025-11-01 13:10:00.0;chuva;0,00
ITAPETININGA;352230719H;SP;Ribeirao Ponte Alta;-23,5839;-48,0529;8,91;2025-11-01 14:10:00.0;chuva;0,00
ITAPETININGA;352230719H;SP;Ribeirao Ponte Alta;-23,5839;-48,0529;8,91;2025-11-01 15:10:00.0;chuva;0,00
ITAPETININGA;352230719H;SP;Ribeirao Ponte Alta;-23,5839;-48,0529;8,91;2025-11-01 16:10:00.0;chuva;0,00
ITAPETININGA;352230719H;SP;Ribeirao Ponte Alta;-23,5839;-48,0529;8,91;2025-11-01 17:10:00.0;chuva;0,00
ITAPETININGA;352230719H;SP;Ribeirao Ponte Alta;-23,5839;-48,0529;8,91;2025-11-01 18:10:00.0;chuva;0,00
ITAPETININGA;352230719H;SP;Ribeirao Ponte Alta;-23,5839;-48,0529;8,91;2025-11-01 19:10:00.0;chuva;0,00
ITAPETININGA;352230719H;SP;Ribeirao Ponte Alta;-23,5839;-48,0529;8,91;2025-11-01 20:10:00.0;chuva;0,00
ITAPETININGA;352230719H;SP;Ribeirao Ponte Alta;-23,5839;-48,0529;8,91;2025-11-01 21:10:00.0;chuva;0,00
ITAPETININGA;352230719H;SP;Ribeirao Ponte Alta;-23,5839;-48,0529;8,91;2025-11-01 22:10:00.0;chuva;0,00
ITAPETININGA;352230719H;SP;Ribeirao Ponte Alta;-23,5839;-48,0529;8,91;2025-11-01 23:10:00.0;chuva;0,00
ITAPETININGA;352230719H;SP;Ribeirao Ponte Alta;-23,5839;-48,0529;8,91;2025-11-02 00:10:00.0;chuva;0,00
ITAPETININGA;352230719H;SP;Ribeirao Ponte Alta;-23,5839;-48,0529;8,91;2025-11-02 01:10:00.0;chuva;0,00
ITAPETININGA;352230719H;SP;Ribeirao Ponte Alta;-23,5839;-48,0529;8,91;2025-11-02 02:10:00.0;chuva;0,00
ITAPETININGA;352230719H;SP;Ribeirao Ponte Alta;-23,5839;-48,0529;8,91;2025-11-02 03:10:00.0;chuva;0,00
ITAPETININGA;352230719H;SP;Ribeirao Ponte Alta;-23,5839;-48,0529;8,91;2025-11-02 04:10:00.0;chuva;0,00
ITAPETININGA;352230719H;SP;Ribeirao Ponte Alta;-23,5839;-48,0529;8,91;2025-11-02 04:30:00.0;chuva;4,20
ITAPETININGA;352230719H;SP;Ribeirao Ponte Alta;-23,5839;-48,0529;8,91;2025-11-02 04:40:00.0;chuva;4,20
ITAPETININGA;352230719H;SP;Ribeirao Ponte Alta;-23,5839;-48,0529;8,91;2025-11-02 04:50:00.0;chuva;1,20
ITAPETININGA;352230719H;SP;Ribeirao Ponte Alta;-23,5839;-48,0529;8,91;2025-11-02 05:00:00.0;chuva;0,60
ITAPETININGA;352230719H;SP;Ribeirao Ponte Alta;-23,5839;-48,0529;8,91;2025-11-02 05:10:00.0;chuva;0,60
ITAPETININGA;352230719H;SP;Ribeirao Ponte Alta;-23,5839;-48,0529;8,91;2025-11-02 05:20:00.0;chuva;0,80
ITAPETININGA;352230719H;SP;Ribeirao Ponte Alta;-23,5839;-48,0529;8,91;2025-11-02 05:30:00.0;chuva;0,80
ITAPETININGA;352230719H;SP;Ribeirao Ponte Alta;-23,5839;-48,0529;8,91;2025-11-02 05:40:00.0;chuva;1,00
ITAPETININGA;352230719H;SP;Ribeirao Ponte Alta;-23,5839;-48,0529;8,91;2025-11-02 05:50:00.0;chuva;0,80
ITAPETININGA;352230719H;SP;Ribeirao Ponte Alta;-23,5839;-48,0529;8,91;2025-11-02 06:00:00.0;chuva;0,40
ITAPETININGA;352230719H;SP;Ribeirao Ponte Alta;-23,5839;-48,0529;8,91;2025-11-02 06:10:00.0;chuva;0,20
ITAPETININGA;352230719H;SP;Ribeirao Ponte Alta;-23,5839;-48,0529;8,91;2025-11-02 06:20:00.0;chuva;0,20
ITAPETININGA;352230719H;SP;Ribeirao Ponte Alta;-23,5839;-48,0529;8,91;2025-11-02 06:50:00.0;chuva;0,20
ITAPETININGA;352230719H;SP;Ribeirao Ponte Alta;-23,5839;-48,0529;8,91;2025-11-02 07:00:00.0;chuva;0,40
ITAPETININGA;352230719H;SP;Ribeirao Ponte Alta;-23,5839;-48,0529;8,91;2025-11-02 07:10:00.0;chuva;0,40
ITAPETININGA;352230719H;SP;Ribeirao Ponte Alta;-23,5839;-48,0529;8,91;2025-11-02 07:20:00.0;chuva;0,80
ITAPETININGA;352230719H;SP;Ribeirao Ponte Alta;-23,5839;-48,0529;8,91;2025-11-02 07:30:00.0;chuva;5,80
ITAPETININGA;352230719H;SP;Ribeirao Ponte Alta;-23,5839;-48,0529;8,91;2025-11-02 07:40:00.0;chuva;0,60
ITAPETININGA;352230719H;SP;Ribeirao Ponte Alta;-23,5839;-48,0529;8,91;2025-11-02 07:50:00.0;chuva;1,00
ITAPETININGA;352230719H;SP;Ribeirao Ponte Alta;-23,5839;-48,0529;8,91;2025-11-02 08:00:00.0;chuva;1,80
ITAPETININGA;352230719H;SP;Ribeirao Ponte Alta;-23,5839;-48,0529;8,91;2025-11-02 08:10:00.0;chuva;0,60
ITAPETININGA;352230719H;SP;Ribeirao Ponte Alta;-23,5839;-48,0529;8,91;2025-11-02 08:20:00.0;chuva;0,40
ITAPETININGA;352230719H;SP;Ribeirao Ponte Alta;-23,5839;-48,0529;8,91;2025-11-02 08:30:00.0;chuva;0,80
ITAPETININGA;352230719H;SP;Ribeirao Ponte Alta;-23,5839;-48,0529;8,91;2025-11-02 08:40:00.0;chuva;0,20
ITAPETININGA;352230719H;SP;Ribeirao Ponte Alta;-23,5839;-48,0529;8,91;2025-11-02 09:00:00.0;chuva;0,20
ITAPETININGA;352230719H;SP;Ribeirao Ponte Alta;-23,5839;-48,0529;8,91;2025-11-02 09:10:00.0;chuva;0,20
ITAPETININGA;352230719H;SP;Ribeirao Ponte Alta;-23,5839;-48,0529;8,91;2025-11-02 09:30:00.0;chuva;0,80
ITAPETININGA;352230719H;SP;Ribeirao Ponte Alta;-23,5839;-48,0529;8,91;2025-11-02 09:40:00.0;chuva;0,40
ITAPETININGA;352230719H;SP;Ribeirao Ponte Alta;-23,5839;-48,0529;8,91;2025-11-02 09:50:00.0;chuva;0,40
ITAPETININGA;352230719H;SP;Ribeirao Ponte Alta;-23,5839;-48,0529;8,91;2025-11-02 10:00:00.0;chuva;0,20
ITAPETININGA;352230719H;SP;Ribeirao Ponte Alta;-23,5839;-48,0529;8,91;2025-11-02 10:10:00.0;chuva;0,00
ITAPETININGA;352230719H;SP;Ribeirao Ponte Alta;-23,5839;-48,0529;8,91;2025-11-02 10:40:00.0;chuva;0,40
ITAPETININGA;352230719H;SP;Ribeirao Ponte Alta;-23,5839;-48,0529;8,91;2025-11-02 10:50:00.0;chuva;0,20
ITAPETININGA;352230719H;SP;Ribeirao Ponte Alta;-23,5839;-48,0529;8,91;2025-11-02 11:00:00.0;chuva;0,20
ITAPETININGA;352230719H;SP;Ribeirao Ponte Alta;-23,5839;-48,0529;8,91;2025-11-02 11:10:00.0;chuva;0,00
ITAPETININGA;352230719H;SP;Ribeirao Ponte Alta;-23,5839;-48,0529;8,91;2025-11-02 11:20:00.0;chuva;1,00
ITAPETININGA;352230719H;SP;Ribeirao Ponte Alta;-23,5839;-48,0529;8,91;2025-11-02 11:30:00.0;chuva;0,20
ITAPETININGA;352230719H;SP;Ribeirao Ponte Alta;-23,5839;-48,0529;8,91;2025-11-02 11:50:00.0;chuva;2,20
ITAPETININGA;352230719H;SP;Ribeirao Ponte Alta;-23,5839;-48,0529;8,91;2025-11-02 12:00:00.0;chuva;1,20
ITAPETININGA;352230719H;SP;Ribeirao Ponte Alta;-23,5839;-48,0529;8,91;2025-11-02 12:10:00.0;chuva;1,20
ITAPETININGA;352230719H;SP;Ribeirao Ponte Alta;-23,5839;-48,0529;8,91;2025-11-02 12:20:00.0;chuva;1,80
ITAPETININGA;352230719H;SP;Ribeirao Ponte Alta;-23,5839;-48,0529;8,91;2025-11-02 12:30:00.0;chuva;1,80
ITAPETININGA;352230719H;SP;Ribeirao Ponte Alta;-23,5839;-48,0529;8,91;2025-11-02 12:40:00.0;chuva;1,40
ITAPETININGA;352230719H;SP;Ribeirao Ponte Alta;-23,5839;-48,0529;8,91;2025-11-02 12:50:00.0;chuva;1,40
ITAPETININGA;352230719H;SP;Ribeirao Ponte Alta;-23,5839;-48,0529;8,91;2025-11-02 13:00:00.0;chuva;1,20
ITAPETININGA;352230719H;SP;Ribeirao Ponte Alta;-23,5839;-48,0529;8,91;2025-11-02 13:10:00.0;chuva;1,20
ITAPETININGA;352230719H;SP;Ribeirao Ponte Alta;-23,5839;-48,0529;8,91;2025-11-02 13:20:00.0;chuva;0,80
ITAPETININGA;352230719H;SP;Ribeirao Ponte Alta;-23,5839;-48,0529;8,91;2025-11-02 13:30:00.0;chuva;0,20
ITAPETININGA;352230719H;SP;Ribeirao Ponte Alta;-23,5839;-48,0529;8,91;2025-11-02 14:10:00.0;chuva;0,00
ITAPETININGA;352230719H;SP;Ribeirao Ponte Alta;-23,5839;-48,0529;8,91;2025-11-02 15:10:00.0;chuva;0,80
ITAPETININGA;352230719H;SP;Ribeirao Ponte Alta;-23,5839;-48,0529;8,91;2025-11-02 15:20:00.0;chuva;1,00
ITAPETININGA;352230719H;SP;Ribeirao Ponte Alta;-23,5839;-48,0529;8,91;2025-11-02 15:30:00.0;chuva;1,20
ITAPETININGA;352230719H;SP;Ribeirao Ponte Alta;-23,5839;-48,0529;8,91;2025-11-02 15:40:00.0;chuva;1,00
ITAPETININGA;352230719H;SP;Ribeirao Ponte Alta;-23,5839;-48,0529;8,91;2025-11-02 15:50:00.0;chuva;0,80
ITAPETININGA;352230719H;SP;Ribeirao Ponte Alta;-23,5839;-48,0529;8,91;2025-11-02 16:00:00.0;chuva;0,80
ITAPETININGA;352230719H;SP;Ribeirao Ponte Alta;-23,5839;-48,0529;8,91;2025-11-02 16:10:00.0;chuva;0,60
ITAPETININGA;352230719H;SP;Ribeirao Ponte Alta;-23,5839;-48,0529;8,91;2025-11-02 16:20:00.0;chuva;0,80
ITAPETININGA;352230719H;SP;Ribeirao Ponte Alta;-23,5839;-48,0529;8,91;2025-11-02 16:30:00.0;chuva;0,20
ITAPETININGA;352230719H;SP;Ribeirao Ponte Alta;-23,5839;-48,0529;8,91;2025-11-02 16:40:00.0;chuva;0,40
ITAPETININGA;352230719H;SP;Ribeirao Ponte Alta;-23,5839;-48,0529;8,91;2025-11-02 17:00:00.0;chuva;0,20
ITAPETININGA;352230719H;SP;Ribeirao Ponte Alta;-23,5839;-48,0529;8,91;2025-11-02 17:10:00.0;chuva;0,00
ITAPETININGA;352230719H;SP;Ribeirao Ponte Alta;-23,5839;-48,0529;8,91;2025-11-02 18:10:00.0;chuva;0,00
ITAPETININGA;352230719H;SP;Ribeirao Ponte Alta;-23,5839;-48,0529;8,91;2025-11-02 19:10:00.0;chuva;0,00
ITAPETININGA;352230719H;SP;Ribeirao Ponte Alta;-23,5839;-48,0529;8,91;2025-11-02 20:10:00.0;chuva;0,00
ITAPETININGA;352230719H;SP;Ribeirao Ponte Alta;-23,5839;-48,0529;8,91;2025-11-02 21:10:00.0;chuva;0,00
ITAPETININGA;352230719H;SP;Ribeirao Ponte Alta;-23,5839;-48,0529;8,91;2025-11-02 22:10:00.0;chuva;0,00
ITAPETININGA;352230719H;SP;Ribeirao Ponte Alta;-23,5839;-48,0529;8,91;2025-11-02 23:10:00.0;chuva;0,00
ITAPETININGA;352230719H;SP;Ribeirao Ponte Alta;-23,5839;-48,0529;8,91;2025-11-03 00:10:00.0;chuva;0,00
ITAPETININGA;352230719H;SP;Ribeirao Ponte Alta;-23,5839;-48,0529;8,91;2025-11-03 01:10:00.0;chuva;0,00
ITAPETININGA;352230719H;SP;Ribeirao Ponte Alta;-23,5839;-48,0529;8,91;2025-11-03 02:10:00.0;chuva;0,00
ITAPETININGA;352230719H;SP;Ribeirao Ponte Alta;-23,5839;-48,0529;8,91;2025-11-03 03:10:00.0;chuva;0,00
ITAPETININGA;352230719H;SP;Ribeirao Ponte Alta;-23,5839;-48,0529;8,91;2025-11-03 04:10:00.0;chuva;0,00
ITAPETININGA;352230719H;SP;Ribeirao Ponte Alta;-23,5839;-48,0529;8,91;2025-11-03 05:10:00.0;chuva;0,00
ITAPETININGA;352230719H;SP;Ribeirao Ponte Alta;-23,5839;-48,0529;8,91;2025-11-03 06:10:00.0;chuva;0,00
ITAPETININGA;352230719H;SP;Ribeirao Ponte Alta;-23,5839;-48,0529;8,91;2025-11-03 07:10:00.0;chuva;0,00
ITAPETININGA;352230719H;SP;Ribeirao Ponte Alta;-23,5839;-48,0529;8,91;2025-11-03 08:10:00.0;chuva;0,00
ITAPETININGA;352230719H;SP;Ribeirao Ponte Alta;-23,5839;-48,0529;8,91;2025-11-03 09:10:00.0;chuva;0,00
ITAPETININGA;352230719H;SP;Ribeirao Ponte Alta;-23,5839;-48,0529;8,91;2025-11-03 10:10:00.0;chuva;0,00
ITAPETININGA;352230719H;SP;Ribeirao Ponte Alta;-23,5839;-48,0529;8,91;2025-11-03 11:10:00.0;chuva;0,00
ITAPETININGA;352230719H;SP;Ribeirao Ponte Alta;-23,5839;-48,0529;8,91;2025-11-03 12:10:00.0;chuva;0,00
ITAPETININGA;352230719H;SP;Ribeirao Ponte Alta;-23,5839;-48,0529;8,91;2025-11-03 13:10:00.0;chuva;0,00
ITAPETININGA;352230719H;SP;Ribeirao Ponte Alta;-23,5839;-48,0529;8,91;2025-11-03 14:10:00.0;chuva;0,00
ITAPETININGA;352230719H;SP;Ribeirao Ponte Alta;-23,5839;-48,0529;8,91;2025-11-03 15:10:00.0;chuva;0,00
ITAPETININGA;352230719H;SP;Ribeirao Ponte Alta;-23,5839;-48,0529;8,91;2025-11-03 16:10:00.0;chuva;0,00
ITAPETININGA;352230719H;SP;Ribeirao Ponte Alta;-23,5839;-48,0529;8,91;2025-11-03 17:10:00.0;chuva;0,00
ITAPETININGA;352230719H;SP;Ribeirao Ponte Alta;-23,5839;-48,0529;8,91;2025-11-03 18:10:00.0;chuva;0,00
ITAPETININGA;352230719H;SP;Ribeirao Ponte Alta;-23,5839;-48,0529;8,91;2025-11-03 19:10:00.0;chuva;0,00
ITAPETININGA;352230719H;SP;Ribeirao Ponte Alta;-23,5839;-48,0529;8,91;2025-11-03 20:10:00.0;chuva;0,00
ITAPETININGA;352230719H;SP;Ribeirao Ponte Alta;-23,5839;-48,0529;8,91;2025-11-03 21:10:00.0;chuva;0,00
ITAPETININGA;352230719H;SP;Ribeirao Ponte Alta;-23,5839;-48,0529;8,91;2025-11-03 21:20:00.0;chuva;2,80
ITAPETININGA;352230719H;SP;Ribeirao Ponte Alta;-23,5839;-48,0529;8,91;2025-11-03 21:30:00.0;chuva;5,60
ITAPETININGA;352230719H;SP;Ribeirao Ponte Alta;-23,5839;-48,0529;8,91;2025-11-03 21:40:00.0;chuva;0,80
ITAPETININGA;352230719H;SP;Ribeirao Ponte Alta;-23,5839;-48,0529;8,91;2025-11-03 21:50:00.0;chuva;1,00
ITAPETININGA;352230719H;SP;Ribeirao Ponte Alta;-23,5839;-48,0529;8,91;2025-11-03 22:10:00.0;chuva;0,00
ITAPETININGA;352230719H;SP;Ribeirao Ponte Alta;-23,5839;-48,0529;8,91;2025-11-03 22:40:00.0;chuva;0,20
ITAPETININGA;352230719H;SP;Ribeirao Ponte Alta;-23,5839;-48,0529;8,91;2025-11-03 23:10:00.0;chuva;0,00
ITAPETININGA;352230719H;SP;Ribeirao Ponte Alta;-23,5839;-48,0529;8,91;2025-11-04 00:10:00.0;chuva;0,00
ITAPETININGA;352230719H;SP;Ribeirao Ponte Alta;-23,5839;-48,0529;8,91;2025-11-04 01:10:00.0;chuva;0,00
ITAPETININGA;352230719H;SP;Ribeirao Ponte Alta;-23,5839;-48,0529;8,91;2025-11-04 02:10:00.0;chuva;0,00
ITAPETININGA;352230719H;SP;Ribeirao Ponte Alta;-23,5839;-48,0529;8,91;2025-11-04 03:10:00.0;chuva;0,00
ITAPETININGA;352230719H;SP;Ribeirao Ponte Alta;-23,5839;-48,0529;8,91;2025-11-04 04:10:00.0;chuva;0,00
ITAPETININGA;352230719H;SP;Ribeirao Ponte Alta;-23,5839;-48,0529;8,91;2025-11-04 05:10:00.0;chuva;0,00
ITAPETININGA;352230719H;SP;Ribeirao Ponte Alta;-23,5839;-48,0529;8,91;2025-11-04 06:10:00.0;chuva;0,00
ITAPETININGA;352230719H;SP;Ribeirao Ponte Alta;-23,5839;-48,0529;8,91;2025-11-04 07:10:00.0;chuva;0,00
ITAPETININGA;352230719H;SP;Ribeirao Ponte Alta;-23,5839;-48,0529;8,91;2025-11-04 08:10:00.0;chuva;0,00
ITAPETININGA;352230719H;SP;Ribeirao Ponte Alta;-23,5839;-48,0529;8,91;2025-11-04 09:10:00.0;chuva;0,00
ITAPETININGA;352230719H;SP;Ribeirao Ponte Alta;-23,5839;-48,0529;8,91;2025-11-04 10:10:00.0;chuva;0,00
ITAPETININGA;352230719H;SP;Ribeirao Ponte Alta;-23,5839;-48,0529;8,91;2025-11-04 11:10:00.0;chuva;0,00
ITAPETININGA;352230719H;SP;Ribeirao Ponte Alta;-23,5839;-48,0529;8,91;2025-11-04 12:10:00.0;chuva;0,00
ITAPETININGA;352230719H;SP;Ribeirao Ponte Alta;-23,5839;-48,0529;8,91;2025-11-04 13:10:00.0;chuva;0,00
ITAPETININGA;352230719H;SP;Ribeirao Ponte Alta;-23,5839;-48,0529;8,91;2025-11-04 14:10:00.0;chuva;0,00
ITAPETININGA;352230719H;SP;Ribeirao Ponte Alta;-23,5839;-48,0529;8,91;2025-11-04 15:10:00.0;chuva;0,00
ITAPETININGA;352230719H;SP;Ribeirao Ponte Alta;-23,5839;-48,0529;8,91;2025-11-04 16:10:00.0;chuva;0,00
ITAPETININGA;352230719H;SP;Ribeirao Ponte Alta;-23,5839;-48,0529;8,91;2025-11-04 17:10:00.0;chuva;0,00
ITAPETININGA;352230719H;SP;Ribeirao Ponte Alta;-23,5839;-48,0529;8,91;2025-11-04 18:10:00.0;chuva;0,00
ITAPETININGA;352230719H;SP;Ribeirao Ponte Alta;-23,5839;-48,0529;8,91;2025-11-04 19:10:00.0;chuva;0,00
ITAPETININGA;352230719H;SP;Ribeirao Ponte Alta;-23,5839;-48,0529;8,91;2025-11-04 20:10:00.0;chuva;0,00
ITAPETININGA;352230719H;SP;Ribeirao Ponte Alta;-23,5839;-48,0529;8,91;2025-11-04 21:00:00.0;chuva;3,00
ITAPETININGA;352230719H;SP;Ribeirao Ponte Alta;-23,5839;-48,0529;8,91;2025-11-04 21:10:00.0;chuva;0,00
ITAPETININGA;352230719H;SP;Ribeirao Ponte Alta;-23,5839;-48,0529;8,91;2025-11-04 22:10:00.0;chuva;0,00
ITAPETININGA;352230719H;SP;Ribeirao Ponte Alta;-23,5839;-48,0529;8,91;2025-11-04 23:10:00.0;chuva;0,00
JAÚ;352530011H;SP;Rio Jau;-22,292;-48,5566;8,76;2025-11-01 00:00:00.0;nível;8,67
JAÚ;352530011H;SP;Rio Jau;-22,292;-48,5566;8,76;2025-11-01 01:00:00.0;nível;8,68
JAÚ;352530011H;SP;Rio Jau;-22,292;-48,5566;8,76;2025-11-01 02:00:00.0;nível;8,67
JAÚ;352530011H;SP;Rio Jau;-22,292;-48,5566;8,76;2025-11-01 03:00:00.0;nível;8,68
JAÚ;352530011H;SP;Rio Jau;-22,292;-48,5566;8,76;2025-11-01 04:00:00.0;nível;8,68
JAÚ;352530011H;SP;Rio Jau;-22,292;-48,5566;8,76;2025-11-01 05:00:00.0;nível;8,68
JAÚ;352530011H;SP;Rio Jau;-22,292;-48,5566;8,76;2025-11-01 06:00:00.0;nível;8,67
JAÚ;352530011H;SP;Rio Jau;-22,292;-48,5566;8,76;2025-11-01 07:00:00.0;nível;8,68
JAÚ;352530011H;SP;Rio Jau;-22,292;-48,5566;8,76;2025-11-01 08:00:00.0;nível;8,67
JAÚ;352530011H;SP;Rio Jau;-22,292;-48,5566;8,76;2025-11-01 09:00:00.0;nível;8,68
JAÚ;352530011H;SP;Rio Jau;-22,292;-48,5566;8,76;2025-11-01 10:00:00.0;nível;8,68
JAÚ;352530011H;SP;Rio Jau;-22,292;-48,5566;8,76;2025-11-01 11:00:00.0;nível;8,69
JAÚ;352530011H;SP;Rio Jau;-22,292;-48,5566;8,76;2025-11-01 12:00:00.0;nível;8,69
JAÚ;352530011H;SP;Rio Jau;-22,292;-48,5566;8,76;2025-11-01 13:00:00.0;nível;8,69
JAÚ;352530011H;SP;Rio Jau;-22,292;-48,5566;8,76;2025-11-01 14:00:00.0;nível;8,69
JAÚ;352530011H;SP;Rio Jau;-22,292;-48,5566;8,76;2025-11-01 15:00:00.0;nível;8,69
JAÚ;352530011H;SP;Rio Jau;-22,292;-48,5566;8,76;2025-11-01 16:00:00.0;nível;8,69
JAÚ;352530011H;SP;Rio Jau;-22,292;-48,5566;8,76;2025-11-01 17:00:00.0;nível;8,69
JAÚ;352530011H;SP;Rio Jau;-22,292;-48,5566;8,76;2025-11-01 18:00:00.0;nível;8,70
JAÚ;352530011H;SP;Rio Jau;-22,292;-48,5566;8,76;2025-11-01 19:00:00.0;nível;8,69
JAÚ;352530011H;SP;Rio Jau;-22,292;-48,5566;8,76;2025-11-01 20:00:00.0;nível;8,69
JAÚ;352530011H;SP;Rio Jau;-22,292;-48,5566;8,76;2025-11-01 21:00:00.0;nível;8,69
JAÚ;352530011H;SP;Rio Jau;-22,292;-48,5566;8,76;2025-11-01 22:00:00.0;nível;8,69
JAÚ;352530011H;SP;Rio Jau;-22,292;-48,5566;8,76;2025-11-01 23:00:00.0;nível;8,69
JAÚ;352530011H;SP;Rio Jau;-22,292;-48,5566;8,76;2025-11-02 00:00:00.0;nível;8,69
JAÚ;352530011H;SP;Rio Jau;-22,292;-48,5566;8,76;2025-11-02 01:00:00.0;nível;8,69
JAÚ;352530011H;SP;Rio Jau;-22,292;-48,5566;8,76;2025-11-02 02:00:00.0;nível;8,69
JAÚ;352530011H;SP;Rio Jau;-22,292;-48,5566;8,76;2025-11-02 03:00:00.0;nível;8,69
JAÚ;352530011H;SP;Rio Jau;-22,292;-48,5566;8,76;2025-11-02 04:00:00.0;nível;8,69
JAÚ;352530011H;SP;Rio Jau;-22,292;-48,5566;8,76;2025-11-02 05:00:00.0;nível;8,69
JAÚ;352530011H;SP;Rio Jau;-22,292;-48,5566;8,76;2025-11-02 06:00:00.0;nível;8,69
JAÚ;352530011H;SP;Rio Jau;-22,292;-48,5566;8,76;2025-11-02 07:00:00.0;nível;8,69
JAÚ;352530011H;SP;Rio Jau;-22,292;-48,5566;8,76;2025-11-02 07:00:00.0;chuva;0,20
JAÚ;352530011H;SP;Rio Jau;-22,292;-48,5566;8,76;2025-11-02 07:10:00.0;chuva;0,80
JAÚ;352530011H;SP;Rio Jau;-22,292;-48,5566;8,76;2025-11-02 07:20:00.0;chuva;0,20
JAÚ;352530011H;SP;Rio Jau;-22,292;-48,5566;8,76;2025-11-02 07:30:00.0;chuva;1,60
JAÚ;352530011H;SP;Rio Jau;-22,292;-48,5566;8,76;2025-11-02 07:40:00.0;nível;8,47
JAÚ;352530011H;SP;Rio Jau;-22,292;-48,5566;8,76;2025-11-02 07:40:00.0;chuva;5,20
JAÚ;352530011H;SP;Rio Jau;-22,292;-48,5566;8,76;2025-11-02 07:50:00.0;nível;8,29
JAÚ;352530011H;SP;Rio Jau;-22,292;-48,5566;8,76;2025-11-02 07:50:00.0;chuva;1,20
JAÚ;352530011H;SP;Rio Jau;-22,292;-48,5566;8,76;2025-11-02 08:00:00.0;nível;8,32
JAÚ;352530011H;SP;Rio Jau;-22,292;-48,5566;8,76;2025-11-02 08:00:00.0;chuva;0,20
JAÚ;352530011H;SP;Rio Jau;-22,292;-48,5566;8,76;2025-11-02 08:10:00.0;nível;8,45
JAÚ;352530011H;SP;Rio Jau;-22,292;-48,5566;8,76;2025-11-02 08:10:00.0;chuva;0,60
JAÚ;352530011H;SP;Rio Jau;-22,292;-48,5566;8,76;2025-11-02 08:20:00.0;chuva;0,60
JAÚ;352530011H;SP;Rio Jau;-22,292;-48,5566;8,76;2025-11-02 08:30:00.0;chuva;1,00
JAÚ;352530011H;SP;Rio Jau;-22,292;-48,5566;8,76;2025-11-02 08:40:00.0;chuva;0,40
JAÚ;352530011H;SP;Rio Jau;-22,292;-48,5566;8,76;2025-11-02 08:50:00.0;chuva;0,80
JAÚ;352530011H;SP;Rio Jau;-22,292;-48,5566;8,76;2025-11-02 09:00:00.0;nível;8,53
JAÚ;352530011H;SP;Rio Jau;-22,292;-48,5566;8,76;2025-11-02 09:00:00.0;chuva;0,80
JAÚ;352530011H;SP;Rio Jau;-22,292;-48,5566;8,76;2025-11-02 09:10:00.0;chuva;1,00
JAÚ;352530011H;SP;Rio Jau;-22,292;-48,5566;8,76;2025-11-02 09:20:00.0;chuva;1,00
JAÚ;352530011H;SP;Rio Jau;-22,292;-48,5566;8,76;2025-11-02 09:30:00.0;chuva;1,00
JAÚ;352530011H;SP;Rio Jau;-22,292;-48,5566;8,76;2025-11-02 09:40:00.0;chuva;0,80
JAÚ;352530011H;SP;Rio Jau;-22,292;-48,5566;8,76;2025-11-02 09:50:00.0;chuva;0,40
JAÚ;352530011H;SP;Rio Jau;-22,292;-48,5566;8,76;2025-11-02 10:00:00.0;nível;8,50
JAÚ;352530011H;SP;Rio Jau;-22,292;-48,5566;8,76;2025-11-02 11:00:00.0;nível;8,59
JAÚ;352530011H;SP;Rio Jau;-22,292;-48,5566;8,76;2025-11-02 12:00:00.0;nível;8,62
JAÚ;352530011H;SP;Rio Jau;-22,292;-48,5566;8,76;2025-11-02 12:40:00.0;chuva;0,40
JAÚ;352530011H;SP;Rio Jau;-22,292;-48,5566;8,76;2025-11-02 13:00:00.0;nível;8,65
JAÚ;352530011H;SP;Rio Jau;-22,292;-48,5566;8,76;2025-11-02 13:00:00.0;chuva;1,00
JAÚ;352530011H;SP;Rio Jau;-22,292;-48,5566;8,76;2025-11-02 13:10:00.0;nível;8,37
JAÚ;352530011H;SP;Rio Jau;-22,292;-48,5566;8,76;2025-11-02 13:10:00.0;chuva;9,80
JAÚ;352530011H;SP;Rio Jau;-22,292;-48,5566;8,76;2025-11-02 13:20:00.0;nível;7,96
JAÚ;352530011H;SP;Rio Jau;-22,292;-48,5566;8,76;2025-11-02 13:20:00.0;chuva;7,40
JAÚ;352530011H;SP;Rio Jau;-22,292;-48,5566;8,76;2025-11-02 13:30:00.0;nível;7,73
JAÚ;352530011H;SP;Rio Jau;-22,292;-48,5566;8,76;2025-11-02 13:30:00.0;chuva;5,80
JAÚ;352530011H;SP;Rio Jau;-22,292;-48,5566;8,76;2025-11-02 13:40:00.0;nível;7,86
JAÚ;352530011H;SP;Rio Jau;-22,292;-48,5566;8,76;2025-11-02 13:40:00.0;chuva;0,60
JAÚ;352530011H;SP;Rio Jau;-22,292;-48,5566;8,76;2025-11-02 13:50:00.0;nível;8,12
JAÚ;352530011H;SP;Rio Jau;-22,292;-48,5566;8,76;2025-11-02 13:50:00.0;chuva;0,20
JAÚ;352530011H;SP;Rio Jau;-22,292;-48,5566;8,76;2025-11-02 14:00:00.0;nível;8,27
JAÚ;352530011H;SP;Rio Jau;-22,292;-48,5566;8,76;2025-11-02 14:00:00.0;chuva;0,20
JAÚ;352530011H;SP;Rio Jau;-22,292;-48,5566;8,76;2025-11-02 14:10:00.0;chuva;0,40
JAÚ;352530011H;SP;Rio Jau;-22,292;-48,5566;8,76;2025-11-02 14:30:00.0;chuva;0,20
JAÚ;352530011H;SP;Rio Jau;-22,292;-48,5566;8,76;2025-11-02 15:00:00.0;nível;8,30
JAÚ;352530011H;SP;Rio Jau;-22,292;-48,5566;8,76;2025-11-02 16:00:00.0;nível;8,31
JAÚ;352530011H;SP;Rio Jau;-22,292;-48,5566;8,76;2025-11-02 16:00:00.0;chuva;6,80
JAÚ;352530011H;SP;Rio Jau;-22,292;-48,5566;8,76;2025-11-02 16:10:00.0;nível;7,84
JAÚ;352530011H;SP;Rio Jau;-22,292;-48,5566;8,76;2025-11-02 16:10:00.0;chuva;6,00
JAÚ;352530011H;SP;Rio Jau;-22,292;-48,5566;8,76;2025-11-02 16:30:00.0;nível;8,07
JAÚ;352530011H;SP;Rio Jau;-22,292;-48,5566;8,76;2025-11-02 16:40:00.0;nível;8,20
JAÚ;352530011H;SP;Rio Jau;-22,292;-48,5566;8,76;2025-11-02 17:00:00.0;nível;8,29
JAÚ;352530011H;SP;Rio Jau;-22,292;-48,5566;8,76;2025-11-02 18:00:00.0;nível;8,30
JAÚ;352530011H;SP;Rio Jau;-22,292;-48,5566;8,76;2025-11-02 19:00:00.0;nível;8,34
JAÚ;352530011H;SP;Rio Jau;-22,292;-48,5566;8,76;2025-11-02 20:00:00.0;nível;8,36
JAÚ;352530011H;SP;Rio Jau;-22,292;-48,5566;8,76;2025-11-02 20:50:00.0;nível;8,24
JAÚ;352530011H;SP;Rio Jau;-22,292;-48,5566;8,76;2025-11-02 21:00:00.0;nível;8,21
JAÚ;352530011H;SP;Rio Jau;-22,292;-48,5566;8,76;2025-11-02 22:00:00.0;nível;8,13
JAÚ;352530011H;SP;Rio Jau;-22,292;-48,5566;8,76;2025-11-02 23:00:00.0;nível;8,01
JAÚ;352530011H;SP;Rio Jau;-22,292;-48,5566;8,76;2025-11-03 00:00:00.0;nível;8,05
JAÚ;352530011H;SP;Rio Jau;-22,292;-48,5566;8,76;2025-11-03 01:00:00.0;nível;8,12
JAÚ;352530011H;SP;Rio Jau;-22,292;-48,5566;8,76;2025-11-03 02:00:00.0;nível;8,18
JAÚ;352530011H;SP;Rio Jau;-22,292;-48,5566;8,76;2025-11-03 03:00:00.0;nível;8,21
JAÚ;352530011H;SP;Rio Jau;-22,292;-48,5566;8,76;2025-11-03 04:00:00.0;nível;8,21
JAÚ;352530011H;SP;Rio Jau;-22,292;-48,5566;8,76;2025-11-03 05:00:00.0;nível;8,26
JAÚ;352530011H;SP;Rio Jau;-22,292;-48,5566;8,76;2025-11-03 06:00:00.0;nível;8,30
JAÚ;352530011H;SP;Rio Jau;-22,292;-48,5566;8,76;2025-11-03 07:00:00.0;nível;8,32
JAÚ;352530011H;SP;Rio Jau;-22,292;-48,5566;8,76;2025-11-03 08:00:00.0;nível;8,35
JAÚ;352530011H;SP;Rio Jau;-22,292;-48,5566;8,76;2025-11-03 09:00:00.0;nível;8,38
JAÚ;352530011H;SP;Rio Jau;-22,292;-48,5566;8,76;2025-11-03 10:00:00.0;nível;8,40
JAÚ;352530011H;SP;Rio Jau;-22,292;-48,5566;8,76;2025-11-03 11:00:00.0;nível;8,44
JAÚ;352530011H;SP;Rio Jau;-22,292;-48,5566;8,76;2025-11-03 12:00:00.0;nível;8,44
JAÚ;352530011H;SP;Rio Jau;-22,292;-48,5566;8,76;2025-11-03 13:00:00.0;nível;8,46
JAÚ;352530011H;SP;Rio Jau;-22,292;-48,5566;8,76;2025-11-03 14:00:00.0;nível;8,48
JAÚ;352530011H;SP;Rio Jau;-22,292;-48,5566;8,76;2025-11-03 15:00:00.0;nível;8,49
JAÚ;352530011H;SP;Rio Jau;-22,292;-48,5566;8,76;2025-11-03 16:00:00.0;nível;8,50
JAÚ;352530011H;SP;Rio Jau;-22,292;-48,5566;8,76;2025-11-03 17:00:00.0;nível;8,52
JAÚ;352530011H;SP;Rio Jau;-22,292;-48,5566;8,76;2025-11-03 18:00:00.0;nível;8,53
JAÚ;352530011H;SP;Rio Jau;-22,292;-48,5566;8,76;2025-11-03 19:00:00.0;nível;8,54
JAÚ;352530011H;SP;Rio Jau;-22,292;-48,5566;8,76;2025-11-03 20:00:00.0;nível;8,54
JAÚ;352530011H;SP;Rio Jau;-22,292;-48,5566;8,76;2025-11-03 21:00:00.0;nível;8,55
JAÚ;352530011H;SP;Rio Jau;-22,292;-48,5566;8,76;2025-11-03 22:00:00.0;nível;8,56
JAÚ;352530011H;SP;Rio Jau;-22,292;-48,5566;8,76;2025-11-03 23:00:00.0;nível;8,56
JAÚ;352530011H;SP;Rio Jau;-22,292;-48,5566;8,76;2025-11-04 00:00:00.0;nível;8,57
JAÚ;352530011H;SP;Rio Jau;-22,292;-48,5566;8,76;2025-11-04 01:00:00.0;nível;8,58
JAÚ;352530011H;SP;Rio Jau;-22,292;-48,5566;8,76;2025-11-04 02:00:00.0;nível;8,58
JAÚ;352530011H;SP;Rio Jau;-22,292;-48,5566;8,76;2025-11-04 03:00:00.0;nível;8,58
JAÚ;352530011H;SP;Rio Jau;-22,292;-48,5566;8,76;2025-11-04 04:00:00.0;nível;8,59
JAÚ;352530011H;SP;Rio Jau;-22,292;-48,5566;8,76;2025-11-04 05:00:00.0;nível;8,60
JAÚ;352530011H;SP;Rio Jau;-22,292;-48,5566;8,76;2025-11-04 06:00:00.0;nível;8,60
JAÚ;352530011H;SP;Rio Jau;-22,292;-48,5566;8,76;2025-11-04 07:00:00.0;nível;8,60
JAÚ;352530011H;SP;Rio Jau;-22,292;-48,5566;8,76;2025-11-04 08:00:00.0;nível;8,59
JAÚ;352530011H;SP;Rio Jau;-22,292;-48,5566;8,76;2025-11-04 09:00:00.0;nível;8,58
JAÚ;352530011H;SP;Rio Jau;-22,292;-48,5566;8,76;2025-11-04 10:00:00.0;nível;8,55
JAÚ;352530011H;SP;Rio Jau;-22,292;-48,5566;8,76;2025-11-04 11:00:00.0;nível;8,50
JAÚ;352530011H;SP;Rio Jau;-22,292;-48,5566;8,76;2025-11-04 12:00:00.0;nível;8,51
JAÚ;352530011H;SP;Rio Jau;-22,292;-48,5566;8,76;2025-11-04 13:00:00.0;nível;8,54
JAÚ;352530011H;SP;Rio Jau;-22,292;-48,5566;8,76;2025-11-04 14:00:00.0;nível;8,57
JAÚ;352530011H;SP;Rio Jau;-22,292;-48,5566;8,76;2025-11-04 15:00:00.0;nível;8,59
JAÚ;352530011H;SP;Rio Jau;-22,292;-48,5566;8,76;2025-11-04 16:00:00.0;nível;8,59
JAÚ;352530011H;SP;Rio Jau;-22,292;-48,5566;8,76;2025-11-04 17:00:00.0;nível;8,60
JAÚ;352530011H;SP;Rio Jau;-22,292;-48,5566;8,76;2025-11-04 18:00:00.0;nível;8,60
JAÚ;352530011H;SP;Rio Jau;-22,292;-48,5566;8,76;2025-11-04 19:00:00.0;nível;8,60
JAÚ;352530011H;SP;Rio Jau;-22,292;-48,5566;8,76;2025-11-04 20:00:00.0;nível;8,61
JAÚ;352530011H;SP;Rio Jau;-22,292;-48,5566;8,76;2025-11-04 21:00:00.0;nível;8,60
JAÚ;352530011H;SP;Rio Jau;-22,292;-48,5566;8,76;2025-11-04 22:00:00.0;nível;8,61
JAÚ;352530011H;SP;Rio Jau;-22,292;-48,5566;8,76;2025-11-04 23:00:00.0;nível;8,62
JUNDIAÍ;352590420H;SP;Rio Jundiai;-23,182432;-46,87781;8,75;2025-11-01 00:10:00.0;chuva;0,00
JUNDIAÍ;352590420H;SP;Rio Jundiai;-23,182432;-46,87781;8,75;2025-11-01 01:10:00.0;chuva;0,00
JUNDIAÍ;352590420H;SP;Rio Jundiai;-23,182432;-46,87781;8,75;2025-11-01 02:10:00.0;chuva;0,00
JUNDIAÍ;352590420H;SP;Rio Jundiai;-23,182432;-46,87781;8,75;2025-11-01 03:10:00.0;chuva;0,00
JUNDIAÍ;352590420H;SP;Rio Jundiai;-23,182432;-46,87781;8,75;2025-11-01 04:10:00.0;chuva;0,00
JUNDIAÍ;352590420H;SP;Rio Jundiai;-23,182432;-46,87781;8,75;2025-11-01 05:10:00.0;chuva;0,00
JUNDIAÍ;352590420H;SP;Rio Jundiai;-23,182432;-46,87781;8,75;2025-11-01 06:10:00.0;chuva;0,00
JUNDIAÍ;352590420H;SP;Rio Jundiai;-23,182432;-46,87781;8,75;2025-11-01 07:10:00.0;chuva;0,00
JUNDIAÍ;352590420H;SP;Rio Jundiai;-23,182432;-46,87781;8,75;2025-11-01 08:10:00.0;chuva;0,00
JUNDIAÍ;352590420H;SP;Rio Jundiai;-23,182432;-46,87781;8,75;2025-11-01 09:10:00.0;chuva;0,00
JUNDIAÍ;352590420H;SP;Rio Jundiai;-23,182432;-46,87781;8,75;2025-11-01 10:10:00.0;chuva;0,00
JUNDIAÍ;352590420H;SP;Rio Jundiai;-23,182432;-46,87781;8,75;2025-11-01 11:10:00.0;chuva;0,00
JUNDIAÍ;352590420H;SP;Rio Jundiai;-23,182432;-46,87781;8,75;2025-11-01 12:10:00.0;chuva;0,00
JUNDIAÍ;352590420H;SP;Rio Jundiai;-23,182432;-46,87781;8,75;2025-11-01 13:10:00.0;chuva;0,00
JUNDIAÍ;352590420H;SP;Rio Jundiai;-23,182432;-46,87781;8,75;2025-11-01 14:10:00.0;chuva;0,00
JUNDIAÍ;352590420H;SP;Rio Jundiai;-23,182432;-46,87781;8,75;2025-11-01 15:10:00.0;chuva;0,00
JUNDIAÍ;352590420H;SP;Rio Jundiai;-23,182432;-46,87781;8,75;2025-11-01 16:10:00.0;chuva;0,00
JUNDIAÍ;352590420H;SP;Rio Jundiai;-23,182432;-46,87781;8,75;2025-11-01 17:10:00.0;chuva;0,00
JUNDIAÍ;352590420H;SP;Rio Jundiai;-23,182432;-46,87781;8,75;2025-11-01 18:10:00.0;chuva;0,00
JUNDIAÍ;352590420H;SP;Rio Jundiai;-23,182432;-46,87781;8,75;2025-11-01 19:10:00.0;chuva;0,00
JUNDIAÍ;352590420H;SP;Rio Jundiai;-23,182432;-46,87781;8,75;2025-11-01 20:10:00.0;chuva;0,00
JUNDIAÍ;352590420H;SP;Rio Jundiai;-23,182432;-46,87781;8,75;2025-11-01 21:10:00.0;chuva;0,00
JUNDIAÍ;352590420H;SP;Rio Jundiai;-23,182432;-46,87781;8,75;2025-11-01 22:10:00.0;chuva;0,00
JUNDIAÍ;352590420H;SP;Rio Jundiai;-23,182432;-46,87781;8,75;2025-11-01 23:10:00.0;chuva;0,00
JUNDIAÍ;352590420H;SP;Rio Jundiai;-23,182432;-46,87781;8,75;2025-11-02 00:10:00.0;chuva;0,00
JUNDIAÍ;352590420H;SP;Rio Jundiai;-23,182432;-46,87781;8,75;2025-11-02 01:10:00.0;chuva;0,00
JUNDIAÍ;352590420H;SP;Rio Jundiai;-23,182432;-46,87781;8,75;2025-11-02 02:10:00.0;chuva;0,00
JUNDIAÍ;352590420H;SP;Rio Jundiai;-23,182432;-46,87781;8,75;2025-11-02 03:10:00.0;chuva;0,00
JUNDIAÍ;352590420H;SP;Rio Jundiai;-23,182432;-46,87781;8,75;2025-11-02 04:10:00.0;chuva;0,00
JUNDIAÍ;352590420H;SP;Rio Jundiai;-23,182432;-46,87781;8,75;2025-11-02 05:10:00.0;chuva;0,00
JUNDIAÍ;352590420H;SP;Rio Jundiai;-23,182432;-46,87781;8,75;2025-11-02 05:40:00.0;chuva;0,20
JUNDIAÍ;352590420H;SP;Rio Jundiai;-23,182432;-46,87781;8,75;2025-11-02 05:50:00.0;chuva;0,60
JUNDIAÍ;352590420H;SP;Rio Jundiai;-23,182432;-46,87781;8,75;2025-11-02 06:10:00.0;chuva;0,00
JUNDIAÍ;352590420H;SP;Rio Jundiai;-23,182432;-46,87781;8,75;2025-11-02 07:40:00.0;chuva;0,20
JUNDIAÍ;352590420H;SP;Rio Jundiai;-23,182432;-46,87781;8,75;2025-11-02 09:00:00.0;chuva;0,20
JUNDIAÍ;352590420H;SP;Rio Jundiai;-23,182432;-46,87781;8,75;2025-11-02 09:20:00.0;chuva;0,20
JUNDIAÍ;352590420H;SP;Rio Jundiai;-23,182432;-46,87781;8,75;2025-11-02 09:30:00.0;chuva;4,40
JUNDIAÍ;352590420H;SP;Rio Jundiai;-23,182432;-46,87781;8,75;2025-11-02 09:50:00.0;chuva;0,20
JUNDIAÍ;352590420H;SP;Rio Jundiai;-23,182432;-46,87781;8,75;2025-11-02 10:00:00.0;chuva;1,00
JUNDIAÍ;352590420H;SP;Rio Jundiai;-23,182432;-46,87781;8,75;2025-11-02 10:20:00.0;chuva;0,20
JUNDIAÍ;352590420H;SP;Rio Jundiai;-23,182432;-46,87781;8,75;2025-11-02 10:30:00.0;chuva;0,40
JUNDIAÍ;352590420H;SP;Rio Jundiai;-23,182432;-46,87781;8,75;2025-11-02 10:50:00.0;chuva;0,20
JUNDIAÍ;352590420H;SP;Rio Jundiai;-23,182432;-46,87781;8,75;2025-11-02 11:00:00.0;nível;35,00
JUNDIAÍ;352590420H;SP;Rio Jundiai;-23,182432;-46,87781;8,75;2025-11-02 11:00:00.0;chuva;0,20
JUNDIAÍ;352590420H;SP;Rio Jundiai;-23,182432;-46,87781;8,75;2025-11-02 11:10:00.0;chuva;0,00
JUNDIAÍ;352590420H;SP;Rio Jundiai;-23,182432;-46,87781;8,75;2025-11-02 11:30:00.0;chuva;0,20
JUNDIAÍ;352590420H;SP;Rio Jundiai;-23,182432;-46,87781;8,75;2025-11-02 11:40:00.0;chuva;0,20
JUNDIAÍ;352590420H;SP;Rio Jundiai;-23,182432;-46,87781;8,75;2025-11-02 11:50:00.0;chuva;0,20
JUNDIAÍ;352590420H;SP;Rio Jundiai;-23,182432;-46,87781;8,75;2025-11-02 12:00:00.0;nível;35,00
JUNDIAÍ;352590420H;SP;Rio Jundiai;-23,182432;-46,87781;8,75;2025-11-02 12:00:00.0;chuva;0,40
JUNDIAÍ;352590420H;SP;Rio Jundiai;-23,182432;-46,87781;8,75;2025-11-02 12:10:00.0;chuva;0,00
JUNDIAÍ;352590420H;SP;Rio Jundiai;-23,182432;-46,87781;8,75;2025-11-02 12:20:00.0;chuva;0,20
JUNDIAÍ;352590420H;SP;Rio Jundiai;-23,182432;-46,87781;8,75;2025-11-02 12:40:00.0;chuva;0,20
JUNDIAÍ;352590420H;SP;Rio Jundiai;-23,182432;-46,87781;8,75;2025-11-02 13:00:00.0;nível;35,00
JUNDIAÍ;352590420H;SP;Rio Jundiai;-23,182432;-46,87781;8,75;2025-11-02 13:10:00.0;chuva;0,00
JUNDIAÍ;352590420H;SP;Rio Jundiai;-23,182432;-46,87781;8,75;2025-11-02 13:20:00.0;chuva;0,20
JUNDIAÍ;352590420H;SP;Rio Jundiai;-23,182432;-46,87781;8,75;2025-11-02 13:40:00.0;chuva;0,20
JUNDIAÍ;352590420H;SP;Rio Jundiai;-23,182432;-46,87781;8,75;2025-11-02 13:50:00.0;chuva;0,20
JUNDIAÍ;352590420H;SP;Rio Jundiai;-23,182432;-46,87781;8,75;2025-11-02 14:00:00.0;nível;35,00
JUNDIAÍ;352590420H;SP;Rio Jundiai;-23,182432;-46,87781;8,75;2025-11-02 14:00:00.0;chuva;1,00
JUNDIAÍ;352590420H;SP;Rio Jundiai;-23,182432;-46,87781;8,75;2025-11-02 14:10:00.0;chuva;0,60
JUNDIAÍ;352590420H;SP;Rio Jundiai;-23,182432;-46,87781;8,75;2025-11-02 14:20:00.0;chuva;0,60
JUNDIAÍ;352590420H;SP;Rio Jundiai;-23,182432;-46,87781;8,75;2025-11-02 14:30:00.0;chuva;0,80
JUNDIAÍ;352590420H;SP;Rio Jundiai;-23,182432;-46,87781;8,75;2025-11-02 14:40:00.0;chuva;0,80
JUNDIAÍ;352590420H;SP;Rio Jundiai;-23,182432;-46,87781;8,75;2025-11-02 14:50:00.0;chuva;1,00
JUNDIAÍ;352590420H;SP;Rio Jundiai;-23,182432;-46,87781;8,75;2025-11-02 15:00:00.0;nível;35,00
JUNDIAÍ;352590420H;SP;Rio Jundiai;-23,182432;-46,87781;8,75;2025-11-02 15:00:00.0;chuva;1,20
JUNDIAÍ;352590420H;SP;Rio Jundiai;-23,182432;-46,87781;8,75;2025-11-02 15:10:00.0;chuva;1,20
JUNDIAÍ;352590420H;SP;Rio Jundiai;-23,182432;-46,87781;8,75;2025-11-02 15:20:00.0;chuva;0,80
JUNDIAÍ;352590420H;SP;Rio Jundiai;-23,182432;-46,87781;8,75;2025-11-02 15:30:00.0;chuva;0,20
JUNDIAÍ;352590420H;SP;Rio Jundiai;-23,182432;-46,87781;8,75;2025-11-02 16:00:00.0;nível;35,00
JUNDIAÍ;352590420H;SP;Rio Jundiai;-23,182432;-46,87781;8,75;2025-11-02 16:10:00.0;chuva;0,00
JUNDIAÍ;352590420H;SP;Rio Jundiai;-23,182432;-46,87781;8,75;2025-11-02 16:20:00.0;chuva;0,20
JUNDIAÍ;352590420H;SP;Rio Jundiai;-23,182432;-46,87781;8,75;2025-11-02 16:30:00.0;chuva;0,20
JUNDIAÍ;352590420H;SP;Rio Jundiai;-23,182432;-46,87781;8,75;2025-11-02 16:40:00.0;chuva;0,40
JUNDIAÍ;352590420H;SP;Rio Jundiai;-23,182432;-46,87781;8,75;2025-11-02 17:00:00.0;nível;35,00
JUNDIAÍ;352590420H;SP;Rio Jundiai;-23,182432;-46,87781;8,75;2025-11-02 17:10:00.0;chuva;0,20
JUNDIAÍ;352590420H;SP;Rio Jundiai;-23,182432;-46,87781;8,75;2025-11-02 17:30:00.0;chuva;0,20
JUNDIAÍ;352590420H;SP;Rio Jundiai;-23,182432;-46,87781;8,75;2025-11-02 18:00:00.0;nível;35,00
JUNDIAÍ;352590420H;SP;Rio Jundiai;-23,182432;-46,87781;8,75;2025-11-02 18:10:00.0;chuva;0,20
JUNDIAÍ;352590420H;SP;Rio Jundiai;-23,182432;-46,87781;8,75;2025-11-02 18:20:00.0;chuva;0,20
JUNDIAÍ;352590420H;SP;Rio Jundiai;-23,182432;-46,87781;8,75;2025-11-02 18:30:00.0;chuva;0,20
JUNDIAÍ;352590420H;SP;Rio Jundiai;-23,182432;-46,87781;8,75;2025-11-02 18:40:00.0;chuva;0,20
JUNDIAÍ;352590420H;SP;Rio Jundiai;-23,182432;-46,87781;8,75;2025-11-02 19:00:00.0;nível;35,00
JUNDIAÍ;352590420H;SP;Rio Jundiai;-23,182432;-46,87781;8,75;2025-11-02 19:10:00.0;chuva;0,00
JUNDIAÍ;352590420H;SP;Rio Jundiai;-23,182432;-46,87781;8,75;2025-11-02 19:20:00.0;chuva;0,20
JUNDIAÍ;352590420H;SP;Rio Jundiai;-23,182432;-46,87781;8,75;2025-11-02 20:00:00.0;nível;35,00
JUNDIAÍ;352590420H;SP;Rio Jundiai;-23,182432;-46,87781;8,75;2025-11-02 20:10:00.0;chuva;0,00
JUNDIAÍ;352590420H;SP;Rio Jundiai;-23,182432;-46,87781;8,75;2025-11-02 21:00:00.0;nível;35,00
JUNDIAÍ;352590420H;SP;Rio Jundiai;-23,182432;-46,87781;8,75;2025-11-02 21:10:00.0;chuva;0,00
JUNDIAÍ;352590420H;SP;Rio Jundiai;-23,182432;-46,87781;8,75;2025-11-02 22:00:00.0;nível;35,00
JUNDIAÍ;352590420H;SP;Rio Jundiai;-23,182432;-46,87781;8,75;2025-11-02 22:10:00.0;chuva;0,00
JUNDIAÍ;352590420H;SP;Rio Jundiai;-23,182432;-46,87781;8,75;2025-11-02 23:00:00.0;nível;35,00
JUNDIAÍ;352590420H;SP;Rio Jundiai;-23,182432;-46,87781;8,75;2025-11-02 23:10:00.0;chuva;0,00
JUNDIAÍ;352590420H;SP;Rio Jundiai;-23,182432;-46,87781;8,75;2025-11-03 00:00:00.0;nível;35,00
JUNDIAÍ;352590420H;SP;Rio Jundiai;-23,182432;-46,87781;8,75;2025-11-03 00:10:00.0;chuva;0,00
JUNDIAÍ;352590420H;SP;Rio Jundiai;-23,182432;-46,87781;8,75;2025-11-03 01:00:00.0;nível;35,00
JUNDIAÍ;352590420H;SP;Rio Jundiai;-23,182432;-46,87781;8,75;2025-11-03 01:10:00.0;chuva;0,00
JUNDIAÍ;352590420H;SP;Rio Jundiai;-23,182432;-46,87781;8,75;2025-11-03 02:00:00.0;nível;35,00
JUNDIAÍ;352590420H;SP;Rio Jundiai;-23,182432;-46,87781;8,75;2025-11-03 02:10:00.0;chuva;0,00
JUNDIAÍ;352590420H;SP;Rio Jundiai;-23,182432;-46,87781;8,75;2025-11-03 03:00:00.0;nível;35,00
JUNDIAÍ;352590420H;SP;Rio Jundiai;-23,182432;-46,87781;8,75;2025-11-03 03:10:00.0;chuva;0,00
JUNDIAÍ;352590420H;SP;Rio Jundiai;-23,182432;-46,87781;8,75;2025-11-03 04:00:00.0;nível;35,00
JUNDIAÍ;352590420H;SP;Rio Jundiai;-23,182432;-46,87781;8,75;2025-11-03 04:10:00.0;chuva;0,00
JUNDIAÍ;352590420H;SP;Rio Jundiai;-23,182432;-46,87781;8,75;2025-11-03 05:00:00.0;nível;35,00
JUNDIAÍ;352590420H;SP;Rio Jundiai;-23,182432;-46,87781;8,75;2025-11-03 05:10:00.0;chuva;0,00
JUNDIAÍ;352590420H;SP;Rio Jundiai;-23,182432;-46,87781;8,75;2025-11-03 06:00:00.0;nível;35,00
JUNDIAÍ;352590420H;SP;Rio Jundiai;-23,182432;-46,87781;8,75;2025-11-03 06:10:00.0;chuva;0,00
JUNDIAÍ;352590420H;SP;Rio Jundiai;-23,182432;-46,87781;8,75;2025-11-03 07:00:00.0;nível;35,00
JUNDIAÍ;352590420H;SP;Rio Jundiai;-23,182432;-46,87781;8,75;2025-11-03 07:10:00.0;chuva;0,00
JUNDIAÍ;352590420H;SP;Rio Jundiai;-23,182432;-46,87781;8,75;2025-11-03 08:00:00.0;nível;35,00
JUNDIAÍ;352590420H;SP;Rio Jundiai;-23,182432;-46,87781;8,75;2025-11-03 08:10:00.0;chuva;0,00
JUNDIAÍ;352590420H;SP;Rio Jundiai;-23,182432;-46,87781;8,75;2025-11-03 09:00:00.0;nível;35,00
JUNDIAÍ;352590420H;SP;Rio Jundiai;-23,182432;-46,87781;8,75;2025-11-03 09:10:00.0;chuva;0,00
JUNDIAÍ;352590420H;SP;Rio Jundiai;-23,182432;-46,87781;8,75;2025-11-03 10:00:00.0;nível;35,00
JUNDIAÍ;352590420H;SP;Rio Jundiai;-23,182432;-46,87781;8,75;2025-11-03 10:10:00.0;chuva;0,00
JUNDIAÍ;352590420H;SP;Rio Jundiai;-23,182432;-46,87781;8,75;2025-11-03 11:00:00.0;nível;35,00
JUNDIAÍ;352590420H;SP;Rio Jundiai;-23,182432;-46,87781;8,75;2025-11-03 11:10:00.0;chuva;0,00
JUNDIAÍ;352590420H;SP;Rio Jundiai;-23,182432;-46,87781;8,75;2025-11-03 12:00:00.0;nível;35,00
JUNDIAÍ;352590420H;SP;Rio Jundiai;-23,182432;-46,87781;8,75;2025-11-03 12:10:00.0;chuva;0,00
JUNDIAÍ;352590420H;SP;Rio Jundiai;-23,182432;-46,87781;8,75;2025-11-03 13:10:00.0;chuva;0,00
JUNDIAÍ;352590420H;SP;Rio Jundiai;-23,182432;-46,87781;8,75;2025-11-03 14:10:00.0;chuva;0,00
JUNDIAÍ;352590420H;SP;Rio Jundiai;-23,182432;-46,87781;8,75;2025-11-03 15:10:00.0;chuva;0,00
JUNDIAÍ;352590420H;SP;Rio Jundiai;-23,182432;-46,87781;8,75;2025-11-03 16:10:00.0;chuva;0,00
JUNDIAÍ;352590420H;SP;Rio Jundiai;-23,182432;-46,87781;8,75;2025-11-03 17:10:00.0;chuva;0,00
JUNDIAÍ;352590420H;SP;Rio Jundiai;-23,182432;-46,87781;8,75;2025-11-03 18:10:00.0;chuva;0,00
JUNDIAÍ;352590420H;SP;Rio Jundiai;-23,182432;-46,87781;8,75;2025-11-03 19:10:00.0;chuva;0,00
JUNDIAÍ;352590420H;SP;Rio Jundiai;-23,182432;-46,87781;8,75;2025-11-03 20:10:00.0;chuva;0,00
JUNDIAÍ;352590420H;SP;Rio Jundiai;-23,182432;-46,87781;8,75;2025-11-03 21:10:00.0;chuva;0,00
JUNDIAÍ;352590420H;SP;Rio Jundiai;-23,182432;-46,87781;8,75;2025-11-03 22:10:00.0;chuva;0,00
JUNDIAÍ;352590420H;SP;Rio Jundiai;-23,182432;-46,87781;8,75;2025-11-03 23:10:00.0;chuva;0,00
JUNDIAÍ;352590420H;SP;Rio Jundiai;-23,182432;-46,87781;8,75;2025-11-04 00:10:00.0;chuva;0,00
JUNDIAÍ;352590420H;SP;Rio Jundiai;-23,182432;-46,87781;8,75;2025-11-04 01:10:00.0;chuva;0,00
JUNDIAÍ;352590420H;SP;Rio Jundiai;-23,182432;-46,87781;8,75;2025-11-04 02:10:00.0;chuva;0,00
JUNDIAÍ;352590420H;SP;Rio Jundiai;-23,182432;-46,87781;8,75;2025-11-04 03:10:00.0;chuva;0,00
JUNDIAÍ;352590420H;SP;Rio Jundiai;-23,182432;-46,87781;8,75;2025-11-04 04:10:00.0;chuva;0,00
JUNDIAÍ;352590420H;SP;Rio Jundiai;-23,182432;-46,87781;8,75;2025-11-04 05:10:00.0;chuva;0,00
JUNDIAÍ;352590420H;SP;Rio Jundiai;-23,182432;-46,87781;8,75;2025-11-04 06:10:00.0;chuva;0,00
JUNDIAÍ;352590420H;SP;Rio Jundiai;-23,182432;-46,87781;8,75;2025-11-04 07:10:00.0;chuva;0,00
JUNDIAÍ;352590420H;SP;Rio Jundiai;-23,182432;-46,87781;8,75;2025-11-04 08:10:00.0;chuva;0,00
JUNDIAÍ;352590420H;SP;Rio Jundiai;-23,182432;-46,87781;8,75;2025-11-04 09:10:00.0;chuva;0,00
JUNDIAÍ;352590420H;SP;Rio Jundiai;-23,182432;-46,87781;8,75;2025-11-04 10:10:00.0;chuva;0,00
JUNDIAÍ;352590420H;SP;Rio Jundiai;-23,182432;-46,87781;8,75;2025-11-04 11:10:00.0;chuva;0,00
JUNDIAÍ;352590420H;SP;Rio Jundiai;-23,182432;-46,87781;8,75;2025-11-04 12:10:00.0;chuva;0,00
JUNDIAÍ;352590420H;SP;Rio Jundiai;-23,182432;-46,87781;8,75;2025-11-04 13:10:00.0;chuva;0,00
JUNDIAÍ;352590420H;SP;Rio Jundiai;-23,182432;-46,87781;8,75;2025-11-04 14:10:00.0;chuva;0,00
JUNDIAÍ;352590420H;SP;Rio Jundiai;-23,182432;-46,87781;8,75;2025-11-04 15:10:00.0;chuva;0,00
JUNDIAÍ;352590420H;SP;Rio Jundiai;-23,182432;-46,87781;8,75;2025-11-04 16:10:00.0;chuva;0,00
JUNDIAÍ;352590420H;SP;Rio Jundiai;-23,182432;-46,87781;8,75;2025-11-04 17:10:00.0;chuva;0,00
JUNDIAÍ;352590420H;SP;Rio Jundiai;-23,182432;-46,87781;8,75;2025-11-04 18:10:00.0;chuva;0,00
JUNDIAÍ;352590420H;SP;Rio Jundiai;-23,182432;-46,87781;8,75;2025-11-04 19:10:00.0;chuva;0,00
JUNDIAÍ;352590420H;SP;Rio Jundiai;-23,182432;-46,87781;8,75;2025-11-04 20:10:00.0;chuva;0,00
JUNDIAÍ;352590420H;SP;Rio Jundiai;-23,182432;-46,87781;8,75;2025-11-04 21:10:00.0;chuva;0,00
JUNDIAÍ;352590420H;SP;Rio Jundiai;-23,182432;-46,87781;8,75;2025-11-04 22:10:00.0;chuva;0,00
JUNDIAÍ;352590420H;SP;Rio Jundiai;-23,182432;-46,87781;8,75;2025-11-04 23:10:00.0;chuva;0,00
LIMEIRA;352690212H;SP;Rio Tatu;-22,5817;-47,386;9,81;2025-11-01 00:00:00.0;nível;9,27
LIMEIRA;352690212H;SP;Rio Tatu;-22,5817;-47,386;9,81;2025-11-01 00:10:00.0;chuva;0,00
LIMEIRA;352690212H;SP;Rio Tatu;-22,5817;-47,386;9,81;2025-11-01 01:00:00.0;nível;9,25
LIMEIRA;352690212H;SP;Rio Tatu;-22,5817;-47,386;9,81;2025-11-01 01:10:00.0;chuva;0,00
LIMEIRA;352690212H;SP;Rio Tatu;-22,5817;-47,386;9,81;2025-11-01 02:00:00.0;nível;9,25
LIMEIRA;352690212H;SP;Rio Tatu;-22,5817;-47,386;9,81;2025-11-01 02:10:00.0;chuva;0,00
LIMEIRA;352690212H;SP;Rio Tatu;-22,5817;-47,386;9,81;2025-11-01 03:00:00.0;nível;9,26
LIMEIRA;352690212H;SP;Rio Tatu;-22,5817;-47,386;9,81;2025-11-01 03:10:00.0;chuva;0,00
LIMEIRA;352690212H;SP;Rio Tatu;-22,5817;-47,386;9,81;2025-11-01 04:00:00.0;nível;9,27
LIMEIRA;352690212H;SP;Rio Tatu;-22,5817;-47,386;9,81;2025-11-01 04:10:00.0;chuva;0,00
LIMEIRA;352690212H;SP;Rio Tatu;-22,5817;-47,386;9,81;2025-11-01 05:00:00.0;nível;9,27
LIMEIRA;352690212H;SP;Rio Tatu;-22,5817;-47,386;9,81;2025-11-01 05:10:00.0;chuva;0,00
LIMEIRA;352690212H;SP;Rio Tatu;-22,5817;-47,386;9,81;2025-11-01 06:00:00.0;nível;9,28
LIMEIRA;352690212H;SP;Rio Tatu;-22,5817;-47,386;9,81;2025-11-01 06:10:00.0;chuva;0,00
LIMEIRA;352690212H;SP;Rio Tatu;-22,5817;-47,386;9,81;2025-11-01 07:00:00.0;nível;9,29
LIMEIRA;352690212H;SP;Rio Tatu;-22,5817;-47,386;9,81;2025-11-01 07:10:00.0;chuva;0,00
LIMEIRA;352690212H;SP;Rio Tatu;-22,5817;-47,386;9,81;2025-11-01 08:00:00.0;nível;9,29
LIMEIRA;352690212H;SP;Rio Tatu;-22,5817;-47,386;9,81;2025-11-01 08:10:00.0;chuva;0,00
LIMEIRA;352690212H;SP;Rio Tatu;-22,5817;-47,386;9,81;2025-11-01 09:00:00.0;nível;9,29
LIMEIRA;352690212H;SP;Rio Tatu;-22,5817;-47,386;9,81;2025-11-01 09:10:00.0;chuva;0,00
LIMEIRA;352690212H;SP;Rio Tatu;-22,5817;-47,386;9,81;2025-11-01 10:00:00.0;nível;9,30
LIMEIRA;352690212H;SP;Rio Tatu;-22,5817;-47,386;9,81;2025-11-01 10:10:00.0;chuva;0,00
LIMEIRA;352690212H;SP;Rio Tatu;-22,5817;-47,386;9,81;2025-11-01 11:00:00.0;nível;9,30
LIMEIRA;352690212H;SP;Rio Tatu;-22,5817;-47,386;9,81;2025-11-01 11:10:00.0;chuva;0,00
LIMEIRA;352690212H;SP;Rio Tatu;-22,5817;-47,386;9,81;2025-11-01 12:00:00.0;nível;9,30
LIMEIRA;352690212H;SP;Rio Tatu;-22,5817;-47,386;9,81;2025-11-01 12:10:00.0;chuva;0,00
LIMEIRA;352690212H;SP;Rio Tatu;-22,5817;-47,386;9,81;2025-11-01 13:00:00.0;nível;9,30
LIMEIRA;352690212H;SP;Rio Tatu;-22,5817;-47,386;9,81;2025-11-01 13:10:00.0;chuva;0,00
LIMEIRA;352690212H;SP;Rio Tatu;-22,5817;-47,386;9,81;2025-11-01 14:00:00.0;nível;9,30
LIMEIRA;352690212H;SP;Rio Tatu;-22,5817;-47,386;9,81;2025-11-01 14:10:00.0;chuva;0,00
LIMEIRA;352690212H;SP;Rio Tatu;-22,5817;-47,386;9,81;2025-11-01 15:00:00.0;nível;9,30
LIMEIRA;352690212H;SP;Rio Tatu;-22,5817;-47,386;9,81;2025-11-01 15:10:00.0;chuva;0,00
LIMEIRA;352690212H;SP;Rio Tatu;-22,5817;-47,386;9,81;2025-11-01 16:00:00.0;nível;9,30
LIMEIRA;352690212H;SP;Rio Tatu;-22,5817;-47,386;9,81;2025-11-01 16:10:00.0;chuva;0,00
LIMEIRA;352690212H;SP;Rio Tatu;-22,5817;-47,386;9,81;2025-11-01 17:00:00.0;nível;9,30
LIMEIRA;352690212H;SP;Rio Tatu;-22,5817;-47,386;9,81;2025-11-01 17:10:00.0;chuva;0,00
LIMEIRA;352690212H;SP;Rio Tatu;-22,5817;-47,386;9,81;2025-11-01 18:00:00.0;nível;9,31
LIMEIRA;352690212H;SP;Rio Tatu;-22,5817;-47,386;9,81;2025-11-01 18:00:00.0;chuva;0,20
LIMEIRA;352690212H;SP;Rio Tatu;-22,5817;-47,386;9,81;2025-11-01 18:10:00.0;nível;9,06
LIMEIRA;352690212H;SP;Rio Tatu;-22,5817;-47,386;9,81;2025-11-01 18:10:00.0;chuva;15,20
LIMEIRA;352690212H;SP;Rio Tatu;-22,5817;-47,386;9,81;2025-11-01 18:20:00.0;nível;8,62
LIMEIRA;352690212H;SP;Rio Tatu;-22,5817;-47,386;9,81;2025-11-01 18:20:00.0;chuva;0,20
LIMEIRA;352690212H;SP;Rio Tatu;-22,5817;-47,386;9,81;2025-11-01 18:30:00.0;nível;8,47
LIMEIRA;352690212H;SP;Rio Tatu;-22,5817;-47,386;9,81;2025-11-01 18:40:00.0;chuva;0,20
LIMEIRA;352690212H;SP;Rio Tatu;-22,5817;-47,386;9,81;2025-11-01 19:00:00.0;nível;8,47
LIMEIRA;352690212H;SP;Rio Tatu;-22,5817;-47,386;9,81;2025-11-01 19:10:00.0;chuva;0,00
LIMEIRA;352690212H;SP;Rio Tatu;-22,5817;-47,386;9,81;2025-11-01 19:40:00.0;nível;8,83
LIMEIRA;352690212H;SP;Rio Tatu;-22,5817;-47,386;9,81;2025-11-01 20:00:00.0;nível;8,93
LIMEIRA;352690212H;SP;Rio Tatu;-22,5817;-47,386;9,81;2025-11-01 20:10:00.0;chuva;0,00
LIMEIRA;352690212H;SP;Rio Tatu;-22,5817;-47,386;9,81;2025-11-01 20:30:00.0;nível;9,05
LIMEIRA;352690212H;SP;Rio Tatu;-22,5817;-47,386;9,81;2025-11-01 21:00:00.0;nível;9,13
LIMEIRA;352690212H;SP;Rio Tatu;-22,5817;-47,386;9,81;2025-11-01 21:10:00.0;chuva;0,20
LIMEIRA;352690212H;SP;Rio Tatu;-22,5817;-47,386;9,81;2025-11-01 22:00:00.0;nível;9,21
LIMEIRA;352690212H;SP;Rio Tatu;-22,5817;-47,386;9,81;2025-11-01 22:10:00.0;chuva;0,00
LIMEIRA;352690212H;SP;Rio Tatu;-22,5817;-47,386;9,81;2025-11-01 23:00:00.0;nível;9,23
LIMEIRA;352690212H;SP;Rio Tatu;-22,5817;-47,386;9,81;2025-11-01 23:10:00.0;chuva;0,00
LIMEIRA;352690212H;SP;Rio Tatu;-22,5817;-47,386;9,81;2025-11-02 00:00:00.0;nível;9,26
LIMEIRA;352690212H;SP;Rio Tatu;-22,5817;-47,386;9,81;2025-11-02 00:10:00.0;chuva;0,00
LIMEIRA;352690212H;SP;Rio Tatu;-22,5817;-47,386;9,81;2025-11-02 01:00:00.0;nível;9,27
LIMEIRA;352690212H;SP;Rio Tatu;-22,5817;-47,386;9,81;2025-11-02 01:10:00.0;chuva;0,00
LIMEIRA;352690212H;SP;Rio Tatu;-22,5817;-47,386;9,81;2025-11-02 02:00:00.0;nível;9,28
LIMEIRA;352690212H;SP;Rio Tatu;-22,5817;-47,386;9,81;2025-11-02 02:10:00.0;chuva;0,00
LIMEIRA;352690212H;SP;Rio Tatu;-22,5817;-47,386;9,81;2025-11-02 03:00:00.0;nível;9,29
LIMEIRA;352690212H;SP;Rio Tatu;-22,5817;-47,386;9,81;2025-11-02 03:10:00.0;chuva;0,00
LIMEIRA;352690212H;SP;Rio Tatu;-22,5817;-47,386;9,81;2025-11-02 04:00:00.0;nível;9,27
LIMEIRA;352690212H;SP;Rio Tatu;-22,5817;-47,386;9,81;2025-11-02 04:00:00.0;chuva;1,60
LIMEIRA;352690212H;SP;Rio Tatu;-22,5817;-47,386;9,81;2025-11-02 04:20:00.0;nível;9,16
LIMEIRA;352690212H;SP;Rio Tatu;-22,5817;-47,386;9,81;2025-11-02 04:30:00.0;nível;9,03
LIMEIRA;352690212H;SP;Rio Tatu;-22,5817;-47,386;9,81;2025-11-02 05:00:00.0;nível;8,97
LIMEIRA;352690212H;SP;Rio Tatu;-22,5817;-47,386;9,81;2025-11-02 05:10:00.0;chuva;0,00
LIMEIRA;352690212H;SP;Rio Tatu;-22,5817;-47,386;9,81;2025-11-02 05:50:00.0;nível;9,09
LIMEIRA;352690212H;SP;Rio Tatu;-22,5817;-47,386;9,81;2025-11-02 06:00:00.0;nível;9,11
LIMEIRA;352690212H;SP;Rio Tatu;-22,5817;-47,386;9,81;2025-11-02 06:10:00.0;chuva;0,00
LIMEIRA;352690212H;SP;Rio Tatu;-22,5817;-47,386;9,81;2025-11-02 07:00:00.0;nível;9,19
LIMEIRA;352690212H;SP;Rio Tatu;-22,5817;-47,386;9,81;2025-11-02 07:00:00.0;chuva;0,20
LIMEIRA;352690212H;SP;Rio Tatu;-22,5817;-47,386;9,81;2025-11-02 08:00:00.0;nível;9,22
LIMEIRA;352690212H;SP;Rio Tatu;-22,5817;-47,386;9,81;2025-11-02 08:10:00.0;chuva;0,00
LIMEIRA;352690212H;SP;Rio Tatu;-22,5817;-47,386;9,81;2025-11-02 08:30:00.0;chuva;0,60
LIMEIRA;352690212H;SP;Rio Tatu;-22,5817;-47,386;9,81;2025-11-02 08:40:00.0;chuva;0,20
LIMEIRA;352690212H;SP;Rio Tatu;-22,5817;-47,386;9,81;2025-11-02 08:50:00.0;chuva;5,40
LIMEIRA;352690212H;SP;Rio Tatu;-22,5817;-47,386;9,81;2025-11-02 09:00:00.0;nível;9,01
LIMEIRA;352690212H;SP;Rio Tatu;-22,5817;-47,386;9,81;2025-11-02 09:00:00.0;chuva;2,40
LIMEIRA;352690212H;SP;Rio Tatu;-22,5817;-47,386;9,81;2025-11-02 09:10:00.0;nível;8,41
LIMEIRA;352690212H;SP;Rio Tatu;-22,5817;-47,386;9,81;2025-11-02 09:10:00.0;chuva;0,80
LIMEIRA;352690212H;SP;Rio Tatu;-22,5817;-47,386;9,81;2025-11-02 09:20:00.0;nível;8,14
LIMEIRA;352690212H;SP;Rio Tatu;-22,5817;-47,386;9,81;2025-11-02 09:20:00.0;chuva;0,60
LIMEIRA;352690212H;SP;Rio Tatu;-22,5817;-47,386;9,81;2025-11-02 09:30:00.0;chuva;0,60
LIMEIRA;352690212H;SP;Rio Tatu;-22,5817;-47,386;9,81;2025-11-02 09:40:00.0;chuva;0,40
LIMEIRA;352690212H;SP;Rio Tatu;-22,5817;-47,386;9,81;2025-11-02 09:50:00.0;nível;8,25
LIMEIRA;352690212H;SP;Rio Tatu;-22,5817;-47,386;9,81;2025-11-02 09:50:00.0;chuva;0,40
LIMEIRA;352690212H;SP;Rio Tatu;-22,5817;-47,386;9,81;2025-11-02 10:00:00.0;nível;8,33
LIMEIRA;352690212H;SP;Rio Tatu;-22,5817;-47,386;9,81;2025-11-02 10:00:00.0;chuva;0,20
LIMEIRA;352690212H;SP;Rio Tatu;-22,5817;-47,386;9,81;2025-11-02 10:10:00.0;chuva;0,20
LIMEIRA;352690212H;SP;Rio Tatu;-22,5817;-47,386;9,81;2025-11-02 10:20:00.0;nível;8,45
LIMEIRA;352690212H;SP;Rio Tatu;-22,5817;-47,386;9,81;2025-11-02 10:20:00.0;chuva;0,20
LIMEIRA;352690212H;SP;Rio Tatu;-22,5817;-47,386;9,81;2025-11-02 10:30:00.0;chuva;0,20
LIMEIRA;352690212H;SP;Rio Tatu;-22,5817;-47,386;9,81;2025-11-02 10:40:00.0;chuva;0,20
LIMEIRA;352690212H;SP;Rio Tatu;-22,5817;-47,386;9,81;2025-11-02 10:50:00.0;nível;8,58
LIMEIRA;352690212H;SP;Rio Tatu;-22,5817;-47,386;9,81;2025-11-02 10:50:00.0;chuva;1,00
LIMEIRA;352690212H;SP;Rio Tatu;-22,5817;-47,386;9,81;2025-11-02 11:00:00.0;nível;8,59
LIMEIRA;352690212H;SP;Rio Tatu;-22,5817;-47,386;9,81;2025-11-02 11:00:00.0;chuva;1,80
LIMEIRA;352690212H;SP;Rio Tatu;-22,5817;-47,386;9,81;2025-11-02 11:10:00.0;chuva;1,00
LIMEIRA;352690212H;SP;Rio Tatu;-22,5817;-47,386;9,81;2025-11-02 11:20:00.0;nível;8,48
LIMEIRA;352690212H;SP;Rio Tatu;-22,5817;-47,386;9,81;2025-11-02 11:20:00.0;chuva;0,60
LIMEIRA;352690212H;SP;Rio Tatu;-22,5817;-47,386;9,81;2025-11-02 11:30:00.0;chuva;0,60
LIMEIRA;352690212H;SP;Rio Tatu;-22,5817;-47,386;9,81;2025-11-02 11:40:00.0;chuva;0,20
LIMEIRA;352690212H;SP;Rio Tatu;-22,5817;-47,386;9,81;2025-11-02 11:50:00.0;nível;8,36
LIMEIRA;352690212H;SP;Rio Tatu;-22,5817;-47,386;9,81;2025-11-02 11:50:00.0;chuva;0,20
LIMEIRA;352690212H;SP;Rio Tatu;-22,5817;-47,386;9,81;2025-11-02 12:00:00.0;nível;8,38
LIMEIRA;352690212H;SP;Rio Tatu;-22,5817;-47,386;9,81;2025-11-02 12:10:00.0;chuva;0,00
LIMEIRA;352690212H;SP;Rio Tatu;-22,5817;-47,386;9,81;2025-11-02 12:20:00.0;nível;8,50
LIMEIRA;352690212H;SP;Rio Tatu;-22,5817;-47,386;9,81;2025-11-02 12:40:00.0;nível;8,62
LIMEIRA;352690212H;SP;Rio Tatu;-22,5817;-47,386;9,81;2025-11-02 12:40:00.0;chuva;0,20
LIMEIRA;352690212H;SP;Rio Tatu;-22,5817;-47,386;9,81;2025-11-02 13:00:00.0;nível;8,73
LIMEIRA;352690212H;SP;Rio Tatu;-22,5817;-47,386;9,81;2025-11-02 13:10:00.0;chuva;0,20
LIMEIRA;352690212H;SP;Rio Tatu;-22,5817;-47,386;9,81;2025-11-02 13:20:00.0;chuva;2,20
LIMEIRA;352690212H;SP;Rio Tatu;-22,5817;-47,386;9,81;2025-11-02 13:30:00.0;chuva;2,60
LIMEIRA;352690212H;SP;Rio Tatu;-22,5817;-47,386;9,81;2025-11-02 13:40:00.0;nível;8,59
LIMEIRA;352690212H;SP;Rio Tatu;-22,5817;-47,386;9,81;2025-11-02 13:40:00.0;chuva;0,20
LIMEIRA;352690212H;SP;Rio Tatu;-22,5817;-47,386;9,81;2025-11-02 13:50:00.0;nível;8,46
LIMEIRA;352690212H;SP;Rio Tatu;-22,5817;-47,386;9,81;2025-11-02 13:50:00.0;chuva;0,20
LIMEIRA;352690212H;SP;Rio Tatu;-22,5817;-47,386;9,81;2025-11-02 14:00:00.0;nível;8,41
LIMEIRA;352690212H;SP;Rio Tatu;-22,5817;-47,386;9,81;2025-11-02 14:00:00.0;chuva;0,20
LIMEIRA;352690212H;SP;Rio Tatu;-22,5817;-47,386;9,81;2025-11-02 14:20:00.0;chuva;0,60
LIMEIRA;352690212H;SP;Rio Tatu;-22,5817;-47,386;9,81;2025-11-02 14:30:00.0;chuva;2,40
LIMEIRA;352690212H;SP;Rio Tatu;-22,5817;-47,386;9,81;2025-11-02 14:40:00.0;chuva;2,80
LIMEIRA;352690212H;SP;Rio Tatu;-22,5817;-47,386;9,81;2025-11-02 14:50:00.0;nível;8,13
LIMEIRA;352690212H;SP;Rio Tatu;-22,5817;-47,386;9,81;2025-11-02 14:50:00.0;chuva;3,80
LIMEIRA;352690212H;SP;Rio Tatu;-22,5817;-47,386;9,81;2025-11-02 15:00:00.0;nível;7,84
LIMEIRA;352690212H;SP;Rio Tatu;-22,5817;-47,386;9,81;2025-11-02 15:00:00.0;chuva;1,60
LIMEIRA;352690212H;SP;Rio Tatu;-22,5817;-47,386;9,81;2025-11-02 15:10:00.0;nível;7,71
LIMEIRA;352690212H;SP;Rio Tatu;-22,5817;-47,386;9,81;2025-11-02 15:10:00.0;chuva;1,60
LIMEIRA;352690212H;SP;Rio Tatu;-22,5817;-47,386;9,81;2025-11-02 15:20:00.0;chuva;0,60
LIMEIRA;352690212H;SP;Rio Tatu;-22,5817;-47,386;9,81;2025-11-02 15:40:00.0;nível;7,83
LIMEIRA;352690212H;SP;Rio Tatu;-22,5817;-47,386;9,81;2025-11-02 15:50:00.0;nível;7,95
LIMEIRA;352690212H;SP;Rio Tatu;-22,5817;-47,386;9,81;2025-11-02 16:00:00.0;nível;8,07
LIMEIRA;352690212H;SP;Rio Tatu;-22,5817;-47,386;9,81;2025-11-02 16:10:00.0;nível;8,19
LIMEIRA;352690212H;SP;Rio Tatu;-22,5817;-47,386;9,81;2025-11-02 16:10:00.0;chuva;0,00
LIMEIRA;352690212H;SP;Rio Tatu;-22,5817;-47,386;9,81;2025-11-02 16:20:00.0;nível;8,31
LIMEIRA;352690212H;SP;Rio Tatu;-22,5817;-47,386;9,81;2025-11-02 16:40:00.0;nível;8,46
LIMEIRA;352690212H;SP;Rio Tatu;-22,5817;-47,386;9,81;2025-11-02 17:00:00.0;nível;8,57
LIMEIRA;352690212H;SP;Rio Tatu;-22,5817;-47,386;9,81;2025-11-02 17:10:00.0;chuva;0,00
LIMEIRA;352690212H;SP;Rio Tatu;-22,5817;-47,386;9,81;2025-11-02 17:20:00.0;chuva;0,20
LIMEIRA;352690212H;SP;Rio Tatu;-22,5817;-47,386;9,81;2025-11-02 17:30:00.0;nível;8,70
LIMEIRA;352690212H;SP;Rio Tatu;-22,5817;-47,386;9,81;2025-11-02 17:30:00.0;chuva;0,20
LIMEIRA;352690212H;SP;Rio Tatu;-22,5817;-47,386;9,81;2025-11-02 17:40:00.0;chuva;0,40
LIMEIRA;352690212H;SP;Rio Tatu;-22,5817;-47,386;9,81;2025-11-02 17:50:00.0;chuva;15,40
LIMEIRA;352690212H;SP;Rio Tatu;-22,5817;-47,386;9,81;2025-11-02 18:00:00.0;nível;7,76
LIMEIRA;352690212H;SP;Rio Tatu;-22,5817;-47,386;9,81;2025-11-02 18:00:00.0;chuva;9,20
LIMEIRA;352690212H;SP;Rio Tatu;-22,5817;-47,386;9,81;2025-11-02 18:10:00.0;nível;6,91
LIMEIRA;352690212H;SP;Rio Tatu;-22,5817;-47,386;9,81;2025-11-02 18:10:00.0;chuva;1,60
LIMEIRA;352690212H;SP;Rio Tatu;-22,5817;-47,386;9,81;2025-11-02 18:20:00.0;nível;6,60
LIMEIRA;352690212H;SP;Rio Tatu;-22,5817;-47,386;9,81;2025-11-02 18:20:00.0;chuva;0,40
LIMEIRA;352690212H;SP;Rio Tatu;-22,5817;-47,386;9,81;2025-11-02 18:30:00.0;nível;6,71
LIMEIRA;352690212H;SP;Rio Tatu;-22,5817;-47,386;9,81;2025-11-02 18:30:00.0;chuva;0,80
LIMEIRA;352690212H;SP;Rio Tatu;-22,5817;-47,386;9,81;2025-11-02 18:40:00.0;nível;6,94
LIMEIRA;352690212H;SP;Rio Tatu;-22,5817;-47,386;9,81;2025-11-02 18:40:00.0;chuva;0,20
LIMEIRA;352690212H;SP;Rio Tatu;-22,5817;-47,386;9,81;2025-11-02 18:50:00.0;nível;7,20
LIMEIRA;352690212H;SP;Rio Tatu;-22,5817;-47,386;9,81;2025-11-02 19:00:00.0;nível;7,49
LIMEIRA;352690212H;SP;Rio Tatu;-22,5817;-47,386;9,81;2025-11-02 19:10:00.0;nível;7,75
LIMEIRA;352690212H;SP;Rio Tatu;-22,5817;-47,386;9,81;2025-11-02 19:10:00.0;chuva;0,00
LIMEIRA;352690212H;SP;Rio Tatu;-22,5817;-47,386;9,81;2025-11-02 19:20:00.0;nível;7,91
LIMEIRA;352690212H;SP;Rio Tatu;-22,5817;-47,386;9,81;2025-11-02 19:30:00.0;nível;8,02
LIMEIRA;352690212H;SP;Rio Tatu;-22,5817;-47,386;9,81;2025-11-02 19:50:00.0;nível;8,20
LIMEIRA;352690212H;SP;Rio Tatu;-22,5817;-47,386;9,81;2025-11-02 19:50:00.0;chuva;0,20
LIMEIRA;352690212H;SP;Rio Tatu;-22,5817;-47,386;9,81;2025-11-02 20:00:00.0;nível;8,26
LIMEIRA;352690212H;SP;Rio Tatu;-22,5817;-47,386;9,81;2025-11-02 20:10:00.0;chuva;0,00
LIMEIRA;352690212H;SP;Rio Tatu;-22,5817;-47,386;9,81;2025-11-02 20:20:00.0;nível;8,40
LIMEIRA;352690212H;SP;Rio Tatu;-22,5817;-47,386;9,81;2025-11-02 20:40:00.0;nível;8,50
LIMEIRA;352690212H;SP;Rio Tatu;-22,5817;-47,386;9,81;2025-11-02 21:00:00.0;nível;8,58
LIMEIRA;352690212H;SP;Rio Tatu;-22,5817;-47,386;9,81;2025-11-02 21:10:00.0;chuva;0,00
LIMEIRA;352690212H;SP;Rio Tatu;-22,5817;-47,386;9,81;2025-11-02 22:00:00.0;nível;8,67
LIMEIRA;352690212H;SP;Rio Tatu;-22,5817;-47,386;9,81;2025-11-02 22:10:00.0;chuva;0,00
LIMEIRA;352690212H;SP;Rio Tatu;-22,5817;-47,386;9,81;2025-11-02 23:00:00.0;nível;8,68
LIMEIRA;352690212H;SP;Rio Tatu;-22,5817;-47,386;9,81;2025-11-02 23:10:00.0;chuva;0,00
LIMEIRA;352690212H;SP;Rio Tatu;-22,5817;-47,386;9,81;2025-11-03 00:00:00.0;nível;8,68
LIMEIRA;352690212H;SP;Rio Tatu;-22,5817;-47,386;9,81;2025-11-03 00:10:00.0;chuva;0,00
LIMEIRA;352690212H;SP;Rio Tatu;-22,5817;-47,386;9,81;2025-11-03 01:00:00.0;nível;8,74
LIMEIRA;352690212H;SP;Rio Tatu;-22,5817;-47,386;9,81;2025-11-03 01:10:00.0;chuva;0,00
LIMEIRA;352690212H;SP;Rio Tatu;-22,5817;-47,386;9,81;2025-11-03 02:00:00.0;nível;8,80
LIMEIRA;352690212H;SP;Rio Tatu;-22,5817;-47,386;9,81;2025-11-03 02:10:00.0;chuva;0,20
LIMEIRA;352690212H;SP;Rio Tatu;-22,5817;-47,386;9,81;2025-11-03 03:00:00.0;nível;8,85
LIMEIRA;352690212H;SP;Rio Tatu;-22,5817;-47,386;9,81;2025-11-03 03:10:00.0;chuva;0,00
LIMEIRA;352690212H;SP;Rio Tatu;-22,5817;-47,386;9,81;2025-11-03 04:00:00.0;nível;8,89
LIMEIRA;352690212H;SP;Rio Tatu;-22,5817;-47,386;9,81;2025-11-03 04:10:00.0;chuva;0,00
LIMEIRA;352690212H;SP;Rio Tatu;-22,5817;-47,386;9,81;2025-11-03 05:00:00.0;nível;8,93
LIMEIRA;352690212H;SP;Rio Tatu;-22,5817;-47,386;9,81;2025-11-03 05:10:00.0;chuva;0,00
LIMEIRA;352690212H;SP;Rio Tatu;-22,5817;-47,386;9,81;2025-11-03 06:00:00.0;nível;8,95
LIMEIRA;352690212H;SP;Rio Tatu;-22,5817;-47,386;9,81;2025-11-03 06:10:00.0;chuva;0,00
LIMEIRA;352690212H;SP;Rio Tatu;-22,5817;-47,386;9,81;2025-11-03 07:00:00.0;nível;8,98
LIMEIRA;352690212H;SP;Rio Tatu;-22,5817;-47,386;9,81;2025-11-03 07:10:00.0;chuva;0,00
LIMEIRA;352690212H;SP;Rio Tatu;-22,5817;-47,386;9,81;2025-11-03 07:30:00.0;chuva;0,20
LIMEIRA;352690212H;SP;Rio Tatu;-22,5817;-47,386;9,81;2025-11-03 08:00:00.0;nível;9,02
LIMEIRA;352690212H;SP;Rio Tatu;-22,5817;-47,386;9,81;2025-11-03 08:10:00.0;chuva;0,00
LIMEIRA;352690212H;SP;Rio Tatu;-22,5817;-47,386;9,81;2025-11-03 09:00:00.0;nível;9,05
LIMEIRA;352690212H;SP;Rio Tatu;-22,5817;-47,386;9,81;2025-11-03 09:10:00.0;chuva;0,00
LIMEIRA;352690212H;SP;Rio Tatu;-22,5817;-47,386;9,81;2025-11-03 10:00:00.0;nível;9,08
LIMEIRA;352690212H;SP;Rio Tatu;-22,5817;-47,386;9,81;2025-11-03 10:10:00.0;chuva;0,00
LIMEIRA;352690212H;SP;Rio Tatu;-22,5817;-47,386;9,81;2025-11-03 11:00:00.0;nível;9,10
LIMEIRA;352690212H;SP;Rio Tatu;-22,5817;-47,386;9,81;2025-11-03 11:10:00.0;chuva;0,00
LIMEIRA;352690212H;SP;Rio Tatu;-22,5817;-47,386;9,81;2025-11-03 12:00:00.0;nível;9,11
LIMEIRA;352690212H;SP;Rio Tatu;-22,5817;-47,386;9,81;2025-11-03 12:00:00.0;chuva;0,20
LIMEIRA;352690212H;SP;Rio Tatu;-22,5817;-47,386;9,81;2025-11-03 13:00:00.0;nível;9,12
LIMEIRA;352690212H;SP;Rio Tatu;-22,5817;-47,386;9,81;2025-11-03 13:10:00.0;chuva;0,00
LIMEIRA;352690212H;SP;Rio Tatu;-22,5817;-47,386;9,81;2025-11-03 14:00:00.0;nível;9,14
LIMEIRA;352690212H;SP;Rio Tatu;-22,5817;-47,386;9,81;2025-11-03 14:10:00.0;chuva;0,00
LIMEIRA;352690212H;SP;Rio Tatu;-22,5817;-47,386;9,81;2025-11-03 15:00:00.0;nível;9,14
LIMEIRA;352690212H;SP;Rio Tatu;-22,5817;-47,386;9,81;2025-11-03 15:10:00.0;chuva;0,00
LIMEIRA;352690212H;SP;Rio Tatu;-22,5817;-47,386;9,81;2025-11-03 15:20:00.0;chuva;0,80
LIMEIRA;352690212H;SP;Rio Tatu;-22,5817;-47,386;9,81;2025-11-03 16:00:00.0;nível;9,15
LIMEIRA;352690212H;SP;Rio Tatu;-22,5817;-47,386;9,81;2025-11-03 16:10:00.0;chuva;0,00
LIMEIRA;352690212H;SP;Rio Tatu;-22,5817;-47,386;9,81;2025-11-03 17:00:00.0;nível;9,16
LIMEIRA;352690212H;SP;Rio Tatu;-22,5817;-47,386;9,81;2025-11-03 17:10:00.0;chuva;0,00
LIMEIRA;352690212H;SP;Rio Tatu;-22,5817;-47,386;9,81;2025-11-03 18:00:00.0;nível;9,17
LIMEIRA;352690212H;SP;Rio Tatu;-22,5817;-47,386;9,81;2025-11-03 18:10:00.0;chuva;0,00
LIMEIRA;352690212H;SP;Rio Tatu;-22,5817;-47,386;9,81;2025-11-03 18:20:00.0;chuva;1,80
LIMEIRA;352690212H;SP;Rio Tatu;-22,5817;-47,386;9,81;2025-11-03 19:00:00.0;nível;9,08
LIMEIRA;352690212H;SP;Rio Tatu;-22,5817;-47,386;9,81;2025-11-03 19:10:00.0;nível;8,90
LIMEIRA;352690212H;SP;Rio Tatu;-22,5817;-47,386;9,81;2025-11-03 19:10:00.0;chuva;0,00
LIMEIRA;352690212H;SP;Rio Tatu;-22,5817;-47,386;9,81;2025-11-03 19:40:00.0;chuva;0,20
LIMEIRA;352690212H;SP;Rio Tatu;-22,5817;-47,386;9,81;2025-11-03 20:00:00.0;nível;9,02
LIMEIRA;352690212H;SP;Rio Tatu;-22,5817;-47,386;9,81;2025-11-03 20:10:00.0;chuva;0,00
LIMEIRA;352690212H;SP;Rio Tatu;-22,5817;-47,386;9,81;2025-11-03 21:00:00.0;nível;9,11
LIMEIRA;352690212H;SP;Rio Tatu;-22,5817;-47,386;9,81;2025-11-03 21:10:00.0;chuva;0,00
LIMEIRA;352690212H;SP;Rio Tatu;-22,5817;-47,386;9,81;2025-11-03 21:30:00.0;chuva;2,00
LIMEIRA;352690212H;SP;Rio Tatu;-22,5817;-47,386;9,81;2025-11-03 21:40:00.0;chuva;3,40
LIMEIRA;352690212H;SP;Rio Tatu;-22,5817;-47,386;9,81;2025-11-03 21:50:00.0;nível;8,78
LIMEIRA;352690212H;SP;Rio Tatu;-22,5817;-47,386;9,81;2025-11-03 21:50:00.0;chuva;0,40
LIMEIRA;352690212H;SP;Rio Tatu;-22,5817;-47,386;9,81;2025-11-03 22:00:00.0;nível;8,55
LIMEIRA;352690212H;SP;Rio Tatu;-22,5817;-47,386;9,81;2025-11-03 22:10:00.0;nível;8,42
LIMEIRA;352690212H;SP;Rio Tatu;-22,5817;-47,386;9,81;2025-11-03 22:10:00.0;chuva;0,00
LIMEIRA;352690212H;SP;Rio Tatu;-22,5817;-47,386;9,81;2025-11-03 22:30:00.0;nível;8,56
LIMEIRA;352690212H;SP;Rio Tatu;-22,5817;-47,386;9,81;2025-11-03 22:30:00.0;chuva;0,20
LIMEIRA;352690212H;SP;Rio Tatu;-22,5817;-47,386;9,81;2025-11-03 22:50:00.0;nível;8,71
LIMEIRA;352690212H;SP;Rio Tatu;-22,5817;-47,386;9,81;2025-11-03 23:00:00.0;nível;8,77
LIMEIRA;352690212H;SP;Rio Tatu;-22,5817;-47,386;9,81;2025-11-03 23:10:00.0;chuva;0,00
LIMEIRA;352690212H;SP;Rio Tatu;-22,5817;-47,386;9,81;2025-11-03 23:20:00.0;nível;8,90
LIMEIRA;352690212H;SP;Rio Tatu;-22,5817;-47,386;9,81;2025-11-03 23:40:00.0;nível;9,00
LIMEIRA;352690212H;SP;Rio Tatu;-22,5817;-47,386;9,81;2025-11-04 00:00:00.0;nível;9,07
LIMEIRA;352690212H;SP;Rio Tatu;-22,5817;-47,386;9,81;2025-11-04 00:10:00.0;chuva;0,00
LIMEIRA;352690212H;SP;Rio Tatu;-22,5817;-47,386;9,81;2025-11-04 01:00:00.0;nível;9,10
LIMEIRA;352690212H;SP;Rio Tatu;-22,5817;-47,386;9,81;2025-11-04 01:00:00.0;chuva;0,20
LIMEIRA;352690212H;SP;Rio Tatu;-22,5817;-47,386;9,81;2025-11-04 01:30:00.0;nível;8,96
LIMEIRA;352690212H;SP;Rio Tatu;-22,5817;-47,386;9,81;2025-11-04 01:30:00.0;chuva;0,20
LIMEIRA;352690212H;SP;Rio Tatu;-22,5817;-47,386;9,81;2025-11-04 01:50:00.0;chuva;0,20
LIMEIRA;352690212H;SP;Rio Tatu;-22,5817;-47,386;9,81;2025-11-04 02:00:00.0;nível;8,72
LIMEIRA;352690212H;SP;Rio Tatu;-22,5817;-47,386;9,81;2025-11-04 02:10:00.0;nível;8,31
LIMEIRA;352690212H;SP;Rio Tatu;-22,5817;-47,386;9,81;2025-11-04 02:10:00.0;chuva;0,00
LIMEIRA;352690212H;SP;Rio Tatu;-22,5817;-47,386;9,81;2025-11-04 02:40:00.0;nível;8,47
LIMEIRA;352690212H;SP;Rio Tatu;-22,5817;-47,386;9,81;2025-11-04 02:50:00.0;nível;8,60
LIMEIRA;352690212H;SP;Rio Tatu;-22,5817;-47,386;9,81;2025-11-04 03:00:00.0;nível;8,71
LIMEIRA;352690212H;SP;Rio Tatu;-22,5817;-47,386;9,81;2025-11-04 03:10:00.0;chuva;0,00
LIMEIRA;352690212H;SP;Rio Tatu;-22,5817;-47,386;9,81;2025-11-04 03:20:00.0;nível;8,83
LIMEIRA;352690212H;SP;Rio Tatu;-22,5817;-47,386;9,81;2025-11-04 04:00:00.0;nível;8,94
LIMEIRA;352690212H;SP;Rio Tatu;-22,5817;-47,386;9,81;2025-11-04 04:10:00.0;chuva;0,00
LIMEIRA;352690212H;SP;Rio Tatu;-22,5817;-47,386;9,81;2025-11-04 05:00:00.0;nível;9,02
LIMEIRA;352690212H;SP;Rio Tatu;-22,5817;-47,386;9,81;2025-11-04 05:10:00.0;chuva;0,00
LIMEIRA;352690212H;SP;Rio Tatu;-22,5817;-47,386;9,81;2025-11-04 06:00:00.0;nível;8,94
LIMEIRA;352690212H;SP;Rio Tatu;-22,5817;-47,386;9,81;2025-11-04 06:10:00.0;chuva;0,00
LIMEIRA;352690212H;SP;Rio Tatu;-22,5817;-47,386;9,81;2025-11-04 07:00:00.0;nível;8,87
LIMEIRA;352690212H;SP;Rio Tatu;-22,5817;-47,386;9,81;2025-11-04 07:10:00.0;chuva;0,00
LIMEIRA;352690212H;SP;Rio Tatu;-22,5817;-47,386;9,81;2025-11-04 08:00:00.0;nível;8,91
LIMEIRA;352690212H;SP;Rio Tatu;-22,5817;-47,386;9,81;2025-11-04 08:10:00.0;chuva;0,00
LIMEIRA;352690212H;SP;Rio Tatu;-22,5817;-47,386;9,81;2025-11-04 08:20:00.0;chuva;0,20
LIMEIRA;352690212H;SP;Rio Tatu;-22,5817;-47,386;9,81;2025-11-04 09:00:00.0;nível;8,98
LIMEIRA;352690212H;SP;Rio Tatu;-22,5817;-47,386;9,81;2025-11-04 09:10:00.0;chuva;0,00
LIMEIRA;352690212H;SP;Rio Tatu;-22,5817;-47,386;9,81;2025-11-04 10:00:00.0;nível;9,03
LIMEIRA;352690212H;SP;Rio Tatu;-22,5817;-47,386;9,81;2025-11-04 10:10:00.0;chuva;0,00
LIMEIRA;352690212H;SP;Rio Tatu;-22,5817;-47,386;9,81;2025-11-04 11:00:00.0;nível;9,07
LIMEIRA;352690212H;SP;Rio Tatu;-22,5817;-47,386;9,81;2025-11-04 11:10:00.0;chuva;0,00
LIMEIRA;352690212H;SP;Rio Tatu;-22,5817;-47,386;9,81;2025-11-04 12:00:00.0;nível;9,08
LIMEIRA;352690212H;SP;Rio Tatu;-22,5817;-47,386;9,81;2025-11-04 12:10:00.0;chuva;0,00
LIMEIRA;352690212H;SP;Rio Tatu;-22,5817;-47,386;9,81;2025-11-04 13:00:00.0;nível;9,11
LIMEIRA;352690212H;SP;Rio Tatu;-22,5817;-47,386;9,81;2025-11-04 13:10:00.0;chuva;0,00
LIMEIRA;352690212H;SP;Rio Tatu;-22,5817;-47,386;9,81;2025-11-04 14:00:00.0;nível;9,12
LIMEIRA;352690212H;SP;Rio Tatu;-22,5817;-47,386;9,81;2025-11-04 14:10:00.0;chuva;0,20
LIMEIRA;352690212H;SP;Rio Tatu;-22,5817;-47,386;9,81;2025-11-04 15:00:00.0;nível;9,13
LIMEIRA;352690212H;SP;Rio Tatu;-22,5817;-47,386;9,81;2025-11-04 15:10:00.0;chuva;0,00
LIMEIRA;352690212H;SP;Rio Tatu;-22,5817;-47,386;9,81;2025-11-04 16:00:00.0;nível;9,13
LIMEIRA;352690212H;SP;Rio Tatu;-22,5817;-47,386;9,81;2025-11-04 16:10:00.0;chuva;0,00
LIMEIRA;352690212H;SP;Rio Tatu;-22,5817;-47,386;9,81;2025-11-04 16:40:00.0;chuva;0,20
LIMEIRA;352690212H;SP;Rio Tatu;-22,5817;-47,386;9,81;2025-11-04 16:50:00.0;chuva;9,60
LIMEIRA;352690212H;SP;Rio Tatu;-22,5817;-47,386;9,81;2025-11-04 17:00:00.0;nível;8,56
LIMEIRA;352690212H;SP;Rio Tatu;-22,5817;-47,386;9,81;2025-11-04 17:00:00.0;chuva;6,80
LIMEIRA;352690212H;SP;Rio Tatu;-22,5817;-47,386;9,81;2025-11-04 17:10:00.0;nível;8,06
LIMEIRA;352690212H;SP;Rio Tatu;-22,5817;-47,386;9,81;2025-11-04 17:10:00.0;chuva;0,20
LIMEIRA;352690212H;SP;Rio Tatu;-22,5817;-47,386;9,81;2025-11-04 17:30:00.0;nível;8,18
LIMEIRA;352690212H;SP;Rio Tatu;-22,5817;-47,386;9,81;2025-11-04 17:40:00.0;nível;8,33
LIMEIRA;352690212H;SP;Rio Tatu;-22,5817;-47,386;9,81;2025-11-04 17:40:00.0;chuva;0,20
LIMEIRA;352690212H;SP;Rio Tatu;-22,5817;-47,386;9,81;2025-11-04 17:50:00.0;nível;8,47
LIMEIRA;352690212H;SP;Rio Tatu;-22,5817;-47,386;9,81;2025-11-04 17:50:00.0;chuva;0,40
LIMEIRA;352690212H;SP;Rio Tatu;-22,5817;-47,386;9,81;2025-11-04 18:00:00.0;nível;8,57
LIMEIRA;352690212H;SP;Rio Tatu;-22,5817;-47,386;9,81;2025-11-04 18:00:00.0;chuva;0,20
LIMEIRA;352690212H;SP;Rio Tatu;-22,5817;-47,386;9,81;2025-11-04 18:20:00.0;nível;8,72
LIMEIRA;352690212H;SP;Rio Tatu;-22,5817;-47,386;9,81;2025-11-04 18:40:00.0;nível;8,85
LIMEIRA;352690212H;SP;Rio Tatu;-22,5817;-47,386;9,81;2025-11-04 19:00:00.0;nível;8,95
LIMEIRA;352690212H;SP;Rio Tatu;-22,5817;-47,386;9,81;2025-11-04 19:10:00.0;chuva;0,00
LIMEIRA;352690212H;SP;Rio Tatu;-22,5817;-47,386;9,81;2025-11-04 19:20:00.0;chuva;0,20
LIMEIRA;352690212H;SP;Rio Tatu;-22,5817;-47,386;9,81;2025-11-04 19:30:00.0;nível;9,06
LIMEIRA;352690212H;SP;Rio Tatu;-22,5817;-47,386;9,81;2025-11-04 20:00:00.0;nível;9,11
LIMEIRA;352690212H;SP;Rio Tatu;-22,5817;-47,386;9,81;2025-11-04 20:10:00.0;chuva;0,00
LIMEIRA;352690212H;SP;Rio Tatu;-22,5817;-47,386;9,81;2025-11-04 21:00:00.0;nível;9,15
LIMEIRA;352690212H;SP;Rio Tatu;-22,5817;-47,386;9,81;2025-11-04 21:10:00.0;chuva;0,00
LIMEIRA;352690212H;SP;Rio Tatu;-22,5817;-47,386;9,81;2025-11-04 22:00:00.0;nível;9,17
LIMEIRA;352690212H;SP;Rio Tatu;-22,5817;-47,386;9,81;2025-11-04 22:10:00.0;chuva;0,00
LIMEIRA;352690212H;SP;Rio Tatu;-22,5817;-47,386;9,81;2025-11-04 23:00:00.0;nível;9,18
LIMEIRA;352690212H;SP;Rio Tatu;-22,5817;-47,386;9,81;2025-11-04 23:10:00.0;chuva;0,00
LORENA;352720721H;SP;Rio Mandi;-22,735031;-45,106828;8,07;2025-11-01 00:00:00.0;nível;7,69
LORENA;352720721H;SP;Rio Mandi;-22,735031;-45,106828;8,07;2025-11-01 00:10:00.0;chuva;0,00
LORENA;352720721H;SP;Rio Mandi;-22,735031;-45,106828;8,07;2025-11-01 01:00:00.0;nível;7,69
LORENA;352720721H;SP;Rio Mandi;-22,735031;-45,106828;8,07;2025-11-01 01:10:00.0;chuva;0,00
LORENA;352720721H;SP;Rio Mandi;-22,735031;-45,106828;8,07;2025-11-01 02:00:00.0;nível;7,69
LORENA;352720721H;SP;Rio Mandi;-22,735031;-45,106828;8,07;2025-11-01 02:10:00.0;chuva;0,00
LORENA;352720721H;SP;Rio Mandi;-22,735031;-45,106828;8,07;2025-11-01 03:00:00.0;nível;7,69
LORENA;352720721H;SP;Rio Mandi;-22,735031;-45,106828;8,07;2025-11-01 03:10:00.0;chuva;0,00
LORENA;352720721H;SP;Rio Mandi;-22,735031;-45,106828;8,07;2025-11-01 04:00:00.0;nível;7,69
LORENA;352720721H;SP;Rio Mandi;-22,735031;-45,106828;8,07;2025-11-01 04:10:00.0;chuva;0,00
LORENA;352720721H;SP;Rio Mandi;-22,735031;-45,106828;8,07;2025-11-01 05:00:00.0;nível;7,69
LORENA;352720721H;SP;Rio Mandi;-22,735031;-45,106828;8,07;2025-11-01 05:10:00.0;chuva;0,00
LORENA;352720721H;SP;Rio Mandi;-22,735031;-45,106828;8,07;2025-11-01 06:00:00.0;nível;7,69
LORENA;352720721H;SP;Rio Mandi;-22,735031;-45,106828;8,07;2025-11-01 06:10:00.0;chuva;0,00
LORENA;352720721H;SP;Rio Mandi;-22,735031;-45,106828;8,07;2025-11-01 07:00:00.0;nível;7,69
LORENA;352720721H;SP;Rio Mandi;-22,735031;-45,106828;8,07;2025-11-01 07:10:00.0;chuva;0,00
LORENA;352720721H;SP;Rio Mandi;-22,735031;-45,106828;8,07;2025-11-01 08:00:00.0;nível;7,69
LORENA;352720721H;SP;Rio Mandi;-22,735031;-45,106828;8,07;2025-11-01 08:10:00.0;chuva;0,00
LORENA;352720721H;SP;Rio Mandi;-22,735031;-45,106828;8,07;2025-11-01 09:00:00.0;nível;7,69
LORENA;352720721H;SP;Rio Mandi;-22,735031;-45,106828;8,07;2025-11-01 09:10:00.0;chuva;0,00
LORENA;352720721H;SP;Rio Mandi;-22,735031;-45,106828;8,07;2025-11-01 10:00:00.0;nível;7,69
LORENA;352720721H;SP;Rio Mandi;-22,735031;-45,106828;8,07;2025-11-01 10:10:00.0;chuva;0,00
LORENA;352720721H;SP;Rio Mandi;-22,735031;-45,106828;8,07;2025-11-01 11:00:00.0;nível;7,69
LORENA;352720721H;SP;Rio Mandi;-22,735031;-45,106828;8,07;2025-11-01 11:10:00.0;chuva;0,00
LORENA;352720721H;SP;Rio Mandi;-22,735031;-45,106828;8,07;2025-11-01 12:00:00.0;nível;7,69
LORENA;352720721H;SP;Rio Mandi;-22,735031;-45,106828;8,07;2025-11-01 12:10:00.0;chuva;0,00
LORENA;352720721H;SP;Rio Mandi;-22,735031;-45,106828;8,07;2025-11-01 13:00:00.0;nível;7,69
LORENA;352720721H;SP;Rio Mandi;-22,735031;-45,106828;8,07;2025-11-01 13:10:00.0;chuva;0,00
LORENA;352720721H;SP;Rio Mandi;-22,735031;-45,106828;8,07;2025-11-01 14:00:00.0;nível;7,69
LORENA;352720721H;SP;Rio Mandi;-22,735031;-45,106828;8,07;2025-11-01 14:10:00.0;chuva;0,00
LORENA;352720721H;SP;Rio Mandi;-22,735031;-45,106828;8,07;2025-11-01 15:00:00.0;nível;7,69
LORENA;352720721H;SP;Rio Mandi;-22,735031;-45,106828;8,07;2025-11-01 15:10:00.0;chuva;0,00
LORENA;352720721H;SP;Rio Mandi;-22,735031;-45,106828;8,07;2025-11-01 16:00:00.0;nível;7,69
LORENA;352720721H;SP;Rio Mandi;-22,735031;-45,106828;8,07;2025-11-01 16:10:00.0;chuva;0,00
LORENA;352720721H;SP;Rio Mandi;-22,735031;-45,106828;8,07;2025-11-01 17:00:00.0;nível;7,69
LORENA;352720721H;SP;Rio Mandi;-22,735031;-45,106828;8,07;2025-11-01 17:10:00.0;chuva;0,00
LORENA;352720721H;SP;Rio Mandi;-22,735031;-45,106828;8,07;2025-11-01 18:00:00.0;nível;7,69
LORENA;352720721H;SP;Rio Mandi;-22,735031;-45,106828;8,07;2025-11-01 18:10:00.0;chuva;0,00
LORENA;352720721H;SP;Rio Mandi;-22,735031;-45,106828;8,07;2025-11-01 19:00:00.0;nível;7,69
LORENA;352720721H;SP;Rio Mandi;-22,735031;-45,106828;8,07;2025-11-01 19:10:00.0;chuva;0,00
LORENA;352720721H;SP;Rio Mandi;-22,735031;-45,106828;8,07;2025-11-01 20:00:00.0;nível;7,69
LORENA;352720721H;SP;Rio Mandi;-22,735031;-45,106828;8,07;2025-11-01 20:10:00.0;chuva;0,60
LORENA;352720721H;SP;Rio Mandi;-22,735031;-45,106828;8,07;2025-11-01 21:00:00.0;nível;7,69
LORENA;352720721H;SP;Rio Mandi;-22,735031;-45,106828;8,07;2025-11-01 21:10:00.0;chuva;0,00
LORENA;352720721H;SP;Rio Mandi;-22,735031;-45,106828;8,07;2025-11-01 21:20:00.0;chuva;0,20
LORENA;352720721H;SP;Rio Mandi;-22,735031;-45,106828;8,07;2025-11-01 22:00:00.0;nível;7,69
LORENA;352720721H;SP;Rio Mandi;-22,735031;-45,106828;8,07;2025-11-01 22:10:00.0;chuva;0,00
LORENA;352720721H;SP;Rio Mandi;-22,735031;-45,106828;8,07;2025-11-01 23:00:00.0;nível;7,69
LORENA;352720721H;SP;Rio Mandi;-22,735031;-45,106828;8,07;2025-11-01 23:10:00.0;chuva;0,00
LORENA;352720721H;SP;Rio Mandi;-22,735031;-45,106828;8,07;2025-11-02 00:00:00.0;nível;7,69
LORENA;352720721H;SP;Rio Mandi;-22,735031;-45,106828;8,07;2025-11-02 00:10:00.0;chuva;0,00
LORENA;352720721H;SP;Rio Mandi;-22,735031;-45,106828;8,07;2025-11-02 01:00:00.0;nível;7,69
LORENA;352720721H;SP;Rio Mandi;-22,735031;-45,106828;8,07;2025-11-02 01:10:00.0;chuva;0,00
LORENA;352720721H;SP;Rio Mandi;-22,735031;-45,106828;8,07;2025-11-02 02:00:00.0;nível;7,69
LORENA;352720721H;SP;Rio Mandi;-22,735031;-45,106828;8,07;2025-11-02 02:10:00.0;chuva;0,00
LORENA;352720721H;SP;Rio Mandi;-22,735031;-45,106828;8,07;2025-11-02 03:00:00.0;nível;7,69
LORENA;352720721H;SP;Rio Mandi;-22,735031;-45,106828;8,07;2025-11-02 03:10:00.0;chuva;0,00
LORENA;352720721H;SP;Rio Mandi;-22,735031;-45,106828;8,07;2025-11-02 04:00:00.0;nível;7,69
LORENA;352720721H;SP;Rio Mandi;-22,735031;-45,106828;8,07;2025-11-02 04:10:00.0;chuva;0,00
LORENA;352720721H;SP;Rio Mandi;-22,735031;-45,106828;8,07;2025-11-02 05:00:00.0;nível;7,69
LORENA;352720721H;SP;Rio Mandi;-22,735031;-45,106828;8,07;2025-11-02 05:10:00.0;chuva;0,00
LORENA;352720721H;SP;Rio Mandi;-22,735031;-45,106828;8,07;2025-11-02 06:00:00.0;nível;7,69
LORENA;352720721H;SP;Rio Mandi;-22,735031;-45,106828;8,07;2025-11-02 06:10:00.0;chuva;0,00
LORENA;352720721H;SP;Rio Mandi;-22,735031;-45,106828;8,07;2025-11-02 07:00:00.0;nível;7,69
LORENA;352720721H;SP;Rio Mandi;-22,735031;-45,106828;8,07;2025-11-02 07:10:00.0;chuva;0,00
LORENA;352720721H;SP;Rio Mandi;-22,735031;-45,106828;8,07;2025-11-02 08:00:00.0;nível;7,69
LORENA;352720721H;SP;Rio Mandi;-22,735031;-45,106828;8,07;2025-11-02 08:10:00.0;chuva;0,00
LORENA;352720721H;SP;Rio Mandi;-22,735031;-45,106828;8,07;2025-11-02 08:40:00.0;chuva;0,20
LORENA;352720721H;SP;Rio Mandi;-22,735031;-45,106828;8,07;2025-11-02 08:50:00.0;chuva;0,40
LORENA;352720721H;SP;Rio Mandi;-22,735031;-45,106828;8,07;2025-11-02 09:00:00.0;nível;7,69
LORENA;352720721H;SP;Rio Mandi;-22,735031;-45,106828;8,07;2025-11-02 09:10:00.0;chuva;0,20
LORENA;352720721H;SP;Rio Mandi;-22,735031;-45,106828;8,07;2025-11-02 10:00:00.0;nível;7,69
LORENA;352720721H;SP;Rio Mandi;-22,735031;-45,106828;8,07;2025-11-02 10:10:00.0;chuva;0,00
LORENA;352720721H;SP;Rio Mandi;-22,735031;-45,106828;8,07;2025-11-02 10:30:00.0;chuva;0,20
LORENA;352720721H;SP;Rio Mandi;-22,735031;-45,106828;8,07;2025-11-02 11:00:00.0;nível;7,69
LORENA;352720721H;SP;Rio Mandi;-22,735031;-45,106828;8,07;2025-11-02 11:10:00.0;chuva;0,00
LORENA;352720721H;SP;Rio Mandi;-22,735031;-45,106828;8,07;2025-11-02 12:00:00.0;nível;7,69
LORENA;352720721H;SP;Rio Mandi;-22,735031;-45,106828;8,07;2025-11-02 12:10:00.0;chuva;0,00
LORENA;352720721H;SP;Rio Mandi;-22,735031;-45,106828;8,07;2025-11-02 13:00:00.0;nível;7,69
LORENA;352720721H;SP;Rio Mandi;-22,735031;-45,106828;8,07;2025-11-02 13:10:00.0;chuva;0,80
LORENA;352720721H;SP;Rio Mandi;-22,735031;-45,106828;8,07;2025-11-02 13:20:00.0;chuva;1,00
LORENA;352720721H;SP;Rio Mandi;-22,735031;-45,106828;8,07;2025-11-02 13:30:00.0;chuva;0,60
LORENA;352720721H;SP;Rio Mandi;-22,735031;-45,106828;8,07;2025-11-02 13:40:00.0;chuva;0,40
LORENA;352720721H;SP;Rio Mandi;-22,735031;-45,106828;8,07;2025-11-02 13:50:00.0;chuva;0,60
LORENA;352720721H;SP;Rio Mandi;-22,735031;-45,106828;8,07;2025-11-02 14:00:00.0;nível;7,69
LORENA;352720721H;SP;Rio Mandi;-22,735031;-45,106828;8,07;2025-11-02 14:00:00.0;chuva;0,20
LORENA;352720721H;SP;Rio Mandi;-22,735031;-45,106828;8,07;2025-11-02 14:10:00.0;chuva;0,20
LORENA;352720721H;SP;Rio Mandi;-22,735031;-45,106828;8,07;2025-11-02 14:20:00.0;chuva;0,20
LORENA;352720721H;SP;Rio Mandi;-22,735031;-45,106828;8,07;2025-11-02 14:30:00.0;chuva;0,20
LORENA;352720721H;SP;Rio Mandi;-22,735031;-45,106828;8,07;2025-11-02 14:50:00.0;chuva;0,20
LORENA;352720721H;SP;Rio Mandi;-22,735031;-45,106828;8,07;2025-11-02 15:00:00.0;nível;7,69
LORENA;352720721H;SP;Rio Mandi;-22,735031;-45,106828;8,07;2025-11-02 15:10:00.0;chuva;0,00
LORENA;352720721H;SP;Rio Mandi;-22,735031;-45,106828;8,07;2025-11-02 15:20:00.0;chuva;0,20
LORENA;352720721H;SP;Rio Mandi;-22,735031;-45,106828;8,07;2025-11-02 15:30:00.0;chuva;0,20
LORENA;352720721H;SP;Rio Mandi;-22,735031;-45,106828;8,07;2025-11-02 15:40:00.0;chuva;0,20
LORENA;352720721H;SP;Rio Mandi;-22,735031;-45,106828;8,07;2025-11-02 15:50:00.0;chuva;0,20
LORENA;352720721H;SP;Rio Mandi;-22,735031;-45,106828;8,07;2025-11-02 16:00:00.0;nível;7,69
LORENA;352720721H;SP;Rio Mandi;-22,735031;-45,106828;8,07;2025-11-02 16:10:00.0;chuva;0,00
LORENA;352720721H;SP;Rio Mandi;-22,735031;-45,106828;8,07;2025-11-02 16:30:00.0;chuva;0,20
LORENA;352720721H;SP;Rio Mandi;-22,735031;-45,106828;8,07;2025-11-02 16:40:00.0;chuva;0,20
LORENA;352720721H;SP;Rio Mandi;-22,735031;-45,106828;8,07;2025-11-02 16:50:00.0;chuva;0,20
LORENA;352720721H;SP;Rio Mandi;-22,735031;-45,106828;8,07;2025-11-02 17:00:00.0;nível;7,69
LORENA;352720721H;SP;Rio Mandi;-22,735031;-45,106828;8,07;2025-11-02 17:00:00.0;chuva;0,40
LORENA;352720721H;SP;Rio Mandi;-22,735031;-45,106828;8,07;2025-11-02 17:10:00.0;chuva;0,20
LORENA;352720721H;SP;Rio Mandi;-22,735031;-45,106828;8,07;2025-11-02 17:20:00.0;chuva;0,20
LORENA;352720721H;SP;Rio Mandi;-22,735031;-45,106828;8,07;2025-11-02 17:30:00.0;chuva;0,20
LORENA;352720721H;SP;Rio Mandi;-22,735031;-45,106828;8,07;2025-11-02 17:40:00.0;chuva;0,20
LORENA;352720721H;SP;Rio Mandi;-22,735031;-45,106828;8,07;2025-11-02 17:50:00.0;chuva;0,40
LORENA;352720721H;SP;Rio Mandi;-22,735031;-45,106828;8,07;2025-11-02 18:00:00.0;nível;7,69
LORENA;352720721H;SP;Rio Mandi;-22,735031;-45,106828;8,07;2025-11-02 18:00:00.0;chuva;0,40
LORENA;352720721H;SP;Rio Mandi;-22,735031;-45,106828;8,07;2025-11-02 18:10:00.0;chuva;0,20
LORENA;352720721H;SP;Rio Mandi;-22,735031;-45,106828;8,07;2025-11-02 18:30:00.0;chuva;0,20
LORENA;352720721H;SP;Rio Mandi;-22,735031;-45,106828;8,07;2025-11-02 18:50:00.0;chuva;0,20
LORENA;352720721H;SP;Rio Mandi;-22,735031;-45,106828;8,07;2025-11-02 19:00:00.0;nível;7,69
LORENA;352720721H;SP;Rio Mandi;-22,735031;-45,106828;8,07;2025-11-02 19:00:00.0;chuva;0,20
LORENA;352720721H;SP;Rio Mandi;-22,735031;-45,106828;8,07;2025-11-02 19:10:00.0;chuva;0,00
LORENA;352720721H;SP;Rio Mandi;-22,735031;-45,106828;8,07;2025-11-02 20:00:00.0;nível;7,69
LORENA;352720721H;SP;Rio Mandi;-22,735031;-45,106828;8,07;2025-11-02 20:10:00.0;chuva;0,00
LORENA;352720721H;SP;Rio Mandi;-22,735031;-45,106828;8,07;2025-11-02 21:00:00.0;nível;7,69
LORENA;352720721H;SP;Rio Mandi;-22,735031;-45,106828;8,07;2025-11-02 21:10:00.0;chuva;0,00
LORENA;352720721H;SP;Rio Mandi;-22,735031;-45,106828;8,07;2025-11-02 22:00:00.0;nível;7,69
LORENA;352720721H;SP;Rio Mandi;-22,735031;-45,106828;8,07;2025-11-02 22:10:00.0;chuva;0,00
LORENA;352720721H;SP;Rio Mandi;-22,735031;-45,106828;8,07;2025-11-02 23:00:00.0;nível;7,69
LORENA;352720721H;SP;Rio Mandi;-22,735031;-45,106828;8,07;2025-11-02 23:10:00.0;chuva;0,00
LORENA;352720721H;SP;Rio Mandi;-22,735031;-45,106828;8,07;2025-11-03 00:00:00.0;nível;7,69
LORENA;352720721H;SP;Rio Mandi;-22,735031;-45,106828;8,07;2025-11-03 00:00:00.0;chuva;0,20
LORENA;352720721H;SP;Rio Mandi;-22,735031;-45,106828;8,07;2025-11-03 00:10:00.0;chuva;0,00
LORENA;352720721H;SP;Rio Mandi;-22,735031;-45,106828;8,07;2025-11-03 01:00:00.0;nível;7,69
LORENA;352720721H;SP;Rio Mandi;-22,735031;-45,106828;8,07;2025-11-03 01:10:00.0;chuva;0,00
LORENA;352720721H;SP;Rio Mandi;-22,735031;-45,106828;8,07;2025-11-03 02:00:00.0;nível;7,69
LORENA;352720721H;SP;Rio Mandi;-22,735031;-45,106828;8,07;2025-11-03 02:10:00.0;chuva;0,00
LORENA;352720721H;SP;Rio Mandi;-22,735031;-45,106828;8,07;2025-11-03 03:00:00.0;nível;7,69
LORENA;352720721H;SP;Rio Mandi;-22,735031;-45,106828;8,07;2025-11-03 03:10:00.0;chuva;0,00
LORENA;352720721H;SP;Rio Mandi;-22,735031;-45,106828;8,07;2025-11-03 04:00:00.0;nível;7,69
LORENA;352720721H;SP;Rio Mandi;-22,735031;-45,106828;8,07;2025-11-03 04:10:00.0;chuva;0,00
LORENA;352720721H;SP;Rio Mandi;-22,735031;-45,106828;8,07;2025-11-03 05:00:00.0;nível;7,69
LORENA;352720721H;SP;Rio Mandi;-22,735031;-45,106828;8,07;2025-11-03 05:10:00.0;chuva;0,00
LORENA;352720721H;SP;Rio Mandi;-22,735031;-45,106828;8,07;2025-11-03 06:00:00.0;nível;7,69
LORENA;352720721H;SP;Rio Mandi;-22,735031;-45,106828;8,07;2025-11-03 06:10:00.0;chuva;0,00
LORENA;352720721H;SP;Rio Mandi;-22,735031;-45,106828;8,07;2025-11-03 07:00:00.0;nível;7,69
LORENA;352720721H;SP;Rio Mandi;-22,735031;-45,106828;8,07;2025-11-03 07:10:00.0;chuva;0,00
LORENA;352720721H;SP;Rio Mandi;-22,735031;-45,106828;8,07;2025-11-03 08:00:00.0;nível;7,69
LORENA;352720721H;SP;Rio Mandi;-22,735031;-45,106828;8,07;2025-11-03 08:10:00.0;chuva;0,00
LORENA;352720721H;SP;Rio Mandi;-22,735031;-45,106828;8,07;2025-11-03 09:00:00.0;nível;7,69
LORENA;352720721H;SP;Rio Mandi;-22,735031;-45,106828;8,07;2025-11-03 09:10:00.0;chuva;0,00
LORENA;352720721H;SP;Rio Mandi;-22,735031;-45,106828;8,07;2025-11-03 10:00:00.0;nível;7,69
LORENA;352720721H;SP;Rio Mandi;-22,735031;-45,106828;8,07;2025-11-03 10:10:00.0;chuva;0,00
LORENA;352720721H;SP;Rio Mandi;-22,735031;-45,106828;8,07;2025-11-03 11:00:00.0;nível;7,69
LORENA;352720721H;SP;Rio Mandi;-22,735031;-45,106828;8,07;2025-11-03 11:10:00.0;chuva;0,00
LORENA;352720721H;SP;Rio Mandi;-22,735031;-45,106828;8,07;2025-11-03 12:00:00.0;nível;7,69
LORENA;352720721H;SP;Rio Mandi;-22,735031;-45,106828;8,07;2025-11-03 12:10:00.0;chuva;0,00
LORENA;352720721H;SP;Rio Mandi;-22,735031;-45,106828;8,07;2025-11-03 13:00:00.0;nível;7,69
LORENA;352720721H;SP;Rio Mandi;-22,735031;-45,106828;8,07;2025-11-03 13:10:00.0;chuva;0,00
LORENA;352720721H;SP;Rio Mandi;-22,735031;-45,106828;8,07;2025-11-03 14:00:00.0;nível;7,69
LORENA;352720721H;SP;Rio Mandi;-22,735031;-45,106828;8,07;2025-11-03 14:10:00.0;chuva;0,00
LORENA;352720721H;SP;Rio Mandi;-22,735031;-45,106828;8,07;2025-11-03 15:00:00.0;nível;7,69
LORENA;352720721H;SP;Rio Mandi;-22,735031;-45,106828;8,07;2025-11-03 15:10:00.0;chuva;0,00
LORENA;352720721H;SP;Rio Mandi;-22,735031;-45,106828;8,07;2025-11-03 16:00:00.0;nível;7,69
LORENA;352720721H;SP;Rio Mandi;-22,735031;-45,106828;8,07;2025-11-03 16:10:00.0;chuva;0,00
LORENA;352720721H;SP;Rio Mandi;-22,735031;-45,106828;8,07;2025-11-03 17:00:00.0;nível;7,69
LORENA;352720721H;SP;Rio Mandi;-22,735031;-45,106828;8,07;2025-11-03 17:10:00.0;chuva;0,00
LORENA;352720721H;SP;Rio Mandi;-22,735031;-45,106828;8,07;2025-11-03 18:00:00.0;nível;7,69
LORENA;352720721H;SP;Rio Mandi;-22,735031;-45,106828;8,07;2025-11-03 18:10:00.0;chuva;0,00
LORENA;352720721H;SP;Rio Mandi;-22,735031;-45,106828;8,07;2025-11-03 19:00:00.0;nível;7,69
LORENA;352720721H;SP;Rio Mandi;-22,735031;-45,106828;8,07;2025-11-03 19:10:00.0;chuva;0,00
LORENA;352720721H;SP;Rio Mandi;-22,735031;-45,106828;8,07;2025-11-03 20:00:00.0;nível;7,69
LORENA;352720721H;SP;Rio Mandi;-22,735031;-45,106828;8,07;2025-11-03 20:10:00.0;chuva;0,00
LORENA;352720721H;SP;Rio Mandi;-22,735031;-45,106828;8,07;2025-11-03 20:30:00.0;chuva;0,20
LORENA;352720721H;SP;Rio Mandi;-22,735031;-45,106828;8,07;2025-11-03 21:00:00.0;nível;7,69
LORENA;352720721H;SP;Rio Mandi;-22,735031;-45,106828;8,07;2025-11-03 21:10:00.0;chuva;0,00
LORENA;352720721H;SP;Rio Mandi;-22,735031;-45,106828;8,07;2025-11-03 22:00:00.0;nível;7,69
LORENA;352720721H;SP;Rio Mandi;-22,735031;-45,106828;8,07;2025-11-03 22:10:00.0;chuva;0,00
LORENA;352720721H;SP;Rio Mandi;-22,735031;-45,106828;8,07;2025-11-03 23:00:00.0;nível;7,69
LORENA;352720721H;SP;Rio Mandi;-22,735031;-45,106828;8,07;2025-11-03 23:10:00.0;chuva;0,00
LORENA;352720721H;SP;Rio Mandi;-22,735031;-45,106828;8,07;2025-11-04 00:00:00.0;nível;7,69
LORENA;352720721H;SP;Rio Mandi;-22,735031;-45,106828;8,07;2025-11-04 00:10:00.0;chuva;0,00
LORENA;352720721H;SP;Rio Mandi;-22,735031;-45,106828;8,07;2025-11-04 01:00:00.0;nível;7,69
LORENA;352720721H;SP;Rio Mandi;-22,735031;-45,106828;8,07;2025-11-04 01:10:00.0;chuva;0,00
LORENA;352720721H;SP;Rio Mandi;-22,735031;-45,106828;8,07;2025-11-04 02:00:00.0;nível;7,69
LORENA;352720721H;SP;Rio Mandi;-22,735031;-45,106828;8,07;2025-11-04 02:10:00.0;chuva;0,00
LORENA;352720721H;SP;Rio Mandi;-22,735031;-45,106828;8,07;2025-11-04 03:00:00.0;nível;7,69
LORENA;352720721H;SP;Rio Mandi;-22,735031;-45,106828;8,07;2025-11-04 03:10:00.0;chuva;0,00
LORENA;352720721H;SP;Rio Mandi;-22,735031;-45,106828;8,07;2025-11-04 04:00:00.0;nível;7,69
LORENA;352720721H;SP;Rio Mandi;-22,735031;-45,106828;8,07;2025-11-04 04:10:00.0;chuva;0,00
LORENA;352720721H;SP;Rio Mandi;-22,735031;-45,106828;8,07;2025-11-04 05:00:00.0;nível;7,69
LORENA;352720721H;SP;Rio Mandi;-22,735031;-45,106828;8,07;2025-11-04 05:10:00.0;chuva;0,00
LORENA;352720721H;SP;Rio Mandi;-22,735031;-45,106828;8,07;2025-11-04 06:00:00.0;nível;7,69
LORENA;352720721H;SP;Rio Mandi;-22,735031;-45,106828;8,07;2025-11-04 06:10:00.0;chuva;0,00
LORENA;352720721H;SP;Rio Mandi;-22,735031;-45,106828;8,07;2025-11-04 07:00:00.0;nível;7,69
LORENA;352720721H;SP;Rio Mandi;-22,735031;-45,106828;8,07;2025-11-04 07:10:00.0;chuva;0,00
LORENA;352720721H;SP;Rio Mandi;-22,735031;-45,106828;8,07;2025-11-04 08:00:00.0;nível;7,69
LORENA;352720721H;SP;Rio Mandi;-22,735031;-45,106828;8,07;2025-11-04 08:10:00.0;chuva;0,00
LORENA;352720721H;SP;Rio Mandi;-22,735031;-45,106828;8,07;2025-11-04 09:00:00.0;nível;7,69
LORENA;352720721H;SP;Rio Mandi;-22,735031;-45,106828;8,07;2025-11-04 09:10:00.0;chuva;0,00
LORENA;352720721H;SP;Rio Mandi;-22,735031;-45,106828;8,07;2025-11-04 10:00:00.0;nível;7,69
LORENA;352720721H;SP;Rio Mandi;-22,735031;-45,106828;8,07;2025-11-04 10:10:00.0;chuva;0,00
LORENA;352720721H;SP;Rio Mandi;-22,735031;-45,106828;8,07;2025-11-04 11:00:00.0;nível;7,69
LORENA;352720721H;SP;Rio Mandi;-22,735031;-45,106828;8,07;2025-11-04 11:10:00.0;chuva;0,00
LORENA;352720721H;SP;Rio Mandi;-22,735031;-45,106828;8,07;2025-11-04 12:00:00.0;nível;7,69
LORENA;352720721H;SP;Rio Mandi;-22,735031;-45,106828;8,07;2025-11-04 12:10:00.0;chuva;0,00
LORENA;352720721H;SP;Rio Mandi;-22,735031;-45,106828;8,07;2025-11-04 13:00:00.0;nível;7,69
LORENA;352720721H;SP;Rio Mandi;-22,735031;-45,106828;8,07;2025-11-04 13:10:00.0;chuva;0,00
LORENA;352720721H;SP;Rio Mandi;-22,735031;-45,106828;8,07;2025-11-04 14:00:00.0;nível;7,69
LORENA;352720721H;SP;Rio Mandi;-22,735031;-45,106828;8,07;2025-11-04 14:10:00.0;chuva;0,00
LORENA;352720721H;SP;Rio Mandi;-22,735031;-45,106828;8,07;2025-11-04 15:00:00.0;nível;7,69
LORENA;352720721H;SP;Rio Mandi;-22,735031;-45,106828;8,07;2025-11-04 15:10:00.0;chuva;0,00
LORENA;352720721H;SP;Rio Mandi;-22,735031;-45,106828;8,07;2025-11-04 16:00:00.0;nível;7,69
LORENA;352720721H;SP;Rio Mandi;-22,735031;-45,106828;8,07;2025-11-04 16:10:00.0;chuva;0,00
LORENA;352720721H;SP;Rio Mandi;-22,735031;-45,106828;8,07;2025-11-04 17:00:00.0;nível;7,69
LORENA;352720721H;SP;Rio Mandi;-22,735031;-45,106828;8,07;2025-11-04 17:10:00.0;chuva;0,00
LORENA;352720721H;SP;Rio Mandi;-22,735031;-45,106828;8,07;2025-11-04 18:00:00.0;nível;7,69
LORENA;352720721H;SP;Rio Mandi;-22,735031;-45,106828;8,07;2025-11-04 18:10:00.0;chuva;0,00
LORENA;352720721H;SP;Rio Mandi;-22,735031;-45,106828;8,07;2025-11-04 19:00:00.0;nível;7,69
LORENA;352720721H;SP;Rio Mandi;-22,735031;-45,106828;8,07;2025-11-04 19:10:00.0;chuva;0,00
LORENA;352720721H;SP;Rio Mandi;-22,735031;-45,106828;8,07;2025-11-04 20:00:00.0;nível;7,69
LORENA;352720721H;SP;Rio Mandi;-22,735031;-45,106828;8,07;2025-11-04 20:10:00.0;chuva;0,00
LORENA;352720721H;SP;Rio Mandi;-22,735031;-45,106828;8,07;2025-11-04 21:00:00.0;nível;7,69
LORENA;352720721H;SP;Rio Mandi;-22,735031;-45,106828;8,07;2025-11-04 21:10:00.0;chuva;0,00
LORENA;352720721H;SP;Rio Mandi;-22,735031;-45,106828;8,07;2025-11-04 22:00:00.0;nível;7,69
LORENA;352720721H;SP;Rio Mandi;-22,735031;-45,106828;8,07;2025-11-04 22:10:00.0;chuva;0,00
LORENA;352720721H;SP;Rio Mandi;-22,735031;-45,106828;8,07;2025-11-04 23:00:00.0;nível;7,69
LORENA;352720721H;SP;Rio Mandi;-22,735031;-45,106828;8,07;2025-11-04 23:10:00.0;chuva;0,20
LORENA;352720721H;SP;Rio Mandi;-22,735031;-45,106828;8,07;2025-11-04 23:20:00.0;chuva;1,00
LORENA;352720721H;SP;Rio Mandi;-22,735031;-45,106828;8,07;2025-11-04 23:30:00.0;chuva;0,20
OSASCO;353440122H;SP;Corrego Bussocaba;-23,547223;-46,773881;7,71;2025-11-01 00:00:00.0;nível;35,00
OSASCO;353440122H;SP;Corrego Bussocaba;-23,547223;-46,773881;7,71;2025-11-01 00:10:00.0;chuva;0,00
OSASCO;353440122H;SP;Corrego Bussocaba;-23,547223;-46,773881;7,71;2025-11-01 01:00:00.0;nível;35,00
OSASCO;353440122H;SP;Corrego Bussocaba;-23,547223;-46,773881;7,71;2025-11-01 01:10:00.0;chuva;0,00
OSASCO;353440122H;SP;Corrego Bussocaba;-23,547223;-46,773881;7,71;2025-11-01 02:00:00.0;nível;35,00
OSASCO;353440122H;SP;Corrego Bussocaba;-23,547223;-46,773881;7,71;2025-11-01 02:10:00.0;chuva;0,00
OSASCO;353440122H;SP;Corrego Bussocaba;-23,547223;-46,773881;7,71;2025-11-01 10:00:00.0;nível;35,00
OSASCO;353440122H;SP;Corrego Bussocaba;-23,547223;-46,773881;7,71;2025-11-01 10:10:00.0;chuva;0,00
OSASCO;353440122H;SP;Corrego Bussocaba;-23,547223;-46,773881;7,71;2025-11-01 11:00:00.0;nível;35,00
OSASCO;353440122H;SP;Corrego Bussocaba;-23,547223;-46,773881;7,71;2025-11-01 11:10:00.0;chuva;0,00
OSASCO;353440122H;SP;Corrego Bussocaba;-23,547223;-46,773881;7,71;2025-11-01 12:00:00.0;nível;35,00
OSASCO;353440122H;SP;Corrego Bussocaba;-23,547223;-46,773881;7,71;2025-11-01 12:10:00.0;chuva;0,00
OSASCO;353440122H;SP;Corrego Bussocaba;-23,547223;-46,773881;7,71;2025-11-01 13:00:00.0;nível;35,00
OSASCO;353440122H;SP;Corrego Bussocaba;-23,547223;-46,773881;7,71;2025-11-01 13:10:00.0;chuva;0,00
OSASCO;353440122H;SP;Corrego Bussocaba;-23,547223;-46,773881;7,71;2025-11-01 14:00:00.0;nível;35,00
OSASCO;353440122H;SP;Corrego Bussocaba;-23,547223;-46,773881;7,71;2025-11-01 14:10:00.0;chuva;0,00
OSASCO;353440122H;SP;Corrego Bussocaba;-23,547223;-46,773881;7,71;2025-11-01 15:00:00.0;nível;35,00
OSASCO;353440122H;SP;Corrego Bussocaba;-23,547223;-46,773881;7,71;2025-11-01 15:10:00.0;chuva;0,00
OSASCO;353440122H;SP;Corrego Bussocaba;-23,547223;-46,773881;7,71;2025-11-01 16:00:00.0;nível;35,00
OSASCO;353440122H;SP;Corrego Bussocaba;-23,547223;-46,773881;7,71;2025-11-01 16:10:00.0;chuva;0,00
OSASCO;353440122H;SP;Corrego Bussocaba;-23,547223;-46,773881;7,71;2025-11-01 17:00:00.0;nível;35,00
OSASCO;353440122H;SP;Corrego Bussocaba;-23,547223;-46,773881;7,71;2025-11-01 17:10:00.0;chuva;0,00
OSASCO;353440122H;SP;Corrego Bussocaba;-23,547223;-46,773881;7,71;2025-11-01 18:00:00.0;nível;35,00
OSASCO;353440122H;SP;Corrego Bussocaba;-23,547223;-46,773881;7,71;2025-11-01 18:10:00.0;chuva;0,00
OSASCO;353440122H;SP;Corrego Bussocaba;-23,547223;-46,773881;7,71;2025-11-01 19:00:00.0;nível;35,00
OSASCO;353440122H;SP;Corrego Bussocaba;-23,547223;-46,773881;7,71;2025-11-01 19:10:00.0;chuva;0,00
OSASCO;353440122H;SP;Corrego Bussocaba;-23,547223;-46,773881;7,71;2025-11-01 20:00:00.0;nível;35,00
OSASCO;353440122H;SP;Corrego Bussocaba;-23,547223;-46,773881;7,71;2025-11-01 20:10:00.0;chuva;0,00
OSASCO;353440122H;SP;Corrego Bussocaba;-23,547223;-46,773881;7,71;2025-11-01 21:00:00.0;nível;35,00
OSASCO;353440122H;SP;Corrego Bussocaba;-23,547223;-46,773881;7,71;2025-11-01 21:10:00.0;chuva;0,00
OSASCO;353440122H;SP;Corrego Bussocaba;-23,547223;-46,773881;7,71;2025-11-01 22:00:00.0;nível;35,00
OSASCO;353440122H;SP;Corrego Bussocaba;-23,547223;-46,773881;7,71;2025-11-01 22:10:00.0;chuva;0,00
OSASCO;353440122H;SP;Corrego Bussocaba;-23,547223;-46,773881;7,71;2025-11-01 23:00:00.0;nível;35,00
OSASCO;353440122H;SP;Corrego Bussocaba;-23,547223;-46,773881;7,71;2025-11-01 23:10:00.0;chuva;0,00
OSASCO;353440122H;SP;Corrego Bussocaba;-23,547223;-46,773881;7,71;2025-11-02 00:00:00.0;nível;35,00
OSASCO;353440122H;SP;Corrego Bussocaba;-23,547223;-46,773881;7,71;2025-11-02 00:10:00.0;chuva;0,00
OSASCO;353440122H;SP;Corrego Bussocaba;-23,547223;-46,773881;7,71;2025-11-02 01:00:00.0;nível;35,00
OSASCO;353440122H;SP;Corrego Bussocaba;-23,547223;-46,773881;7,71;2025-11-02 01:10:00.0;chuva;0,00
OSASCO;353440122H;SP;Corrego Bussocaba;-23,547223;-46,773881;7,71;2025-11-02 02:00:00.0;nível;35,00
OSASCO;353440122H;SP;Corrego Bussocaba;-23,547223;-46,773881;7,71;2025-11-02 02:10:00.0;chuva;0,00
OSASCO;353440122H;SP;Corrego Bussocaba;-23,547223;-46,773881;7,71;2025-11-02 05:40:00.0;chuva;0,40
OSASCO;353440122H;SP;Corrego Bussocaba;-23,547223;-46,773881;7,71;2025-11-02 05:50:00.0;chuva;0,60
OSASCO;353440122H;SP;Corrego Bussocaba;-23,547223;-46,773881;7,71;2025-11-02 06:30:00.0;chuva;0,20
OSASCO;353440122H;SP;Corrego Bussocaba;-23,547223;-46,773881;7,71;2025-11-02 07:10:00.0;chuva;0,60
OSASCO;353440122H;SP;Corrego Bussocaba;-23,547223;-46,773881;7,71;2025-11-02 07:20:00.0;chuva;0,20
OSASCO;353440122H;SP;Corrego Bussocaba;-23,547223;-46,773881;7,71;2025-11-02 07:30:00.0;chuva;0,20
OSASCO;353440122H;SP;Corrego Bussocaba;-23,547223;-46,773881;7,71;2025-11-02 10:10:00.0;chuva;0,20
OSASCO;353440122H;SP;Corrego Bussocaba;-23,547223;-46,773881;7,71;2025-11-02 11:10:00.0;chuva;0,40
OSASCO;353440122H;SP;Corrego Bussocaba;-23,547223;-46,773881;7,71;2025-11-02 11:20:00.0;chuva;0,40
OSASCO;353440122H;SP;Corrego Bussocaba;-23,547223;-46,773881;7,71;2025-11-02 11:30:00.0;chuva;0,20
OSASCO;353440122H;SP;Corrego Bussocaba;-23,547223;-46,773881;7,71;2025-11-02 11:40:00.0;chuva;0,20
OSASCO;353440122H;SP;Corrego Bussocaba;-23,547223;-46,773881;7,71;2025-11-02 12:00:00.0;chuva;0,20
OSASCO;353440122H;SP;Corrego Bussocaba;-23,547223;-46,773881;7,71;2025-11-02 12:00:00.0;nível;35,00
OSASCO;353440122H;SP;Corrego Bussocaba;-23,547223;-46,773881;7,71;2025-11-02 13:00:00.0;chuva;0,40
OSASCO;353440122H;SP;Corrego Bussocaba;-23,547223;-46,773881;7,71;2025-11-02 13:00:00.0;nível;35,00
OSASCO;353440122H;SP;Corrego Bussocaba;-23,547223;-46,773881;7,71;2025-11-02 13:20:00.0;chuva;0,20
OSASCO;353440122H;SP;Corrego Bussocaba;-23,547223;-46,773881;7,71;2025-11-02 13:30:00.0;chuva;0,20
OSASCO;353440122H;SP;Corrego Bussocaba;-23,547223;-46,773881;7,71;2025-11-02 13:40:00.0;chuva;0,40
OSASCO;353440122H;SP;Corrego Bussocaba;-23,547223;-46,773881;7,71;2025-11-02 13:50:00.0;chuva;0,60
OSASCO;353440122H;SP;Corrego Bussocaba;-23,547223;-46,773881;7,71;2025-11-02 14:00:00.0;chuva;0,60
OSASCO;353440122H;SP;Corrego Bussocaba;-23,547223;-46,773881;7,71;2025-11-02 14:00:00.0;nível;35,00
OSASCO;353440122H;SP;Corrego Bussocaba;-23,547223;-46,773881;7,71;2025-11-02 14:10:00.0;chuva;0,20
OSASCO;353440122H;SP;Corrego Bussocaba;-23,547223;-46,773881;7,71;2025-11-02 14:20:00.0;chuva;0,60
OSASCO;353440122H;SP;Corrego Bussocaba;-23,547223;-46,773881;7,71;2025-11-02 14:30:00.0;chuva;0,40
OSASCO;353440122H;SP;Corrego Bussocaba;-23,547223;-46,773881;7,71;2025-11-02 14:40:00.0;chuva;0,20
OSASCO;353440122H;SP;Corrego Bussocaba;-23,547223;-46,773881;7,71;2025-11-02 14:50:00.0;chuva;0,20
OSASCO;353440122H;SP;Corrego Bussocaba;-23,547223;-46,773881;7,71;2025-11-02 15:00:00.0;nível;35,00
OSASCO;353440122H;SP;Corrego Bussocaba;-23,547223;-46,773881;7,71;2025-11-02 15:10:00.0;chuva;0,00
OSASCO;353440122H;SP;Corrego Bussocaba;-23,547223;-46,773881;7,71;2025-11-02 16:00:00.0;nível;35,00
OSASCO;353440122H;SP;Corrego Bussocaba;-23,547223;-46,773881;7,71;2025-11-02 16:10:00.0;chuva;0,00
OSASCO;353440122H;SP;Corrego Bussocaba;-23,547223;-46,773881;7,71;2025-11-02 16:40:00.0;chuva;0,20
OSASCO;353440122H;SP;Corrego Bussocaba;-23,547223;-46,773881;7,71;2025-11-02 16:50:00.0;chuva;0,20
OSASCO;353440122H;SP;Corrego Bussocaba;-23,547223;-46,773881;7,71;2025-11-02 17:00:00.0;nível;35,00
OSASCO;353440122H;SP;Corrego Bussocaba;-23,547223;-46,773881;7,71;2025-11-02 17:10:00.0;chuva;0,00
OSASCO;353440122H;SP;Corrego Bussocaba;-23,547223;-46,773881;7,71;2025-11-02 17:50:00.0;chuva;0,20
OSASCO;353440122H;SP;Corrego Bussocaba;-23,547223;-46,773881;7,71;2025-11-02 18:00:00.0;nível;35,00
OSASCO;353440122H;SP;Corrego Bussocaba;-23,547223;-46,773881;7,71;2025-11-02 18:10:00.0;chuva;0,20
OSASCO;353440122H;SP;Corrego Bussocaba;-23,547223;-46,773881;7,71;2025-11-02 19:00:00.0;nível;35,00
OSASCO;353440122H;SP;Corrego Bussocaba;-23,547223;-46,773881;7,71;2025-11-02 19:10:00.0;chuva;0,00
OSASCO;353440122H;SP;Corrego Bussocaba;-23,547223;-46,773881;7,71;2025-11-02 20:00:00.0;nível;35,00
OSASCO;353440122H;SP;Corrego Bussocaba;-23,547223;-46,773881;7,71;2025-11-02 20:10:00.0;chuva;0,00
OSASCO;353440122H;SP;Corrego Bussocaba;-23,547223;-46,773881;7,71;2025-11-02 21:00:00.0;nível;35,00
OSASCO;353440122H;SP;Corrego Bussocaba;-23,547223;-46,773881;7,71;2025-11-02 21:10:00.0;chuva;0,00
OSASCO;353440122H;SP;Corrego Bussocaba;-23,547223;-46,773881;7,71;2025-11-02 22:00:00.0;nível;35,00
OSASCO;353440122H;SP;Corrego Bussocaba;-23,547223;-46,773881;7,71;2025-11-02 22:10:00.0;chuva;0,00
OSASCO;353440122H;SP;Corrego Bussocaba;-23,547223;-46,773881;7,71;2025-11-02 23:00:00.0;nível;35,00
OSASCO;353440122H;SP;Corrego Bussocaba;-23,547223;-46,773881;7,71;2025-11-02 23:10:00.0;chuva;0,00
OSASCO;353440122H;SP;Corrego Bussocaba;-23,547223;-46,773881;7,71;2025-11-03 00:00:00.0;nível;35,00
OSASCO;353440122H;SP;Corrego Bussocaba;-23,547223;-46,773881;7,71;2025-11-03 00:10:00.0;chuva;0,00
OSASCO;353440122H;SP;Corrego Bussocaba;-23,547223;-46,773881;7,71;2025-11-03 01:00:00.0;nível;35,00
OSASCO;353440122H;SP;Corrego Bussocaba;-23,547223;-46,773881;7,71;2025-11-03 01:10:00.0;chuva;0,00
OSASCO;353440122H;SP;Corrego Bussocaba;-23,547223;-46,773881;7,71;2025-11-03 10:00:00.0;nível;35,00
OSASCO;353440122H;SP;Corrego Bussocaba;-23,547223;-46,773881;7,71;2025-11-03 10:10:00.0;chuva;0,00
OSASCO;353440122H;SP;Corrego Bussocaba;-23,547223;-46,773881;7,71;2025-11-03 11:00:00.0;nível;35,00
OSASCO;353440122H;SP;Corrego Bussocaba;-23,547223;-46,773881;7,71;2025-11-03 11:10:00.0;chuva;0,00
OSASCO;353440122H;SP;Corrego Bussocaba;-23,547223;-46,773881;7,71;2025-11-03 12:00:00.0;nível;35,00
OSASCO;353440122H;SP;Corrego Bussocaba;-23,547223;-46,773881;7,71;2025-11-03 12:10:00.0;chuva;0,00
OSASCO;353440122H;SP;Corrego Bussocaba;-23,547223;-46,773881;7,71;2025-11-03 13:00:00.0;nível;35,00
OSASCO;353440122H;SP;Corrego Bussocaba;-23,547223;-46,773881;7,71;2025-11-03 13:10:00.0;chuva;0,00
OSASCO;353440122H;SP;Corrego Bussocaba;-23,547223;-46,773881;7,71;2025-11-03 14:00:00.0;nível;35,00
OSASCO;353440122H;SP;Corrego Bussocaba;-23,547223;-46,773881;7,71;2025-11-03 14:10:00.0;chuva;0,00
OSASCO;353440122H;SP;Corrego Bussocaba;-23,547223;-46,773881;7,71;2025-11-03 15:00:00.0;nível;35,00
OSASCO;353440122H;SP;Corrego Bussocaba;-23,547223;-46,773881;7,71;2025-11-03 15:10:00.0;chuva;0,00
OSASCO;353440122H;SP;Corrego Bussocaba;-23,547223;-46,773881;7,71;2025-11-03 16:00:00.0;nível;35,00
OSASCO;353440122H;SP;Corrego Bussocaba;-23,547223;-46,773881;7,71;2025-11-03 16:10:00.0;chuva;0,00
OSASCO;353440122H;SP;Corrego Bussocaba;-23,547223;-46,773881;7,71;2025-11-03 17:00:00.0;nível;35,00
OSASCO;353440122H;SP;Corrego Bussocaba;-23,547223;-46,773881;7,71;2025-11-03 17:10:00.0;chuva;0,00
OSASCO;353440122H;SP;Corrego Bussocaba;-23,547223;-46,773881;7,71;2025-11-03 18:00:00.0;nível;35,00
OSASCO;353440122H;SP;Corrego Bussocaba;-23,547223;-46,773881;7,71;2025-11-03 18:10:00.0;chuva;0,00
OSASCO;353440122H;SP;Corrego Bussocaba;-23,547223;-46,773881;7,71;2025-11-03 19:00:00.0;nível;35,00
OSASCO;353440122H;SP;Corrego Bussocaba;-23,547223;-46,773881;7,71;2025-11-03 19:10:00.0;chuva;0,00
OSASCO;353440122H;SP;Corrego Bussocaba;-23,547223;-46,773881;7,71;2025-11-03 20:00:00.0;nível;35,00
OSASCO;353440122H;SP;Corrego Bussocaba;-23,547223;-46,773881;7,71;2025-11-03 20:10:00.0;chuva;0,00
OSASCO;353440122H;SP;Corrego Bussocaba;-23,547223;-46,773881;7,71;2025-11-03 21:00:00.0;nível;35,00
OSASCO;353440122H;SP;Corrego Bussocaba;-23,547223;-46,773881;7,71;2025-11-03 21:10:00.0;chuva;0,00
OSASCO;353440122H;SP;Corrego Bussocaba;-23,547223;-46,773881;7,71;2025-11-03 22:00:00.0;nível;35,00
OSASCO;353440122H;SP;Corrego Bussocaba;-23,547223;-46,773881;7,71;2025-11-03 22:10:00.0;chuva;0,00
OSASCO;353440122H;SP;Corrego Bussocaba;-23,547223;-46,773881;7,71;2025-11-03 23:00:00.0;nível;35,00
OSASCO;353440122H;SP;Corrego Bussocaba;-23,547223;-46,773881;7,71;2025-11-03 23:10:00.0;chuva;0,00
OSASCO;353440122H;SP;Corrego Bussocaba;-23,547223;-46,773881;7,71;2025-11-04 00:00:00.0;nível;35,00
OSASCO;353440122H;SP;Corrego Bussocaba;-23,547223;-46,773881;7,71;2025-11-04 00:10:00.0;chuva;0,00
OSASCO;353440122H;SP;Corrego Bussocaba;-23,547223;-46,773881;7,71;2025-11-04 01:00:00.0;nível;35,00
OSASCO;353440122H;SP;Corrego Bussocaba;-23,547223;-46,773881;7,71;2025-11-04 01:10:00.0;chuva;0,00
OSASCO;353440122H;SP;Corrego Bussocaba;-23,547223;-46,773881;7,71;2025-11-04 02:00:00.0;nível;35,00
OSASCO;353440122H;SP;Corrego Bussocaba;-23,547223;-46,773881;7,71;2025-11-04 02:10:00.0;chuva;0,00
OSASCO;353440122H;SP;Corrego Bussocaba;-23,547223;-46,773881;7,71;2025-11-04 03:00:00.0;nível;35,00
OSASCO;353440122H;SP;Corrego Bussocaba;-23,547223;-46,773881;7,71;2025-11-04 03:10:00.0;chuva;0,00
OSASCO;353440122H;SP;Corrego Bussocaba;-23,547223;-46,773881;7,71;2025-11-04 11:00:00.0;nível;35,00
OSASCO;353440122H;SP;Corrego Bussocaba;-23,547223;-46,773881;7,71;2025-11-04 11:10:00.0;chuva;0,00
OSASCO;353440122H;SP;Corrego Bussocaba;-23,547223;-46,773881;7,71;2025-11-04 12:00:00.0;nível;35,00
OSASCO;353440122H;SP;Corrego Bussocaba;-23,547223;-46,773881;7,71;2025-11-04 12:10:00.0;chuva;0,00
OSASCO;353440122H;SP;Corrego Bussocaba;-23,547223;-46,773881;7,71;2025-11-04 13:00:00.0;nível;35,00
OSASCO;353440122H;SP;Corrego Bussocaba;-23,547223;-46,773881;7,71;2025-11-04 13:10:00.0;chuva;0,00
OSASCO;353440122H;SP;Corrego Bussocaba;-23,547223;-46,773881;7,71;2025-11-04 14:00:00.0;nível;35,00
OSASCO;353440122H;SP;Corrego Bussocaba;-23,547223;-46,773881;7,71;2025-11-04 14:10:00.0;chuva;0,00
OSASCO;353440122H;SP;Corrego Bussocaba;-23,547223;-46,773881;7,71;2025-11-04 15:00:00.0;nível;35,00
OSASCO;353440122H;SP;Corrego Bussocaba;-23,547223;-46,773881;7,71;2025-11-04 15:10:00.0;chuva;0,00
OSASCO;353440122H;SP;Corrego Bussocaba;-23,547223;-46,773881;7,71;2025-11-04 16:00:00.0;nível;35,00
OSASCO;353440122H;SP;Corrego Bussocaba;-23,547223;-46,773881;7,71;2025-11-04 16:10:00.0;chuva;0,00
OSASCO;353440122H;SP;Corrego Bussocaba;-23,547223;-46,773881;7,71;2025-11-04 17:00:00.0;nível;35,00
OSASCO;353440122H;SP;Corrego Bussocaba;-23,547223;-46,773881;7,71;2025-11-04 17:10:00.0;chuva;0,00
OSASCO;353440122H;SP;Corrego Bussocaba;-23,547223;-46,773881;7,71;2025-11-04 18:00:00.0;nível;35,00
OSASCO;353440122H;SP;Corrego Bussocaba;-23,547223;-46,773881;7,71;2025-11-04 18:10:00.0;chuva;0,00
OSASCO;353440122H;SP;Corrego Bussocaba;-23,547223;-46,773881;7,71;2025-11-04 19:00:00.0;nível;35,00
OSASCO;353440122H;SP;Corrego Bussocaba;-23,547223;-46,773881;7,71;2025-11-04 19:10:00.0;chuva;0,00
OSASCO;353440122H;SP;Corrego Bussocaba;-23,547223;-46,773881;7,71;2025-11-04 20:00:00.0;nível;35,00
OSASCO;353440122H;SP;Corrego Bussocaba;-23,547223;-46,773881;7,71;2025-11-04 20:10:00.0;chuva;0,00
OSASCO;353440122H;SP;Corrego Bussocaba;-23,547223;-46,773881;7,71;2025-11-04 21:00:00.0;nível;35,00
OSASCO;353440122H;SP;Corrego Bussocaba;-23,547223;-46,773881;7,71;2025-11-04 21:10:00.0;chuva;0,00
OSASCO;353440122H;SP;Corrego Bussocaba;-23,547223;-46,773881;7,71;2025-11-04 22:00:00.0;nível;35,00
OSASCO;353440122H;SP;Corrego Bussocaba;-23,547223;-46,773881;7,71;2025-11-04 22:10:00.0;chuva;0,00
OSASCO;353440122H;SP;Corrego Bussocaba;-23,547223;-46,773881;7,71;2025-11-04 23:00:00.0;nível;35,00
OSASCO;353440122H;SP;Corrego Bussocaba;-23,547223;-46,773881;7,71;2025-11-04 23:10:00.0;chuva;0,00
RIBEIRÃO PRETO;354340224H;SP;Ribeirao Preto;-21,190218;-47,797662;7,62;2025-11-01 00:10:00.0;chuva;0,00
RIBEIRÃO PRETO;354340224H;SP;Ribeirao Preto;-21,190218;-47,797662;7,62;2025-11-01 01:10:00.0;chuva;0,00
RIBEIRÃO PRETO;354340224H;SP;Ribeirao Preto;-21,190218;-47,797662;7,62;2025-11-01 02:10:00.0;chuva;0,00
RIBEIRÃO PRETO;354340224H;SP;Ribeirao Preto;-21,190218;-47,797662;7,62;2025-11-01 03:10:00.0;chuva;0,00
RIBEIRÃO PRETO;354340224H;SP;Ribeirao Preto;-21,190218;-47,797662;7,62;2025-11-01 04:10:00.0;chuva;0,00
RIBEIRÃO PRETO;354340224H;SP;Ribeirao Preto;-21,190218;-47,797662;7,62;2025-11-01 11:10:00.0;chuva;0,00
RIBEIRÃO PRETO;354340224H;SP;Ribeirao Preto;-21,190218;-47,797662;7,62;2025-11-01 12:10:00.0;chuva;0,00
RIBEIRÃO PRETO;354340224H;SP;Ribeirao Preto;-21,190218;-47,797662;7,62;2025-11-01 13:10:00.0;chuva;0,00
RIBEIRÃO PRETO;354340224H;SP;Ribeirao Preto;-21,190218;-47,797662;7,62;2025-11-01 14:10:00.0;chuva;0,00
RIBEIRÃO PRETO;354340224H;SP;Ribeirao Preto;-21,190218;-47,797662;7,62;2025-11-01 15:10:00.0;chuva;0,00
RIBEIRÃO PRETO;354340224H;SP;Ribeirao Preto;-21,190218;-47,797662;7,62;2025-11-01 16:10:00.0;chuva;0,00
RIBEIRÃO PRETO;354340224H;SP;Ribeirao Preto;-21,190218;-47,797662;7,62;2025-11-01 17:10:00.0;chuva;0,00
RIBEIRÃO PRETO;354340224H;SP;Ribeirao Preto;-21,190218;-47,797662;7,62;2025-11-01 18:10:00.0;chuva;0,00
RIBEIRÃO PRETO;354340224H;SP;Ribeirao Preto;-21,190218;-47,797662;7,62;2025-11-01 19:10:00.0;chuva;0,00
RIBEIRÃO PRETO;354340224H;SP;Ribeirao Preto;-21,190218;-47,797662;7,62;2025-11-01 20:10:00.0;chuva;0,00
RIBEIRÃO PRETO;354340224H;SP;Ribeirao Preto;-21,190218;-47,797662;7,62;2025-11-01 21:10:00.0;chuva;0,00
RIBEIRÃO PRETO;354340224H;SP;Ribeirao Preto;-21,190218;-47,797662;7,62;2025-11-01 22:10:00.0;chuva;0,00
RIBEIRÃO PRETO;354340224H;SP;Ribeirao Preto;-21,190218;-47,797662;7,62;2025-11-01 22:50:00.0;chuva;0,20
RIBEIRÃO PRETO;354340224H;SP;Ribeirao Preto;-21,190218;-47,797662;7,62;2025-11-01 23:10:00.0;chuva;0,00
RIBEIRÃO PRETO;354340224H;SP;Ribeirao Preto;-21,190218;-47,797662;7,62;2025-11-02 00:10:00.0;chuva;0,00
RIBEIRÃO PRETO;354340224H;SP;Ribeirao Preto;-21,190218;-47,797662;7,62;2025-11-02 01:10:00.0;chuva;0,20
RIBEIRÃO PRETO;354340224H;SP;Ribeirao Preto;-21,190218;-47,797662;7,62;2025-11-02 02:10:00.0;chuva;0,00
RIBEIRÃO PRETO;354340224H;SP;Ribeirao Preto;-21,190218;-47,797662;7,62;2025-11-02 03:10:00.0;chuva;0,00
RIBEIRÃO PRETO;354340224H;SP;Ribeirao Preto;-21,190218;-47,797662;7,62;2025-11-02 13:20:00.0;chuva;0,20
RIBEIRÃO PRETO;354340224H;SP;Ribeirao Preto;-21,190218;-47,797662;7,62;2025-11-02 14:10:00.0;chuva;0,00
RIBEIRÃO PRETO;354340224H;SP;Ribeirao Preto;-21,190218;-47,797662;7,62;2025-11-02 15:10:00.0;chuva;0,00
RIBEIRÃO PRETO;354340224H;SP;Ribeirao Preto;-21,190218;-47,797662;7,62;2025-11-02 16:10:00.0;chuva;0,00
RIBEIRÃO PRETO;354340224H;SP;Ribeirao Preto;-21,190218;-47,797662;7,62;2025-11-02 17:10:00.0;chuva;0,00
RIBEIRÃO PRETO;354340224H;SP;Ribeirao Preto;-21,190218;-47,797662;7,62;2025-11-02 18:10:00.0;chuva;0,00
RIBEIRÃO PRETO;354340224H;SP;Ribeirao Preto;-21,190218;-47,797662;7,62;2025-11-02 19:10:00.0;chuva;0,00
RIBEIRÃO PRETO;354340224H;SP;Ribeirao Preto;-21,190218;-47,797662;7,62;2025-11-02 20:10:00.0;chuva;0,00
RIBEIRÃO PRETO;354340224H;SP;Ribeirao Preto;-21,190218;-47,797662;7,62;2025-11-02 21:10:00.0;chuva;0,00
RIBEIRÃO PRETO;354340224H;SP;Ribeirao Preto;-21,190218;-47,797662;7,62;2025-11-02 22:10:00.0;chuva;0,00
RIBEIRÃO PRETO;354340224H;SP;Ribeirao Preto;-21,190218;-47,797662;7,62;2025-11-02 23:00:00.0;chuva;0,20
RIBEIRÃO PRETO;354340224H;SP;Ribeirao Preto;-21,190218;-47,797662;7,62;2025-11-03 00:10:00.0;chuva;0,00
RIBEIRÃO PRETO;354340224H;SP;Ribeirao Preto;-21,190218;-47,797662;7,62;2025-11-03 12:10:00.0;chuva;0,00
RIBEIRÃO PRETO;354340224H;SP;Ribeirao Preto;-21,190218;-47,797662;7,62;2025-11-03 13:10:00.0;chuva;0,00
RIBEIRÃO PRETO;354340224H;SP;Ribeirao Preto;-21,190218;-47,797662;7,62;2025-11-03 14:10:00.0;chuva;0,00
RIBEIRÃO PRETO;354340224H;SP;Ribeirao Preto;-21,190218;-47,797662;7,62;2025-11-03 15:10:00.0;chuva;0,00
RIBEIRÃO PRETO;354340224H;SP;Ribeirao Preto;-21,190218;-47,797662;7,62;2025-11-03 16:10:00.0;chuva;0,00
RIBEIRÃO PRETO;354340224H;SP;Ribeirao Preto;-21,190218;-47,797662;7,62;2025-11-03 17:10:00.0;chuva;0,00
RIBEIRÃO PRETO;354340224H;SP;Ribeirao Preto;-21,190218;-47,797662;7,62;2025-11-03 18:10:00.0;chuva;0,00
RIBEIRÃO PRETO;354340224H;SP;Ribeirao Preto;-21,190218;-47,797662;7,62;2025-11-03 19:10:00.0;chuva;0,00
RIBEIRÃO PRETO;354340224H;SP;Ribeirao Preto;-21,190218;-47,797662;7,62;2025-11-03 20:10:00.0;chuva;0,00
RIBEIRÃO PRETO;354340224H;SP;Ribeirao Preto;-21,190218;-47,797662;7,62;2025-11-03 21:10:00.0;chuva;0,00
RIBEIRÃO PRETO;354340224H;SP;Ribeirao Preto;-21,190218;-47,797662;7,62;2025-11-03 22:10:00.0;chuva;0,00
RIBEIRÃO PRETO;354340224H;SP;Ribeirao Preto;-21,190218;-47,797662;7,62;2025-11-03 23:10:00.0;chuva;0,00
RIBEIRÃO PRETO;354340224H;SP;Ribeirao Preto;-21,190218;-47,797662;7,62;2025-11-04 00:10:00.0;chuva;0,00
RIBEIRÃO PRETO;354340224H;SP;Ribeirao Preto;-21,190218;-47,797662;7,62;2025-11-04 01:10:00.0;chuva;0,00
RIBEIRÃO PRETO;354340224H;SP;Ribeirao Preto;-21,190218;-47,797662;7,62;2025-11-04 02:10:00.0;chuva;0,00
RIBEIRÃO PRETO;354340224H;SP;Ribeirao Preto;-21,190218;-47,797662;7,62;2025-11-04 03:10:00.0;chuva;0,00
RIBEIRÃO PRETO;354340224H;SP;Ribeirao Preto;-21,190218;-47,797662;7,62;2025-11-04 13:10:00.0;chuva;0,20
RIBEIRÃO PRETO;354340224H;SP;Ribeirao Preto;-21,190218;-47,797662;7,62;2025-11-04 14:10:00.0;chuva;0,00
RIBEIRÃO PRETO;354340224H;SP;Ribeirao Preto;-21,190218;-47,797662;7,62;2025-11-04 15:10:00.0;chuva;0,00
RIBEIRÃO PRETO;354340224H;SP;Ribeirao Preto;-21,190218;-47,797662;7,62;2025-11-04 16:10:00.0;chuva;0,00
RIBEIRÃO PRETO;354340224H;SP;Ribeirao Preto;-21,190218;-47,797662;7,62;2025-11-04 17:10:00.0;chuva;0,00
RIBEIRÃO PRETO;354340224H;SP;Ribeirao Preto;-21,190218;-47,797662;7,62;2025-11-04 18:10:00.0;chuva;0,00
RIBEIRÃO PRETO;354340224H;SP;Ribeirao Preto;-21,190218;-47,797662;7,62;2025-11-04 19:10:00.0;chuva;0,00
RIBEIRÃO PRETO;354340224H;SP;Ribeirao Preto;-21,190218;-47,797662;7,62;2025-11-04 20:10:00.0;chuva;0,00
RIBEIRÃO PRETO;354340224H;SP;Ribeirao Preto;-21,190218;-47,797662;7,62;2025-11-04 21:10:00.0;chuva;0,00
RIBEIRÃO PRETO;354340224H;SP;Ribeirao Preto;-21,190218;-47,797662;7,62;2025-11-04 22:10:00.0;chuva;0,00
RIBEIRÃO PRETO;354340224H;SP;Ribeirao Preto;-21,190218;-47,797662;7,62;2025-11-04 23:10:00.0;chuva;0,00
SANTA BÁRBARA D'OESTE;354580328H;SP;Ribeirao dos Toledos;-22,756263;-47,408254;9,44;2025-11-01 00:00:00.0;nível;9,53
SANTA BÁRBARA D'OESTE;354580328H;SP;Ribeirao dos Toledos;-22,756263;-47,408254;9,44;2025-11-01 00:10:00.0;chuva;0,00
SANTA BÁRBARA D'OESTE;354580328H;SP;Ribeirao dos Toledos;-22,756263;-47,408254;9,44;2025-11-01 01:00:00.0;nível;9,54
SANTA BÁRBARA D'OESTE;354580328H;SP;Ribeirao dos Toledos;-22,756263;-47,408254;9,44;2025-11-01 01:10:00.0;chuva;0,00
SANTA BÁRBARA D'OESTE;354580328H;SP;Ribeirao dos Toledos;-22,756263;-47,408254;9,44;2025-11-01 02:00:00.0;nível;9,55
SANTA BÁRBARA D'OESTE;354580328H;SP;Ribeirao dos Toledos;-22,756263;-47,408254;9,44;2025-11-01 02:10:00.0;chuva;0,00
SANTA BÁRBARA D'OESTE;354580328H;SP;Ribeirao dos Toledos;-22,756263;-47,408254;9,44;2025-11-01 03:00:00.0;nível;9,53
SANTA BÁRBARA D'OESTE;354580328H;SP;Ribeirao dos Toledos;-22,756263;-47,408254;9,44;2025-11-01 03:10:00.0;chuva;0,00
SANTA BÁRBARA D'OESTE;354580328H;SP;Ribeirao dos Toledos;-22,756263;-47,408254;9,44;2025-11-01 04:00:00.0;nível;9,55
SANTA BÁRBARA D'OESTE;354580328H;SP;Ribeirao dos Toledos;-22,756263;-47,408254;9,44;2025-11-01 04:10:00.0;chuva;0,00
SANTA BÁRBARA D'OESTE;354580328H;SP;Ribeirao dos Toledos;-22,756263;-47,408254;9,44;2025-11-01 05:00:00.0;nível;9,55
SANTA BÁRBARA D'OESTE;354580328H;SP;Ribeirao dos Toledos;-22,756263;-47,408254;9,44;2025-11-01 05:10:00.0;chuva;0,00
SANTA BÁRBARA D'OESTE;354580328H;SP;Ribeirao dos Toledos;-22,756263;-47,408254;9,44;2025-11-01 06:00:00.0;nível;9,54
SANTA BÁRBARA D'OESTE;354580328H;SP;Ribeirao dos Toledos;-22,756263;-47,408254;9,44;2025-11-01 06:10:00.0;chuva;0,00
SANTA BÁRBARA D'OESTE;354580328H;SP;Ribeirao dos Toledos;-22,756263;-47,408254;9,44;2025-11-01 07:00:00.0;nível;9,53
SANTA BÁRBARA D'OESTE;354580328H;SP;Ribeirao dos Toledos;-22,756263;-47,408254;9,44;2025-11-01 07:10:00.0;chuva;0,00
SANTA BÁRBARA D'OESTE;354580328H;SP;Ribeirao dos Toledos;-22,756263;-47,408254;9,44;2025-11-01 08:00:00.0;nível;9,56
SANTA BÁRBARA D'OESTE;354580328H;SP;Ribeirao dos Toledos;-22,756263;-47,408254;9,44;2025-11-01 08:10:00.0;chuva;0,00
SANTA BÁRBARA D'OESTE;354580328H;SP;Ribeirao dos Toledos;-22,756263;-47,408254;9,44;2025-11-01 09:00:00.0;nível;9,57
SANTA BÁRBARA D'OESTE;354580328H;SP;Ribeirao dos Toledos;-22,756263;-47,408254;9,44;2025-11-01 09:10:00.0;chuva;0,00
SANTA BÁRBARA D'OESTE;354580328H;SP;Ribeirao dos Toledos;-22,756263;-47,408254;9,44;2025-11-01 10:00:00.0;nível;9,57
SANTA BÁRBARA D'OESTE;354580328H;SP;Ribeirao dos Toledos;-22,756263;-47,408254;9,44;2025-11-01 10:10:00.0;chuva;0,00
SANTA BÁRBARA D'OESTE;354580328H;SP;Ribeirao dos Toledos;-22,756263;-47,408254;9,44;2025-11-01 11:00:00.0;nível;9,57
SANTA BÁRBARA D'OESTE;354580328H;SP;Ribeirao dos Toledos;-22,756263;-47,408254;9,44;2025-11-01 11:10:00.0;chuva;0,00
SANTA BÁRBARA D'OESTE;354580328H;SP;Ribeirao dos Toledos;-22,756263;-47,408254;9,44;2025-11-01 12:00:00.0;nível;9,58
SANTA BÁRBARA D'OESTE;354580328H;SP;Ribeirao dos Toledos;-22,756263;-47,408254;9,44;2025-11-01 12:10:00.0;chuva;0,00
SANTA BÁRBARA D'OESTE;354580328H;SP;Ribeirao dos Toledos;-22,756263;-47,408254;9,44;2025-11-01 13:00:00.0;nível;9,59
SANTA BÁRBARA D'OESTE;354580328H;SP;Ribeirao dos Toledos;-22,756263;-47,408254;9,44;2025-11-01 13:10:00.0;chuva;0,00
SANTA BÁRBARA D'OESTE;354580328H;SP;Ribeirao dos Toledos;-22,756263;-47,408254;9,44;2025-11-01 14:00:00.0;nível;9,58
SANTA BÁRBARA D'OESTE;354580328H;SP;Ribeirao dos Toledos;-22,756263;-47,408254;9,44;2025-11-01 14:10:00.0;chuva;0,00
SANTA BÁRBARA D'OESTE;354580328H;SP;Ribeirao dos Toledos;-22,756263;-47,408254;9,44;2025-11-01 15:00:00.0;nível;9,59
SANTA BÁRBARA D'OESTE;354580328H;SP;Ribeirao dos Toledos;-22,756263;-47,408254;9,44;2025-11-01 15:10:00.0;chuva;0,00
SANTA BÁRBARA D'OESTE;354580328H;SP;Ribeirao dos Toledos;-22,756263;-47,408254;9,44;2025-11-01 16:00:00.0;nível;9,60
SANTA BÁRBARA D'OESTE;354580328H;SP;Ribeirao dos Toledos;-22,756263;-47,408254;9,44;2025-11-01 16:10:00.0;chuva;0,00
SANTA BÁRBARA D'OESTE;354580328H;SP;Ribeirao dos Toledos;-22,756263;-47,408254;9,44;2025-11-01 17:00:00.0;nível;9,60
SANTA BÁRBARA D'OESTE;354580328H;SP;Ribeirao dos Toledos;-22,756263;-47,408254;9,44;2025-11-01 17:10:00.0;chuva;0,00
SANTA BÁRBARA D'OESTE;354580328H;SP;Ribeirao dos Toledos;-22,756263;-47,408254;9,44;2025-11-01 18:00:00.0;nível;9,61
SANTA BÁRBARA D'OESTE;354580328H;SP;Ribeirao dos Toledos;-22,756263;-47,408254;9,44;2025-11-01 18:10:00.0;chuva;0,00
SANTA BÁRBARA D'OESTE;354580328H;SP;Ribeirao dos Toledos;-22,756263;-47,408254;9,44;2025-11-01 19:00:00.0;nível;9,62
SANTA BÁRBARA D'OESTE;354580328H;SP;Ribeirao dos Toledos;-22,756263;-47,408254;9,44;2025-11-01 19:10:00.0;chuva;0,00
SANTA BÁRBARA D'OESTE;354580328H;SP;Ribeirao dos Toledos;-22,756263;-47,408254;9,44;2025-11-01 20:00:00.0;nível;9,62
SANTA BÁRBARA D'OESTE;354580328H;SP;Ribeirao dos Toledos;-22,756263;-47,408254;9,44;2025-11-01 20:10:00.0;chuva;0,00
SANTA BÁRBARA D'OESTE;354580328H;SP;Ribeirao dos Toledos;-22,756263;-47,408254;9,44;2025-11-01 21:00:00.0;nível;9,62
SANTA BÁRBARA D'OESTE;354580328H;SP;Ribeirao dos Toledos;-22,756263;-47,408254;9,44;2025-11-01 21:10:00.0;chuva;0,00
SANTA BÁRBARA D'OESTE;354580328H;SP;Ribeirao dos Toledos;-22,756263;-47,408254;9,44;2025-11-01 22:00:00.0;nível;9,62
SANTA BÁRBARA D'OESTE;354580328H;SP;Ribeirao dos Toledos;-22,756263;-47,408254;9,44;2025-11-01 22:10:00.0;chuva;0,00
SANTA BÁRBARA D'OESTE;354580328H;SP;Ribeirao dos Toledos;-22,756263;-47,408254;9,44;2025-11-01 23:00:00.0;nível;9,62
SANTA BÁRBARA D'OESTE;354580328H;SP;Ribeirao dos Toledos;-22,756263;-47,408254;9,44;2025-11-01 23:10:00.0;chuva;0,00
SANTA BÁRBARA D'OESTE;354580328H;SP;Ribeirao dos Toledos;-22,756263;-47,408254;9,44;2025-11-02 00:00:00.0;nível;9,62
SANTA BÁRBARA D'OESTE;354580328H;SP;Ribeirao dos Toledos;-22,756263;-47,408254;9,44;2025-11-02 00:10:00.0;chuva;0,00
SANTA BÁRBARA D'OESTE;354580328H;SP;Ribeirao dos Toledos;-22,756263;-47,408254;9,44;2025-11-02 01:00:00.0;nível;9,62
SANTA BÁRBARA D'OESTE;354580328H;SP;Ribeirao dos Toledos;-22,756263;-47,408254;9,44;2025-11-02 01:10:00.0;chuva;0,00
SANTA BÁRBARA D'OESTE;354580328H;SP;Ribeirao dos Toledos;-22,756263;-47,408254;9,44;2025-11-02 02:00:00.0;nível;9,58
SANTA BÁRBARA D'OESTE;354580328H;SP;Ribeirao dos Toledos;-22,756263;-47,408254;9,44;2025-11-02 02:10:00.0;chuva;0,00
SANTA BÁRBARA D'OESTE;354580328H;SP;Ribeirao dos Toledos;-22,756263;-47,408254;9,44;2025-11-02 03:00:00.0;nível;9,61
SANTA BÁRBARA D'OESTE;354580328H;SP;Ribeirao dos Toledos;-22,756263;-47,408254;9,44;2025-11-02 03:10:00.0;chuva;0,00
SANTA BÁRBARA D'OESTE;354580328H;SP;Ribeirao dos Toledos;-22,756263;-47,408254;9,44;2025-11-02 04:00:00.0;nível;9,62
SANTA BÁRBARA D'OESTE;354580328H;SP;Ribeirao dos Toledos;-22,756263;-47,408254;9,44;2025-11-02 04:10:00.0;chuva;0,00
SANTA BÁRBARA D'OESTE;354580328H;SP;Ribeirao dos Toledos;-22,756263;-47,408254;9,44;2025-11-02 05:00:00.0;nível;9,61
SANTA BÁRBARA D'OESTE;354580328H;SP;Ribeirao dos Toledos;-22,756263;-47,408254;9,44;2025-11-02 05:10:00.0;chuva;0,00
SANTA BÁRBARA D'OESTE;354580328H;SP;Ribeirao dos Toledos;-22,756263;-47,408254;9,44;2025-11-02 06:00:00.0;nível;9,60
SANTA BÁRBARA D'OESTE;354580328H;SP;Ribeirao dos Toledos;-22,756263;-47,408254;9,44;2025-11-02 06:10:00.0;chuva;0,00
SANTA BÁRBARA D'OESTE;354580328H;SP;Ribeirao dos Toledos;-22,756263;-47,408254;9,44;2025-11-02 07:00:00.0;nível;9,62
SANTA BÁRBARA D'OESTE;354580328H;SP;Ribeirao dos Toledos;-22,756263;-47,408254;9,44;2025-11-02 07:10:00.0;chuva;0,00
SANTA BÁRBARA D'OESTE;354580328H;SP;Ribeirao dos Toledos;-22,756263;-47,408254;9,44;2025-11-02 07:30:00.0;nível;9,51
SANTA BÁRBARA D'OESTE;354580328H;SP;Ribeirao dos Toledos;-22,756263;-47,408254;9,44;2025-11-02 08:00:00.0;nível;9,51
SANTA BÁRBARA D'OESTE;354580328H;SP;Ribeirao dos Toledos;-22,756263;-47,408254;9,44;2025-11-02 08:10:00.0;chuva;0,00
SANTA BÁRBARA D'OESTE;354580328H;SP;Ribeirao dos Toledos;-22,756263;-47,408254;9,44;2025-11-02 08:30:00.0;nível;9,43
SANTA BÁRBARA D'OESTE;354580328H;SP;Ribeirao dos Toledos;-22,756263;-47,408254;9,44;2025-11-02 08:40:00.0;nível;9,19
SANTA BÁRBARA D'OESTE;354580328H;SP;Ribeirao dos Toledos;-22,756263;-47,408254;9,44;2025-11-02 08:50:00.0;nível;8,84
SANTA BÁRBARA D'OESTE;354580328H;SP;Ribeirao dos Toledos;-22,756263;-47,408254;9,44;2025-11-02 09:00:00.0;nível;8,65
SANTA BÁRBARA D'OESTE;354580328H;SP;Ribeirao dos Toledos;-22,756263;-47,408254;9,44;2025-11-02 09:10:00.0;chuva;0,00
SANTA BÁRBARA D'OESTE;354580328H;SP;Ribeirao dos Toledos;-22,756263;-47,408254;9,44;2025-11-02 10:00:00.0;nível;8,70
SANTA BÁRBARA D'OESTE;354580328H;SP;Ribeirao dos Toledos;-22,756263;-47,408254;9,44;2025-11-02 10:10:00.0;chuva;0,00
SANTA BÁRBARA D'OESTE;354580328H;SP;Ribeirao dos Toledos;-22,756263;-47,408254;9,44;2025-11-02 10:20:00.0;nível;8,79
SANTA BÁRBARA D'OESTE;354580328H;SP;Ribeirao dos Toledos;-22,756263;-47,408254;9,44;2025-11-02 10:50:00.0;nível;8,92
SANTA BÁRBARA D'OESTE;354580328H;SP;Ribeirao dos Toledos;-22,756263;-47,408254;9,44;2025-11-02 11:00:00.0;nível;8,94
SANTA BÁRBARA D'OESTE;354580328H;SP;Ribeirao dos Toledos;-22,756263;-47,408254;9,44;2025-11-02 11:10:00.0;chuva;0,00
SANTA BÁRBARA D'OESTE;354580328H;SP;Ribeirao dos Toledos;-22,756263;-47,408254;9,44;2025-11-02 12:00:00.0;nível;8,89
SANTA BÁRBARA D'OESTE;354580328H;SP;Ribeirao dos Toledos;-22,756263;-47,408254;9,44;2025-11-02 12:10:00.0;chuva;0,00
SANTA BÁRBARA D'OESTE;354580328H;SP;Ribeirao dos Toledos;-22,756263;-47,408254;9,44;2025-11-02 12:30:00.0;nível;9,00
SANTA BÁRBARA D'OESTE;354580328H;SP;Ribeirao dos Toledos;-22,756263;-47,408254;9,44;2025-11-02 13:00:00.0;nível;9,12
SANTA BÁRBARA D'OESTE;354580328H;SP;Ribeirao dos Toledos;-22,756263;-47,408254;9,44;2025-11-02 13:10:00.0;chuva;0,00
SANTA BÁRBARA D'OESTE;354580328H;SP;Ribeirao dos Toledos;-22,756263;-47,408254;9,44;2025-11-02 14:00:00.0;nível;9,09
SANTA BÁRBARA D'OESTE;354580328H;SP;Ribeirao dos Toledos;-22,756263;-47,408254;9,44;2025-11-02 14:10:00.0;chuva;0,00
SANTA BÁRBARA D'OESTE;354580328H;SP;Ribeirao dos Toledos;-22,756263;-47,408254;9,44;2025-11-02 14:20:00.0;nível;8,82
SANTA BÁRBARA D'OESTE;354580328H;SP;Ribeirao dos Toledos;-22,756263;-47,408254;9,44;2025-11-02 14:30:00.0;nível;8,59
SANTA BÁRBARA D'OESTE;354580328H;SP;Ribeirao dos Toledos;-22,756263;-47,408254;9,44;2025-11-02 14:40:00.0;nível;8,46
SANTA BÁRBARA D'OESTE;354580328H;SP;Ribeirao dos Toledos;-22,756263;-47,408254;9,44;2025-11-02 15:00:00.0;nível;8,44
SANTA BÁRBARA D'OESTE;354580328H;SP;Ribeirao dos Toledos;-22,756263;-47,408254;9,44;2025-11-02 15:10:00.0;chuva;0,00
SANTA BÁRBARA D'OESTE;354580328H;SP;Ribeirao dos Toledos;-22,756263;-47,408254;9,44;2025-11-02 16:00:00.0;nível;8,57
SANTA BÁRBARA D'OESTE;354580328H;SP;Ribeirao dos Toledos;-22,756263;-47,408254;9,44;2025-11-02 16:10:00.0;chuva;0,00
SANTA BÁRBARA D'OESTE;354580328H;SP;Ribeirao dos Toledos;-22,756263;-47,408254;9,44;2025-11-02 16:30:00.0;nível;8,71
SANTA BÁRBARA D'OESTE;354580328H;SP;Ribeirao dos Toledos;-22,756263;-47,408254;9,44;2025-11-02 17:00:00.0;nível;8,84
SANTA BÁRBARA D'OESTE;354580328H;SP;Ribeirao dos Toledos;-22,756263;-47,408254;9,44;2025-11-02 17:10:00.0;chuva;0,00
SANTA BÁRBARA D'OESTE;354580328H;SP;Ribeirao dos Toledos;-22,756263;-47,408254;9,44;2025-11-02 17:30:00.0;nível;8,64
SANTA BÁRBARA D'OESTE;354580328H;SP;Ribeirao dos Toledos;-22,756263;-47,408254;9,44;2025-11-02 17:40:00.0;nível;8,16
SANTA BÁRBARA D'OESTE;354580328H;SP;Ribeirao dos Toledos;-22,756263;-47,408254;9,44;2025-11-02 17:50:00.0;nível;7,81
SANTA BÁRBARA D'OESTE;354580328H;SP;Ribeirao dos Toledos;-22,756263;-47,408254;9,44;2025-11-02 18:00:00.0;nível;7,72
SANTA BÁRBARA D'OESTE;354580328H;SP;Ribeirao dos Toledos;-22,756263;-47,408254;9,44;2025-11-02 18:10:00.0;chuva;0,00
SANTA BÁRBARA D'OESTE;354580328H;SP;Ribeirao dos Toledos;-22,756263;-47,408254;9,44;2025-11-02 18:30:00.0;nível;7,83
SANTA BÁRBARA D'OESTE;354580328H;SP;Ribeirao dos Toledos;-22,756263;-47,408254;9,44;2025-11-02 18:50:00.0;nível;7,93
SANTA BÁRBARA D'OESTE;354580328H;SP;Ribeirao dos Toledos;-22,756263;-47,408254;9,44;2025-11-02 19:00:00.0;nível;8,02
SANTA BÁRBARA D'OESTE;354580328H;SP;Ribeirao dos Toledos;-22,756263;-47,408254;9,44;2025-11-02 19:10:00.0;chuva;0,00
SANTA BÁRBARA D'OESTE;354580328H;SP;Ribeirao dos Toledos;-22,756263;-47,408254;9,44;2025-11-02 19:20:00.0;nível;8,16
SANTA BÁRBARA D'OESTE;354580328H;SP;Ribeirao dos Toledos;-22,756263;-47,408254;9,44;2025-11-02 19:40:00.0;nível;8,31
SANTA BÁRBARA D'OESTE;354580328H;SP;Ribeirao dos Toledos;-22,756263;-47,408254;9,44;2025-11-02 20:00:00.0;nível;8,46
SANTA BÁRBARA D'OESTE;354580328H;SP;Ribeirao dos Toledos;-22,756263;-47,408254;9,44;2025-11-02 20:10:00.0;chuva;0,00
SANTA BÁRBARA D'OESTE;354580328H;SP;Ribeirao dos Toledos;-22,756263;-47,408254;9,44;2025-11-02 20:20:00.0;nível;8,58
SANTA BÁRBARA D'OESTE;354580328H;SP;Ribeirao dos Toledos;-22,756263;-47,408254;9,44;2025-11-02 20:40:00.0;nível;8,69
SANTA BÁRBARA D'OESTE;354580328H;SP;Ribeirao dos Toledos;-22,756263;-47,408254;9,44;2025-11-02 21:00:00.0;nível;8,78
SANTA BÁRBARA D'OESTE;354580328H;SP;Ribeirao dos Toledos;-22,756263;-47,408254;9,44;2025-11-02 21:10:00.0;chuva;0,00
SANTA BÁRBARA D'OESTE;354580328H;SP;Ribeirao dos Toledos;-22,756263;-47,408254;9,44;2025-11-02 21:40:00.0;nível;8,88
SANTA BÁRBARA D'OESTE;354580328H;SP;Ribeirao dos Toledos;-22,756263;-47,408254;9,44;2025-11-02 22:00:00.0;nível;8,92
SANTA BÁRBARA D'OESTE;354580328H;SP;Ribeirao dos Toledos;-22,756263;-47,408254;9,44;2025-11-02 22:10:00.0;chuva;0,00
SANTA BÁRBARA D'OESTE;354580328H;SP;Ribeirao dos Toledos;-22,756263;-47,408254;9,44;2025-11-02 22:50:00.0;chuva;0,20
SANTA BÁRBARA D'OESTE;354580328H;SP;Ribeirao dos Toledos;-22,756263;-47,408254;9,44;2025-11-02 23:00:00.0;nível;8,97
SANTA BÁRBARA D'OESTE;354580328H;SP;Ribeirao dos Toledos;-22,756263;-47,408254;9,44;2025-11-02 23:10:00.0;chuva;0,00
SANTA BÁRBARA D'OESTE;354580328H;SP;Ribeirao dos Toledos;-22,756263;-47,408254;9,44;2025-11-03 00:00:00.0;nível;9,03
SANTA BÁRBARA D'OESTE;354580328H;SP;Ribeirao dos Toledos;-22,756263;-47,408254;9,44;2025-11-03 00:10:00.0;chuva;0,00
SANTA BÁRBARA D'OESTE;354580328H;SP;Ribeirao dos Toledos;-22,756263;-47,408254;9,44;2025-11-03 01:00:00.0;nível;9,08
SANTA BÁRBARA D'OESTE;354580328H;SP;Ribeirao dos Toledos;-22,756263;-47,408254;9,44;2025-11-03 01:10:00.0;chuva;0,00
SANTA BÁRBARA D'OESTE;354580328H;SP;Ribeirao dos Toledos;-22,756263;-47,408254;9,44;2025-11-03 02:00:00.0;nível;9,14
SANTA BÁRBARA D'OESTE;354580328H;SP;Ribeirao dos Toledos;-22,756263;-47,408254;9,44;2025-11-03 02:10:00.0;chuva;0,00
SANTA BÁRBARA D'OESTE;354580328H;SP;Ribeirao dos Toledos;-22,756263;-47,408254;9,44;2025-11-03 03:00:00.0;nível;9,19
SANTA BÁRBARA D'OESTE;354580328H;SP;Ribeirao dos Toledos;-22,756263;-47,408254;9,44;2025-11-03 03:10:00.0;chuva;0,00
SANTA BÁRBARA D'OESTE;354580328H;SP;Ribeirao dos Toledos;-22,756263;-47,408254;9,44;2025-11-03 04:00:00.0;nível;9,24
SANTA BÁRBARA D'OESTE;354580328H;SP;Ribeirao dos Toledos;-22,756263;-47,408254;9,44;2025-11-03 04:10:00.0;chuva;0,00
SANTA BÁRBARA D'OESTE;354580328H;SP;Ribeirao dos Toledos;-22,756263;-47,408254;9,44;2025-11-03 05:00:00.0;nível;9,28
SANTA BÁRBARA D'OESTE;354580328H;SP;Ribeirao dos Toledos;-22,756263;-47,408254;9,44;2025-11-03 05:10:00.0;chuva;0,00
SANTA BÁRBARA D'OESTE;354580328H;SP;Ribeirao dos Toledos;-22,756263;-47,408254;9,44;2025-11-03 06:00:00.0;nível;9,31
SANTA BÁRBARA D'OESTE;354580328H;SP;Ribeirao dos Toledos;-22,756263;-47,408254;9,44;2025-11-03 06:10:00.0;chuva;0,00
SANTA BÁRBARA D'OESTE;354580328H;SP;Ribeirao dos Toledos;-22,756263;-47,408254;9,44;2025-11-03 07:00:00.0;nível;9,33
SANTA BÁRBARA D'OESTE;354580328H;SP;Ribeirao dos Toledos;-22,756263;-47,408254;9,44;2025-11-03 07:10:00.0;chuva;0,00
SANTA BÁRBARA D'OESTE;354580328H;SP;Ribeirao dos Toledos;-22,756263;-47,408254;9,44;2025-11-03 08:00:00.0;nível;9,36
SANTA BÁRBARA D'OESTE;354580328H;SP;Ribeirao dos Toledos;-22,756263;-47,408254;9,44;2025-11-03 08:10:00.0;chuva;0,00
SANTA BÁRBARA D'OESTE;354580328H;SP;Ribeirao dos Toledos;-22,756263;-47,408254;9,44;2025-11-03 09:00:00.0;nível;9,37
SANTA BÁRBARA D'OESTE;354580328H;SP;Ribeirao dos Toledos;-22,756263;-47,408254;9,44;2025-11-03 09:10:00.0;chuva;0,00
SANTA BÁRBARA D'OESTE;354580328H;SP;Ribeirao dos Toledos;-22,756263;-47,408254;9,44;2025-11-03 10:00:00.0;nível;9,38
SANTA BÁRBARA D'OESTE;354580328H;SP;Ribeirao dos Toledos;-22,756263;-47,408254;9,44;2025-11-03 10:10:00.0;chuva;0,00
SANTA BÁRBARA D'OESTE;354580328H;SP;Ribeirao dos Toledos;-22,756263;-47,408254;9,44;2025-11-03 11:00:00.0;nível;9,38
SANTA BÁRBARA D'OESTE;354580328H;SP;Ribeirao dos Toledos;-22,756263;-47,408254;9,44;2025-11-03 11:10:00.0;chuva;0,00
SANTA BÁRBARA D'OESTE;354580328H;SP;Ribeirao dos Toledos;-22,756263;-47,408254;9,44;2025-11-03 12:00:00.0;nível;9,41
SANTA BÁRBARA D'OESTE;354580328H;SP;Ribeirao dos Toledos;-22,756263;-47,408254;9,44;2025-11-03 12:10:00.0;chuva;0,00
SANTA BÁRBARA D'OESTE;354580328H;SP;Ribeirao dos Toledos;-22,756263;-47,408254;9,44;2025-11-03 13:00:00.0;nível;9,44
SANTA BÁRBARA D'OESTE;354580328H;SP;Ribeirao dos Toledos;-22,756263;-47,408254;9,44;2025-11-03 13:10:00.0;chuva;0,00
SANTA BÁRBARA D'OESTE;354580328H;SP;Ribeirao dos Toledos;-22,756263;-47,408254;9,44;2025-11-03 14:00:00.0;nível;9,46
SANTA BÁRBARA D'OESTE;354580328H;SP;Ribeirao dos Toledos;-22,756263;-47,408254;9,44;2025-11-03 14:10:00.0;chuva;0,00
SANTA BÁRBARA D'OESTE;354580328H;SP;Ribeirao dos Toledos;-22,756263;-47,408254;9,44;2025-11-03 15:00:00.0;nível;9,48
SANTA BÁRBARA D'OESTE;354580328H;SP;Ribeirao dos Toledos;-22,756263;-47,408254;9,44;2025-11-03 15:10:00.0;chuva;0,00
SANTA BÁRBARA D'OESTE;354580328H;SP;Ribeirao dos Toledos;-22,756263;-47,408254;9,44;2025-11-03 16:00:00.0;nível;9,50
SANTA BÁRBARA D'OESTE;354580328H;SP;Ribeirao dos Toledos;-22,756263;-47,408254;9,44;2025-11-03 16:10:00.0;chuva;0,00
SANTA BÁRBARA D'OESTE;354580328H;SP;Ribeirao dos Toledos;-22,756263;-47,408254;9,44;2025-11-03 17:00:00.0;nível;9,52
SANTA BÁRBARA D'OESTE;354580328H;SP;Ribeirao dos Toledos;-22,756263;-47,408254;9,44;2025-11-03 17:10:00.0;chuva;0,00
SANTA BÁRBARA D'OESTE;354580328H;SP;Ribeirao dos Toledos;-22,756263;-47,408254;9,44;2025-11-03 18:00:00.0;nível;9,54
SANTA BÁRBARA D'OESTE;354580328H;SP;Ribeirao dos Toledos;-22,756263;-47,408254;9,44;2025-11-03 18:10:00.0;chuva;0,00
SANTA BÁRBARA D'OESTE;354580328H;SP;Ribeirao dos Toledos;-22,756263;-47,408254;9,44;2025-11-03 19:00:00.0;nível;9,53
SANTA BÁRBARA D'OESTE;354580328H;SP;Ribeirao dos Toledos;-22,756263;-47,408254;9,44;2025-11-03 19:10:00.0;chuva;0,00
SANTA BÁRBARA D'OESTE;354580328H;SP;Ribeirao dos Toledos;-22,756263;-47,408254;9,44;2025-11-03 20:00:00.0;nível;9,55
SANTA BÁRBARA D'OESTE;354580328H;SP;Ribeirao dos Toledos;-22,756263;-47,408254;9,44;2025-11-03 20:10:00.0;chuva;0,00
SANTA BÁRBARA D'OESTE;354580328H;SP;Ribeirao dos Toledos;-22,756263;-47,408254;9,44;2025-11-03 21:00:00.0;nível;9,56
SANTA BÁRBARA D'OESTE;354580328H;SP;Ribeirao dos Toledos;-22,756263;-47,408254;9,44;2025-11-03 21:10:00.0;chuva;0,00
SANTA BÁRBARA D'OESTE;354580328H;SP;Ribeirao dos Toledos;-22,756263;-47,408254;9,44;2025-11-03 21:50:00.0;nível;9,42
SANTA BÁRBARA D'OESTE;354580328H;SP;Ribeirao dos Toledos;-22,756263;-47,408254;9,44;2025-11-03 22:00:00.0;nível;9,34
SANTA BÁRBARA D'OESTE;354580328H;SP;Ribeirao dos Toledos;-22,756263;-47,408254;9,44;2025-11-03 22:10:00.0;chuva;0,00
SANTA BÁRBARA D'OESTE;354580328H;SP;Ribeirao dos Toledos;-22,756263;-47,408254;9,44;2025-11-03 23:00:00.0;nível;9,35
SANTA BÁRBARA D'OESTE;354580328H;SP;Ribeirao dos Toledos;-22,756263;-47,408254;9,44;2025-11-03 23:10:00.0;chuva;0,00
SANTA BÁRBARA D'OESTE;354580328H;SP;Ribeirao dos Toledos;-22,756263;-47,408254;9,44;2025-11-04 00:00:00.0;nível;9,46
SANTA BÁRBARA D'OESTE;354580328H;SP;Ribeirao dos Toledos;-22,756263;-47,408254;9,44;2025-11-04 00:10:00.0;chuva;0,00
SANTA BÁRBARA D'OESTE;354580328H;SP;Ribeirao dos Toledos;-22,756263;-47,408254;9,44;2025-11-04 01:00:00.0;nível;9,51
SANTA BÁRBARA D'OESTE;354580328H;SP;Ribeirao dos Toledos;-22,756263;-47,408254;9,44;2025-11-04 01:10:00.0;chuva;0,00
SANTA BÁRBARA D'OESTE;354580328H;SP;Ribeirao dos Toledos;-22,756263;-47,408254;9,44;2025-11-04 02:00:00.0;nível;9,50
SANTA BÁRBARA D'OESTE;354580328H;SP;Ribeirao dos Toledos;-22,756263;-47,408254;9,44;2025-11-04 02:10:00.0;chuva;0,00
SANTA BÁRBARA D'OESTE;354580328H;SP;Ribeirao dos Toledos;-22,756263;-47,408254;9,44;2025-11-04 03:00:00.0;nível;9,54
SANTA BÁRBARA D'OESTE;354580328H;SP;Ribeirao dos Toledos;-22,756263;-47,408254;9,44;2025-11-04 03:10:00.0;chuva;0,00
SANTA BÁRBARA D'OESTE;354580328H;SP;Ribeirao dos Toledos;-22,756263;-47,408254;9,44;2025-11-04 04:00:00.0;nível;9,55
SANTA BÁRBARA D'OESTE;354580328H;SP;Ribeirao dos Toledos;-22,756263;-47,408254;9,44;2025-11-04 04:10:00.0;chuva;0,00
SANTA BÁRBARA D'OESTE;354580328H;SP;Ribeirao dos Toledos;-22,756263;-47,408254;9,44;2025-11-04 05:00:00.0;nível;9,55
SANTA BÁRBARA D'OESTE;354580328H;SP;Ribeirao dos Toledos;-22,756263;-47,408254;9,44;2025-11-04 05:10:00.0;chuva;0,00
SANTA BÁRBARA D'OESTE;354580328H;SP;Ribeirao dos Toledos;-22,756263;-47,408254;9,44;2025-11-04 06:00:00.0;nível;9,54
SANTA BÁRBARA D'OESTE;354580328H;SP;Ribeirao dos Toledos;-22,756263;-47,408254;9,44;2025-11-04 06:10:00.0;chuva;0,00
SANTA BÁRBARA D'OESTE;354580328H;SP;Ribeirao dos Toledos;-22,756263;-47,408254;9,44;2025-11-04 07:00:00.0;nível;9,56
SANTA BÁRBARA D'OESTE;354580328H;SP;Ribeirao dos Toledos;-22,756263;-47,408254;9,44;2025-11-04 07:10:00.0;chuva;0,00
SANTA BÁRBARA D'OESTE;354580328H;SP;Ribeirao dos Toledos;-22,756263;-47,408254;9,44;2025-11-04 08:00:00.0;nível;9,57
SANTA BÁRBARA D'OESTE;354580328H;SP;Ribeirao dos Toledos;-22,756263;-47,408254;9,44;2025-11-04 08:10:00.0;chuva;0,00
SANTA BÁRBARA D'OESTE;354580328H;SP;Ribeirao dos Toledos;-22,756263;-47,408254;9,44;2025-11-04 09:00:00.0;nível;9,57
SANTA BÁRBARA D'OESTE;354580328H;SP;Ribeirao dos Toledos;-22,756263;-47,408254;9,44;2025-11-04 09:10:00.0;chuva;0,00
SANTA BÁRBARA D'OESTE;354580328H;SP;Ribeirao dos Toledos;-22,756263;-47,408254;9,44;2025-11-04 10:00:00.0;nível;9,57
SANTA BÁRBARA D'OESTE;354580328H;SP;Ribeirao dos Toledos;-22,756263;-47,408254;9,44;2025-11-04 10:10:00.0;chuva;0,00
SANTA BÁRBARA D'OESTE;354580328H;SP;Ribeirao dos Toledos;-22,756263;-47,408254;9,44;2025-11-04 11:00:00.0;nível;9,58
SANTA BÁRBARA D'OESTE;354580328H;SP;Ribeirao dos Toledos;-22,756263;-47,408254;9,44;2025-11-04 11:10:00.0;chuva;0,00
SANTA BÁRBARA D'OESTE;354580328H;SP;Ribeirao dos Toledos;-22,756263;-47,408254;9,44;2025-11-04 12:00:00.0;nível;9,57
SANTA BÁRBARA D'OESTE;354580328H;SP;Ribeirao dos Toledos;-22,756263;-47,408254;9,44;2025-11-04 12:10:00.0;chuva;0,00
SANTA BÁRBARA D'OESTE;354580328H;SP;Ribeirao dos Toledos;-22,756263;-47,408254;9,44;2025-11-04 13:00:00.0;nível;9,57
SANTA BÁRBARA D'OESTE;354580328H;SP;Ribeirao dos Toledos;-22,756263;-47,408254;9,44;2025-11-04 13:10:00.0;chuva;0,00
SANTA BÁRBARA D'OESTE;354580328H;SP;Ribeirao dos Toledos;-22,756263;-47,408254;9,44;2025-11-04 14:00:00.0;nível;9,57
SANTA BÁRBARA D'OESTE;354580328H;SP;Ribeirao dos Toledos;-22,756263;-47,408254;9,44;2025-11-04 14:10:00.0;chuva;0,00
SANTA BÁRBARA D'OESTE;354580328H;SP;Ribeirao dos Toledos;-22,756263;-47,408254;9,44;2025-11-04 15:00:00.0;nível;9,57
SANTA BÁRBARA D'OESTE;354580328H;SP;Ribeirao dos Toledos;-22,756263;-47,408254;9,44;2025-11-04 15:10:00.0;chuva;0,00
SANTA BÁRBARA D'OESTE;354580328H;SP;Ribeirao dos Toledos;-22,756263;-47,408254;9,44;2025-11-04 16:00:00.0;nível;9,58
SANTA BÁRBARA D'OESTE;354580328H;SP;Ribeirao dos Toledos;-22,756263;-47,408254;9,44;2025-11-04 16:10:00.0;chuva;0,00
SANTA BÁRBARA D'OESTE;354580328H;SP;Ribeirao dos Toledos;-22,756263;-47,408254;9,44;2025-11-04 17:00:00.0;nível;9,53
SANTA BÁRBARA D'OESTE;354580328H;SP;Ribeirao dos Toledos;-22,756263;-47,408254;9,44;2025-11-04 17:10:00.0;chuva;0,00
SANTA BÁRBARA D'OESTE;354580328H;SP;Ribeirao dos Toledos;-22,756263;-47,408254;9,44;2025-11-04 18:00:00.0;nível;9,43
SANTA BÁRBARA D'OESTE;354580328H;SP;Ribeirao dos Toledos;-22,756263;-47,408254;9,44;2025-11-04 18:10:00.0;chuva;0,00
SANTA BÁRBARA D'OESTE;354580328H;SP;Ribeirao dos Toledos;-22,756263;-47,408254;9,44;2025-11-04 19:00:00.0;nível;9,38
SANTA BÁRBARA D'OESTE;354580328H;SP;Ribeirao dos Toledos;-22,756263;-47,408254;9,44;2025-11-04 19:10:00.0;chuva;0,00
SANTA BÁRBARA D'OESTE;354580328H;SP;Ribeirao dos Toledos;-22,756263;-47,408254;9,44;2025-11-04 20:00:00.0;nível;9,33
SANTA BÁRBARA D'OESTE;354580328H;SP;Ribeirao dos Toledos;-22,756263;-47,408254;9,44;2025-11-04 20:10:00.0;chuva;0,00
SANTA BÁRBARA D'OESTE;354580328H;SP;Ribeirao dos Toledos;-22,756263;-47,408254;9,44;2025-11-04 21:00:00.0;nível;9,30
SANTA BÁRBARA D'OESTE;354580328H;SP;Ribeirao dos Toledos;-22,756263;-47,408254;9,44;2025-11-04 21:10:00.0;chuva;0,00
SANTA BÁRBARA D'OESTE;354580328H;SP;Ribeirao dos Toledos;-22,756263;-47,408254;9,44;2025-11-04 22:00:00.0;nível;9,28
SANTA BÁRBARA D'OESTE;354580328H;SP;Ribeirao dos Toledos;-22,756263;-47,408254;9,44;2025-11-04 22:10:00.0;chuva;0,00
SANTA BÁRBARA D'OESTE;354580328H;SP;Ribeirao dos Toledos;-22,756263;-47,408254;9,44;2025-11-04 23:00:00.0;nível;9,25
SANTA BÁRBARA D'OESTE;354580328H;SP;Ribeirao dos Toledos;-22,756263;-47,408254;9,44;2025-11-04 23:10:00.0;chuva;0,00
SOROCABA;355220514H;SP;Rio Una;-23,5015;-47,4519;13,13;2025-11-01 00:00:00.0;nível;12,86
SOROCABA;355220514H;SP;Rio Una;-23,5015;-47,4519;13,13;2025-11-01 01:00:00.0;nível;12,88
SOROCABA;355220514H;SP;Rio Una;-23,5015;-47,4519;13,13;2025-11-01 01:30:00.0;chuva;0,20
SOROCABA;355220514H;SP;Rio Una;-23,5015;-47,4519;13,13;2025-11-01 02:00:00.0;nível;12,90
SOROCABA;355220514H;SP;Rio Una;-23,5015;-47,4519;13,13;2025-11-01 03:00:00.0;nível;12,91
SOROCABA;355220514H;SP;Rio Una;-23,5015;-47,4519;13,13;2025-11-01 04:00:00.0;nível;12,93
SOROCABA;355220514H;SP;Rio Una;-23,5015;-47,4519;13,13;2025-11-01 05:00:00.0;nível;12,93
SOROCABA;355220514H;SP;Rio Una;-23,5015;-47,4519;13,13;2025-11-01 06:00:00.0;nível;12,94
SOROCABA;355220514H;SP;Rio Una;-23,5015;-47,4519;13,13;2025-11-01 07:00:00.0;nível;12,95
SOROCABA;355220514H;SP;Rio Una;-23,5015;-47,4519;13,13;2025-11-01 07:10:00.0;chuva;0,20
SOROCABA;355220514H;SP;Rio Una;-23,5015;-47,4519;13,13;2025-11-01 08:00:00.0;nível;12,95
SOROCABA;355220514H;SP;Rio Una;-23,5015;-47,4519;13,13;2025-11-01 09:00:00.0;nível;12,95
SOROCABA;355220514H;SP;Rio Una;-23,5015;-47,4519;13,13;2025-11-01 10:00:00.0;nível;12,96
SOROCABA;355220514H;SP;Rio Una;-23,5015;-47,4519;13,13;2025-11-01 11:00:00.0;nível;12,95
SOROCABA;355220514H;SP;Rio Una;-23,5015;-47,4519;13,13;2025-11-01 12:00:00.0;chuva;0,20
SOROCABA;355220514H;SP;Rio Una;-23,5015;-47,4519;13,13;2025-11-01 12:00:00.0;nível;12,95
SOROCABA;355220514H;SP;Rio Una;-23,5015;-47,4519;13,13;2025-11-01 13:00:00.0;nível;12,95
SOROCABA;355220514H;SP;Rio Una;-23,5015;-47,4519;13,13;2025-11-01 14:00:00.0;nível;12,95
SOROCABA;355220514H;SP;Rio Una;-23,5015;-47,4519;13,13;2025-11-01 15:00:00.0;nível;12,94
SOROCABA;355220514H;SP;Rio Una;-23,5015;-47,4519;13,13;2025-11-01 16:00:00.0;nível;12,94
SOROCABA;355220514H;SP;Rio Una;-23,5015;-47,4519;13,13;2025-11-01 17:00:00.0;nível;12,95
SOROCABA;355220514H;SP;Rio Una;-23,5015;-47,4519;13,13;2025-11-01 17:20:00.0;chuva;0,20
SOROCABA;355220514H;SP;Rio Una;-23,5015;-47,4519;13,13;2025-11-01 18:00:00.0;nível;12,96
SOROCABA;355220514H;SP;Rio Una;-23,5015;-47,4519;13,13;2025-11-01 19:00:00.0;nível;12,98
SOROCABA;355220514H;SP;Rio Una;-23,5015;-47,4519;13,13;2025-11-01 20:00:00.0;nível;13,01
SOROCABA;355220514H;SP;Rio Una;-23,5015;-47,4519;13,13;2025-11-01 21:00:00.0;nível;13,01
SOROCABA;355220514H;SP;Rio Una;-23,5015;-47,4519;13,13;2025-11-01 22:00:00.0;nível;12,98
SOROCABA;355220514H;SP;Rio Una;-23,5015;-47,4519;13,13;2025-11-01 23:00:00.0;nível;12,94
SOROCABA;355220514H;SP;Rio Una;-23,5015;-47,4519;13,13;2025-11-01 23:20:00.0;chuva;0,20
SOROCABA;355220514H;SP;Rio Una;-23,5015;-47,4519;13,13;2025-11-02 00:00:00.0;nível;12,93
SOROCABA;355220514H;SP;Rio Una;-23,5015;-47,4519;13,13;2025-11-02 01:00:00.0;nível;12,94
SOROCABA;355220514H;SP;Rio Una;-23,5015;-47,4519;13,13;2025-11-02 02:00:00.0;nível;12,94
SOROCABA;355220514H;SP;Rio Una;-23,5015;-47,4519;13,13;2025-11-02 03:00:00.0;nível;12,95
SOROCABA;355220514H;SP;Rio Una;-23,5015;-47,4519;13,13;2025-11-02 04:00:00.0;nível;12,97
SOROCABA;355220514H;SP;Rio Una;-23,5015;-47,4519;13,13;2025-11-02 04:30:00.0;chuva;0,20
SOROCABA;355220514H;SP;Rio Una;-23,5015;-47,4519;13,13;2025-11-02 05:00:00.0;nível;12,97
SOROCABA;355220514H;SP;Rio Una;-23,5015;-47,4519;13,13;2025-11-02 05:30:00.0;nível;12,84
SOROCABA;355220514H;SP;Rio Una;-23,5015;-47,4519;13,13;2025-11-02 05:40:00.0;nível;12,73
SOROCABA;355220514H;SP;Rio Una;-23,5015;-47,4519;13,13;2025-11-02 06:00:00.0;nível;12,61
SOROCABA;355220514H;SP;Rio Una;-23,5015;-47,4519;13,13;2025-11-02 06:30:00.0;nível;12,47
SOROCABA;355220514H;SP;Rio Una;-23,5015;-47,4519;13,13;2025-11-02 06:50:00.0;nível;12,35
SOROCABA;355220514H;SP;Rio Una;-23,5015;-47,4519;13,13;2025-11-02 07:00:00.0;nível;12,32
SOROCABA;355220514H;SP;Rio Una;-23,5015;-47,4519;13,13;2025-11-02 07:30:00.0;nível;12,21
SOROCABA;355220514H;SP;Rio Una;-23,5015;-47,4519;13,13;2025-11-02 08:00:00.0;nível;12,27
SOROCABA;355220514H;SP;Rio Una;-23,5015;-47,4519;13,13;2025-11-02 08:30:00.0;chuva;0,20
SOROCABA;355220514H;SP;Rio Una;-23,5015;-47,4519;13,13;2025-11-02 08:50:00.0;nível;12,38
SOROCABA;355220514H;SP;Rio Una;-23,5015;-47,4519;13,13;2025-11-02 09:00:00.0;nível;12,40
SOROCABA;355220514H;SP;Rio Una;-23,5015;-47,4519;13,13;2025-11-02 09:50:00.0;nível;12,51
SOROCABA;355220514H;SP;Rio Una;-23,5015;-47,4519;13,13;2025-11-02 10:00:00.0;nível;12,53
SOROCABA;355220514H;SP;Rio Una;-23,5015;-47,4519;13,13;2025-11-02 11:00:00.0;nível;12,57
SOROCABA;355220514H;SP;Rio Una;-23,5015;-47,4519;13,13;2025-11-02 12:00:00.0;chuva;0,20
SOROCABA;355220514H;SP;Rio Una;-23,5015;-47,4519;13,13;2025-11-02 12:00:00.0;nível;12,65
SOROCABA;355220514H;SP;Rio Una;-23,5015;-47,4519;13,13;2025-11-02 13:00:00.0;nível;12,69
SOROCABA;355220514H;SP;Rio Una;-23,5015;-47,4519;13,13;2025-11-02 13:40:00.0;nível;12,56
SOROCABA;355220514H;SP;Rio Una;-23,5015;-47,4519;13,13;2025-11-02 14:00:00.0;nível;12,40
SOROCABA;355220514H;SP;Rio Una;-23,5015;-47,4519;13,13;2025-11-02 14:40:00.0;chuva;0,20
SOROCABA;355220514H;SP;Rio Una;-23,5015;-47,4519;13,13;2025-11-02 15:00:00.0;nível;12,33
SOROCABA;355220514H;SP;Rio Una;-23,5015;-47,4519;13,13;2025-11-02 15:50:00.0;nível;12,43
SOROCABA;355220514H;SP;Rio Una;-23,5015;-47,4519;13,13;2025-11-02 16:00:00.0;nível;12,45
SOROCABA;355220514H;SP;Rio Una;-23,5015;-47,4519;13,13;2025-11-02 17:00:00.0;nível;12,47
SOROCABA;355220514H;SP;Rio Una;-23,5015;-47,4519;13,13;2025-11-02 17:10:00.0;chuva;0,20
SOROCABA;355220514H;SP;Rio Una;-23,5015;-47,4519;13,13;2025-11-02 18:00:00.0;nível;12,53
SOROCABA;355220514H;SP;Rio Una;-23,5015;-47,4519;13,13;2025-11-02 18:50:00.0;chuva;0,20
SOROCABA;355220514H;SP;Rio Una;-23,5015;-47,4519;13,13;2025-11-02 19:00:00.0;nível;12,63
SOROCABA;355220514H;SP;Rio Una;-23,5015;-47,4519;13,13;2025-11-02 20:00:00.0;nível;12,72
SOROCABA;355220514H;SP;Rio Una;-23,5015;-47,4519;13,13;2025-11-02 20:40:00.0;chuva;0,20
SOROCABA;355220514H;SP;Rio Una;-23,5015;-47,4519;13,13;2025-11-02 21:00:00.0;nível;12,79
SOROCABA;355220514H;SP;Rio Una;-23,5015;-47,4519;13,13;2025-11-02 22:00:00.0;nível;12,83
SOROCABA;355220514H;SP;Rio Una;-23,5015;-47,4519;13,13;2025-11-02 22:10:00.0;chuva;0,20
SOROCABA;355220514H;SP;Rio Una;-23,5015;-47,4519;13,13;2025-11-02 23:00:00.0;nível;12,86
SOROCABA;355220514H;SP;Rio Una;-23,5015;-47,4519;13,13;2025-11-02 23:50:00.0;chuva;0,20
SOROCABA;355220514H;SP;Rio Una;-23,5015;-47,4519;13,13;2025-11-03 00:00:00.0;nível;12,88
SOROCABA;355220514H;SP;Rio Una;-23,5015;-47,4519;13,13;2025-11-03 00:50:00.0;chuva;0,20
SOROCABA;355220514H;SP;Rio Una;-23,5015;-47,4519;13,13;2025-11-03 01:00:00.0;nível;12,89
SOROCABA;355220514H;SP;Rio Una;-23,5015;-47,4519;13,13;2025-11-03 02:00:00.0;nível;12,90
SOROCABA;355220514H;SP;Rio Una;-23,5015;-47,4519;13,13;2025-11-03 02:10:00.0;chuva;0,20
SOROCABA;355220514H;SP;Rio Una;-23,5015;-47,4519;13,13;2025-11-03 03:00:00.0;nível;12,91
SOROCABA;355220514H;SP;Rio Una;-23,5015;-47,4519;13,13;2025-11-03 03:20:00.0;chuva;0,20
SOROCABA;355220514H;SP;Rio Una;-23,5015;-47,4519;13,13;2025-11-03 04:00:00.0;nível;12,92
SOROCABA;355220514H;SP;Rio Una;-23,5015;-47,4519;13,13;2025-11-03 04:50:00.0;chuva;0,20
SOROCABA;355220514H;SP;Rio Una;-23,5015;-47,4519;13,13;2025-11-03 05:00:00.0;nível;12,92
SOROCABA;355220514H;SP;Rio Una;-23,5015;-47,4519;13,13;2025-11-03 06:00:00.0;nível;12,93
SOROCABA;355220514H;SP;Rio Una;-23,5015;-47,4519;13,13;2025-11-03 06:20:00.0;chuva;0,20
SOROCABA;355220514H;SP;Rio Una;-23,5015;-47,4519;13,13;2025-11-03 07:00:00.0;nível;12,93
SOROCABA;355220514H;SP;Rio Una;-23,5015;-47,4519;13,13;2025-11-03 07:40:00.0;chuva;0,20
SOROCABA;355220514H;SP;Rio Una;-23,5015;-47,4519;13,13;2025-11-03 08:00:00.0;nível;12,93
SOROCABA;355220514H;SP;Rio Una;-23,5015;-47,4519;13,13;2025-11-03 09:00:00.0;nível;12,93
SOROCABA;355220514H;SP;Rio Una;-23,5015;-47,4519;13,13;2025-11-03 09:00:00.0;chuva;0,20
SOROCABA;355220514H;SP;Rio Una;-23,5015;-47,4519;13,13;2025-11-03 10:00:00.0;nível;12,93
SOROCABA;355220514H;SP;Rio Una;-23,5015;-47,4519;13,13;2025-11-03 10:30:00.0;chuva;0,20
SOROCABA;355220514H;SP;Rio Una;-23,5015;-47,4519;13,13;2025-11-03 11:00:00.0;nível;12,93
SOROCABA;355220514H;SP;Rio Una;-23,5015;-47,4519;13,13;2025-11-03 11:30:00.0;chuva;0,20
SOROCABA;355220514H;SP;Rio Una;-23,5015;-47,4519;13,13;2025-11-03 12:00:00.0;nível;12,93
SOROCABA;355220514H;SP;Rio Una;-23,5015;-47,4519;13,13;2025-11-03 12:20:00.0;chuva;0,20
SOROCABA;355220514H;SP;Rio Una;-23,5015;-47,4519;13,13;2025-11-03 13:00:00.0;nível;12,94
SOROCABA;355220514H;SP;Rio Una;-23,5015;-47,4519;13,13;2025-11-03 13:00:00.0;chuva;0,20
SOROCABA;355220514H;SP;Rio Una;-23,5015;-47,4519;13,13;2025-11-03 13:20:00.0;chuva;0,20
SOROCABA;355220514H;SP;Rio Una;-23,5015;-47,4519;13,13;2025-11-03 13:40:00.0;chuva;0,20
SOROCABA;355220514H;SP;Rio Una;-23,5015;-47,4519;13,13;2025-11-03 13:50:00.0;chuva;0,20
SOROCABA;355220514H;SP;Rio Una;-23,5015;-47,4519;13,13;2025-11-03 14:00:00.0;nível;12,93
SOROCABA;355220514H;SP;Rio Una;-23,5015;-47,4519;13,13;2025-11-03 14:00:00.0;chuva;0,20
SOROCABA;355220514H;SP;Rio Una;-23,5015;-47,4519;13,13;2025-11-03 14:10:00.0;chuva;0,20
SOROCABA;355220514H;SP;Rio Una;-23,5015;-47,4519;13,13;2025-11-03 14:20:00.0;chuva;0,20
SOROCABA;355220514H;SP;Rio Una;-23,5015;-47,4519;13,13;2025-11-03 14:30:00.0;chuva;0,20
SOROCABA;355220514H;SP;Rio Una;-23,5015;-47,4519;13,13;2025-11-03 14:40:00.0;chuva;0,20
SOROCABA;355220514H;SP;Rio Una;-23,5015;-47,4519;13,13;2025-11-03 14:50:00.0;chuva;0,20
SOROCABA;355220514H;SP;Rio Una;-23,5015;-47,4519;13,13;2025-11-03 15:00:00.0;nível;12,93
SOROCABA;355220514H;SP;Rio Una;-23,5015;-47,4519;13,13;2025-11-03 15:00:00.0;chuva;0,20
SOROCABA;355220514H;SP;Rio Una;-23,5015;-47,4519;13,13;2025-11-03 15:10:00.0;chuva;0,20
SOROCABA;355220514H;SP;Rio Una;-23,5015;-47,4519;13,13;2025-11-03 15:20:00.0;chuva;0,20
SOROCABA;355220514H;SP;Rio Una;-23,5015;-47,4519;13,13;2025-11-03 15:30:00.0;chuva;0,20
SOROCABA;355220514H;SP;Rio Una;-23,5015;-47,4519;13,13;2025-11-03 15:40:00.0;chuva;0,20
SOROCABA;355220514H;SP;Rio Una;-23,5015;-47,4519;13,13;2025-11-03 16:00:00.0;chuva;0,20
SOROCABA;355220514H;SP;Rio Una;-23,5015;-47,4519;13,13;2025-11-03 16:00:00.0;nível;12,93
SOROCABA;355220514H;SP;Rio Una;-23,5015;-47,4519;13,13;2025-11-03 16:10:00.0;chuva;0,20
SOROCABA;355220514H;SP;Rio Una;-23,5015;-47,4519;13,13;2025-11-03 16:20:00.0;chuva;0,20
SOROCABA;355220514H;SP;Rio Una;-23,5015;-47,4519;13,13;2025-11-03 16:30:00.0;chuva;0,20
SOROCABA;355220514H;SP;Rio Una;-23,5015;-47,4519;13,13;2025-11-03 16:40:00.0;chuva;0,20
SOROCABA;355220514H;SP;Rio Una;-23,5015;-47,4519;13,13;2025-11-03 17:00:00.0;chuva;0,20
SOROCABA;355220514H;SP;Rio Una;-23,5015;-47,4519;13,13;2025-11-03 17:00:00.0;nível;12,93
SOROCABA;355220514H;SP;Rio Una;-23,5015;-47,4519;13,13;2025-11-03 17:10:00.0;chuva;0,20
SOROCABA;355220514H;SP;Rio Una;-23,5015;-47,4519;13,13;2025-11-03 17:20:00.0;chuva;0,20
SOROCABA;355220514H;SP;Rio Una;-23,5015;-47,4519;13,13;2025-11-03 17:40:00.0;chuva;0,20
SOROCABA;355220514H;SP;Rio Una;-23,5015;-47,4519;13,13;2025-11-03 18:00:00.0;chuva;0,20
SOROCABA;355220514H;SP;Rio Una;-23,5015;-47,4519;13,13;2025-11-03 18:00:00.0;nível;12,94
SOROCABA;355220514H;SP;Rio Una;-23,5015;-47,4519;13,13;2025-11-03 18:10:00.0;chuva;0,20
SOROCABA;355220514H;SP;Rio Una;-23,5015;-47,4519;13,13;2025-11-03 18:30:00.0;chuva;0,20
SOROCABA;355220514H;SP;Rio Una;-23,5015;-47,4519;13,13;2025-11-03 18:50:00.0;chuva;0,20
SOROCABA;355220514H;SP;Rio Una;-23,5015;-47,4519;13,13;2025-11-03 19:00:00.0;chuva;0,20
SOROCABA;355220514H;SP;Rio Una;-23,5015;-47,4519;13,13;2025-11-03 19:00:00.0;nível;12,94
SOROCABA;355220514H;SP;Rio Una;-23,5015;-47,4519;13,13;2025-11-03 19:20:00.0;chuva;0,20
SOROCABA;355220514H;SP;Rio Una;-23,5015;-47,4519;13,13;2025-11-03 19:40:00.0;chuva;0,20
SOROCABA;355220514H;SP;Rio Una;-23,5015;-47,4519;13,13;2025-11-03 20:00:00.0;chuva;0,20
SOROCABA;355220514H;SP;Rio Una;-23,5015;-47,4519;13,13;2025-11-03 20:00:00.0;nível;12,95
SOROCABA;355220514H;SP;Rio Una;-23,5015;-47,4519;13,13;2025-11-03 20:20:00.0;chuva;0,20
SOROCABA;355220514H;SP;Rio Una;-23,5015;-47,4519;13,13;2025-11-03 20:40:00.0;chuva;0,20
SOROCABA;355220514H;SP;Rio Una;-23,5015;-47,4519;13,13;2025-11-03 21:00:00.0;chuva;0,20
SOROCABA;355220514H;SP;Rio Una;-23,5015;-47,4519;13,13;2025-11-03 21:00:00.0;nível;12,95
SOROCABA;355220514H;SP;Rio Una;-23,5015;-47,4519;13,13;2025-11-03 21:30:00.0;chuva;0,20
SOROCABA;355220514H;SP;Rio Una;-23,5015;-47,4519;13,13;2025-11-03 21:50:00.0;chuva;0,20
SOROCABA;355220514H;SP;Rio Una;-23,5015;-47,4519;13,13;2025-11-03 22:00:00.0;nível;12,93
SOROCABA;355220514H;SP;Rio Una;-23,5015;-47,4519;13,13;2025-11-03 22:10:00.0;chuva;0,20
SOROCABA;355220514H;SP;Rio Una;-23,5015;-47,4519;13,13;2025-11-03 22:30:00.0;chuva;0,20
SOROCABA;355220514H;SP;Rio Una;-23,5015;-47,4519;13,13;2025-11-03 22:50:00.0;chuva;0,20
SOROCABA;355220514H;SP;Rio Una;-23,5015;-47,4519;13,13;2025-11-03 23:00:00.0;nível;12,85
SOROCABA;355220514H;SP;Rio Una;-23,5015;-47,4519;13,13;2025-11-03 23:10:00.0;chuva;0,20
SOROCABA;355220514H;SP;Rio Una;-23,5015;-47,4519;13,13;2025-11-03 23:40:00.0;chuva;0,20
SOROCABA;355220514H;SP;Rio Una;-23,5015;-47,4519;13,13;2025-11-04 00:00:00.0;chuva;0,20
SOROCABA;355220514H;SP;Rio Una;-23,5015;-47,4519;13,13;2025-11-04 00:00:00.0;nível;12,86
SOROCABA;355220514H;SP;Rio Una;-23,5015;-47,4519;13,13;2025-11-04 00:20:00.0;chuva;0,20
SOROCABA;355220514H;SP;Rio Una;-23,5015;-47,4519;13,13;2025-11-04 00:40:00.0;chuva;0,20
SOROCABA;355220514H;SP;Rio Una;-23,5015;-47,4519;13,13;2025-11-04 01:00:00.0;nível;12,88
SOROCABA;355220514H;SP;Rio Una;-23,5015;-47,4519;13,13;2025-11-04 01:10:00.0;chuva;0,20
SOROCABA;355220514H;SP;Rio Una;-23,5015;-47,4519;13,13;2025-11-04 01:30:00.0;chuva;0,20
SOROCABA;355220514H;SP;Rio Una;-23,5015;-47,4519;13,13;2025-11-04 01:50:00.0;chuva;0,20
SOROCABA;355220514H;SP;Rio Una;-23,5015;-47,4519;13,13;2025-11-04 02:00:00.0;nível;12,85
SOROCABA;355220514H;SP;Rio Una;-23,5015;-47,4519;13,13;2025-11-04 02:20:00.0;chuva;0,20
SOROCABA;355220514H;SP;Rio Una;-23,5015;-47,4519;13,13;2025-11-04 02:40:00.0;chuva;0,20
SOROCABA;355220514H;SP;Rio Una;-23,5015;-47,4519;13,13;2025-11-04 03:00:00.0;nível;12,84
SOROCABA;355220514H;SP;Rio Una;-23,5015;-47,4519;13,13;2025-11-04 03:00:00.0;chuva;0,20
SOROCABA;355220514H;SP;Rio Una;-23,5015;-47,4519;13,13;2025-11-04 03:30:00.0;chuva;0,20
SOROCABA;355220514H;SP;Rio Una;-23,5015;-47,4519;13,13;2025-11-04 03:50:00.0;chuva;0,20
SOROCABA;355220514H;SP;Rio Una;-23,5015;-47,4519;13,13;2025-11-04 04:00:00.0;nível;12,88
SOROCABA;355220514H;SP;Rio Una;-23,5015;-47,4519;13,13;2025-11-04 04:20:00.0;chuva;0,20
SOROCABA;355220514H;SP;Rio Una;-23,5015;-47,4519;13,13;2025-11-04 04:40:00.0;chuva;0,20
SOROCABA;355220514H;SP;Rio Una;-23,5015;-47,4519;13,13;2025-11-04 05:00:00.0;nível;12,93
SOROCABA;355220514H;SP;Rio Una;-23,5015;-47,4519;13,13;2025-11-04 05:10:00.0;chuva;0,20
SOROCABA;355220514H;SP;Rio Una;-23,5015;-47,4519;13,13;2025-11-04 05:40:00.0;chuva;0,20
SOROCABA;355220514H;SP;Rio Una;-23,5015;-47,4519;13,13;2025-11-04 06:00:00.0;nível;12,94
SOROCABA;355220514H;SP;Rio Una;-23,5015;-47,4519;13,13;2025-11-04 06:10:00.0;chuva;0,20
SOROCABA;355220514H;SP;Rio Una;-23,5015;-47,4519;13,13;2025-11-04 06:30:00.0;chuva;0,20
SOROCABA;355220514H;SP;Rio Una;-23,5015;-47,4519;13,13;2025-11-04 07:00:00.0;nível;12,95
SOROCABA;355220514H;SP;Rio Una;-23,5015;-47,4519;13,13;2025-11-04 07:00:00.0;chuva;0,20
SOROCABA;355220514H;SP;Rio Una;-23,5015;-47,4519;13,13;2025-11-04 07:30:00.0;chuva;0,20
SOROCABA;355220514H;SP;Rio Una;-23,5015;-47,4519;13,13;2025-11-04 08:00:00.0;nível;12,95
SOROCABA;355220514H;SP;Rio Una;-23,5015;-47,4519;13,13;2025-11-04 08:00:00.0;chuva;0,20
SOROCABA;355220514H;SP;Rio Una;-23,5015;-47,4519;13,13;2025-11-04 08:20:00.0;chuva;0,20
SOROCABA;355220514H;SP;Rio Una;-23,5015;-47,4519;13,13;2025-11-04 08:50:00.0;chuva;0,20
SOROCABA;355220514H;SP;Rio Una;-23,5015;-47,4519;13,13;2025-11-04 09:00:00.0;nível;12,95
SOROCABA;355220514H;SP;Rio Una;-23,5015;-47,4519;13,13;2025-11-04 09:20:00.0;chuva;0,20
SOROCABA;355220514H;SP;Rio Una;-23,5015;-47,4519;13,13;2025-11-04 09:50:00.0;chuva;0,20
SOROCABA;355220514H;SP;Rio Una;-23,5015;-47,4519;13,13;2025-11-04 10:00:00.0;nível;12,96
SOROCABA;355220514H;SP;Rio Una;-23,5015;-47,4519;13,13;2025-11-04 10:20:00.0;chuva;0,20
SOROCABA;355220514H;SP;Rio Una;-23,5015;-47,4519;13,13;2025-11-04 10:50:00.0;chuva;0,20
SOROCABA;355220514H;SP;Rio Una;-23,5015;-47,4519;13,13;2025-11-04 11:00:00.0;nível;12,96
SOROCABA;355220514H;SP;Rio Una;-23,5015;-47,4519;13,13;2025-11-04 11:20:00.0;chuva;0,20
SOROCABA;355220514H;SP;Rio Una;-23,5015;-47,4519;13,13;2025-11-04 11:50:00.0;chuva;0,20
SOROCABA;355220514H;SP;Rio Una;-23,5015;-47,4519;13,13;2025-11-04 12:00:00.0;nível;12,95
SOROCABA;355220514H;SP;Rio Una;-23,5015;-47,4519;13,13;2025-11-04 12:20:00.0;chuva;0,20
SOROCABA;355220514H;SP;Rio Una;-23,5015;-47,4519;13,13;2025-11-04 12:50:00.0;chuva;0,20
SOROCABA;355220514H;SP;Rio Una;-23,5015;-47,4519;13,13;2025-11-04 13:00:00.0;nível;12,95
SOROCABA;355220514H;SP;Rio Una;-23,5015;-47,4519;13,13;2025-11-04 13:20:00.0;chuva;0,20
SOROCABA;355220514H;SP;Rio Una;-23,5015;-47,4519;13,13;2025-11-04 13:40:00.0;chuva;0,20
SOROCABA;355220514H;SP;Rio Una;-23,5015;-47,4519;13,13;2025-11-04 14:00:00.0;chuva;0,20
SOROCABA;355220514H;SP;Rio Una;-23,5015;-47,4519;13,13;2025-11-04 14:00:00.0;nível;12,95
SOROCABA;355220514H;SP;Rio Una;-23,5015;-47,4519;13,13;2025-11-04 14:20:00.0;chuva;0,20
SOROCABA;355220514H;SP;Rio Una;-23,5015;-47,4519;13,13;2025-11-04 14:40:00.0;chuva;0,20
SOROCABA;355220514H;SP;Rio Una;-23,5015;-47,4519;13,13;2025-11-04 15:00:00.0;chuva;0,20
SOROCABA;355220514H;SP;Rio Una;-23,5015;-47,4519;13,13;2025-11-04 15:00:00.0;nível;12,95
SOROCABA;355220514H;SP;Rio Una;-23,5015;-47,4519;13,13;2025-11-04 15:30:00.0;chuva;0,20
SOROCABA;355220514H;SP;Rio Una;-23,5015;-47,4519;13,13;2025-11-04 15:50:00.0;chuva;0,20
SOROCABA;355220514H;SP;Rio Una;-23,5015;-47,4519;13,13;2025-11-04 16:00:00.0;nível;12,95
SOROCABA;355220514H;SP;Rio Una;-23,5015;-47,4519;13,13;2025-11-04 16:10:00.0;chuva;0,20
SOROCABA;355220514H;SP;Rio Una;-23,5015;-47,4519;13,13;2025-11-04 16:30:00.0;chuva;0,20
SOROCABA;355220514H;SP;Rio Una;-23,5015;-47,4519;13,13;2025-11-04 16:50:00.0;chuva;0,20
SOROCABA;355220514H;SP;Rio Una;-23,5015;-47,4519;13,13;2025-11-04 17:00:00.0;nível;12,96
SOROCABA;355220514H;SP;Rio Una;-23,5015;-47,4519;13,13;2025-11-04 17:10:00.0;chuva;0,20
SOROCABA;355220514H;SP;Rio Una;-23,5015;-47,4519;13,13;2025-11-04 17:30:00.0;chuva;0,20
SOROCABA;355220514H;SP;Rio Una;-23,5015;-47,4519;13,13;2025-11-04 17:50:00.0;chuva;0,20
SOROCABA;355220514H;SP;Rio Una;-23,5015;-47,4519;13,13;2025-11-04 18:00:00.0;chuva;0,20
SOROCABA;355220514H;SP;Rio Una;-23,5015;-47,4519;13,13;2025-11-04 18:00:00.0;nível;12,96
SOROCABA;355220514H;SP;Rio Una;-23,5015;-47,4519;13,13;2025-11-04 18:20:00.0;chuva;0,20
SOROCABA;355220514H;SP;Rio Una;-23,5015;-47,4519;13,13;2025-11-04 18:40:00.0;chuva;0,20
SOROCABA;355220514H;SP;Rio Una;-23,5015;-47,4519;13,13;2025-11-04 18:50:00.0;chuva;0,20
SOROCABA;355220514H;SP;Rio Una;-23,5015;-47,4519;13,13;2025-11-04 19:00:00.0;nível;12,96
SOROCABA;355220514H;SP;Rio Una;-23,5015;-47,4519;13,13;2025-11-04 19:10:00.0;chuva;0,20
SOROCABA;355220514H;SP;Rio Una;-23,5015;-47,4519;13,13;2025-11-04 19:30:00.0;chuva;0,20
SOROCABA;355220514H;SP;Rio Una;-23,5015;-47,4519;13,13;2025-11-04 19:40:00.0;chuva;0,20
SOROCABA;355220514H;SP;Rio Una;-23,5015;-47,4519;13,13;2025-11-04 20:00:00.0;chuva;0,20
SOROCABA;355220514H;SP;Rio Una;-23,5015;-47,4519;13,13;2025-11-04 20:00:00.0;nível;12,84
SOROCABA;355220514H;SP;Rio Una;-23,5015;-47,4519;13,13;2025-11-04 20:20:00.0;chuva;0,20
SOROCABA;355220514H;SP;Rio Una;-23,5015;-47,4519;13,13;2025-11-04 20:20:00.0;nível;12,67
SOROCABA;355220514H;SP;Rio Una;-23,5015;-47,4519;13,13;2025-11-04 20:40:00.0;chuva;0,20
SOROCABA;355220514H;SP;Rio Una;-23,5015;-47,4519;13,13;2025-11-04 20:40:00.0;nível;12,57
SOROCABA;355220514H;SP;Rio Una;-23,5015;-47,4519;13,13;2025-11-04 21:00:00.0;chuva;0,20
SOROCABA;355220514H;SP;Rio Una;-23,5015;-47,4519;13,13;2025-11-04 21:00:00.0;nível;12,58
SOROCABA;355220514H;SP;Rio Una;-23,5015;-47,4519;13,13;2025-11-04 21:20:00.0;chuva;0,20
SOROCABA;355220514H;SP;Rio Una;-23,5015;-47,4519;13,13;2025-11-04 21:40:00.0;chuva;0,20
SOROCABA;355220514H;SP;Rio Una;-23,5015;-47,4519;13,13;2025-11-04 22:00:00.0;chuva;0,20
SOROCABA;355220514H;SP;Rio Una;-23,5015;-47,4519;13,13;2025-11-04 22:00:00.0;nível;12,69
SOROCABA;355220514H;SP;Rio Una;-23,5015;-47,4519;13,13;2025-11-04 22:20:00.0;chuva;0,20
SOROCABA;355220514H;SP;Rio Una;-23,5015;-47,4519;13,13;2025-11-04 22:40:00.0;chuva;0,20
SOROCABA;355220514H;SP;Rio Una;-23,5015;-47,4519;13,13;2025-11-04 23:00:00.0;chuva;0,20
SOROCABA;355220514H;SP;Rio Una;-23,5015;-47,4519;13,13;2025-11-04 23:00:00.0;nível;12,79
SOROCABA;355220514H;SP;Rio Una;-23,5015;-47,4519;13,13;2025-11-04 23:20:00.0;chuva;0,20
SOROCABA;355220514H;SP;Rio Una;-23,5015;-47,4519;13,13;2025-11-04 23:40:00.0;chuva;0,20
SUMARÉ;355240315H;SP;Rio Quilombo;-22,8177;-47,2644;8,02;2025-11-01 00:00:00.0;nível;7,67
SUMARÉ;355240315H;SP;Rio Quilombo;-22,8177;-47,2644;8,02;2025-11-01 00:10:00.0;chuva;0,00
SUMARÉ;355240315H;SP;Rio Quilombo;-22,8177;-47,2644;8,02;2025-11-01 01:00:00.0;nível;7,71
SUMARÉ;355240315H;SP;Rio Quilombo;-22,8177;-47,2644;8,02;2025-11-01 01:10:00.0;chuva;0,00
SUMARÉ;355240315H;SP;Rio Quilombo;-22,8177;-47,2644;8,02;2025-11-01 02:00:00.0;nível;7,73
SUMARÉ;355240315H;SP;Rio Quilombo;-22,8177;-47,2644;8,02;2025-11-01 02:10:00.0;chuva;0,00
SUMARÉ;355240315H;SP;Rio Quilombo;-22,8177;-47,2644;8,02;2025-11-01 03:00:00.0;nível;7,74
SUMARÉ;355240315H;SP;Rio Quilombo;-22,8177;-47,2644;8,02;2025-11-01 03:10:00.0;chuva;0,00
SUMARÉ;355240315H;SP;Rio Quilombo;-22,8177;-47,2644;8,02;2025-11-01 04:00:00.0;nível;7,76
SUMARÉ;355240315H;SP;Rio Quilombo;-22,8177;-47,2644;8,02;2025-11-01 04:10:00.0;chuva;0,00
SUMARÉ;355240315H;SP;Rio Quilombo;-22,8177;-47,2644;8,02;2025-11-01 05:00:00.0;nível;7,77
SUMARÉ;355240315H;SP;Rio Quilombo;-22,8177;-47,2644;8,02;2025-11-01 05:10:00.0;chuva;0,00
SUMARÉ;355240315H;SP;Rio Quilombo;-22,8177;-47,2644;8,02;2025-11-01 06:00:00.0;nível;7,78
SUMARÉ;355240315H;SP;Rio Quilombo;-22,8177;-47,2644;8,02;2025-11-01 06:10:00.0;chuva;0,00
SUMARÉ;355240315H;SP;Rio Quilombo;-22,8177;-47,2644;8,02;2025-11-01 07:00:00.0;nível;7,81
SUMARÉ;355240315H;SP;Rio Quilombo;-22,8177;-47,2644;8,02;2025-11-01 07:10:00.0;chuva;0,00
SUMARÉ;355240315H;SP;Rio Quilombo;-22,8177;-47,2644;8,02;2025-11-01 08:00:00.0;nível;7,83
SUMARÉ;355240315H;SP;Rio Quilombo;-22,8177;-47,2644;8,02;2025-11-01 08:10:00.0;chuva;0,00
SUMARÉ;355240315H;SP;Rio Quilombo;-22,8177;-47,2644;8,02;2025-11-01 09:00:00.0;nível;7,85
SUMARÉ;355240315H;SP;Rio Quilombo;-22,8177;-47,2644;8,02;2025-11-01 09:10:00.0;chuva;0,00
SUMARÉ;355240315H;SP;Rio Quilombo;-22,8177;-47,2644;8,02;2025-11-01 10:00:00.0;nível;7,88
SUMARÉ;355240315H;SP;Rio Quilombo;-22,8177;-47,2644;8,02;2025-11-01 10:10:00.0;chuva;0,00
SUMARÉ;355240315H;SP;Rio Quilombo;-22,8177;-47,2644;8,02;2025-11-01 11:00:00.0;nível;7,91
SUMARÉ;355240315H;SP;Rio Quilombo;-22,8177;-47,2644;8,02;2025-11-01 11:10:00.0;chuva;0,00
SUMARÉ;355240315H;SP;Rio Quilombo;-22,8177;-47,2644;8,02;2025-11-01 12:00:00.0;nível;7,94
SUMARÉ;355240315H;SP;Rio Quilombo;-22,8177;-47,2644;8,02;2025-11-01 12:10:00.0;chuva;0,00
SUMARÉ;355240315H;SP;Rio Quilombo;-22,8177;-47,2644;8,02;2025-11-01 13:00:00.0;nível;7,97
SUMARÉ;355240315H;SP;Rio Quilombo;-22,8177;-47,2644;8,02;2025-11-01 13:10:00.0;chuva;0,00
SUMARÉ;355240315H;SP;Rio Quilombo;-22,8177;-47,2644;8,02;2025-11-01 14:00:00.0;nível;7,99
SUMARÉ;355240315H;SP;Rio Quilombo;-22,8177;-47,2644;8,02;2025-11-01 14:10:00.0;chuva;0,00
SUMARÉ;355240315H;SP;Rio Quilombo;-22,8177;-47,2644;8,02;2025-11-01 15:00:00.0;nível;8,00
SUMARÉ;355240315H;SP;Rio Quilombo;-22,8177;-47,2644;8,02;2025-11-01 15:10:00.0;chuva;0,00
SUMARÉ;355240315H;SP;Rio Quilombo;-22,8177;-47,2644;8,02;2025-11-01 16:00:00.0;nível;8,02
SUMARÉ;355240315H;SP;Rio Quilombo;-22,8177;-47,2644;8,02;2025-11-01 16:10:00.0;chuva;0,00
SUMARÉ;355240315H;SP;Rio Quilombo;-22,8177;-47,2644;8,02;2025-11-01 17:00:00.0;nível;8,03
SUMARÉ;355240315H;SP;Rio Quilombo;-22,8177;-47,2644;8,02;2025-11-01 17:10:00.0;chuva;0,00
SUMARÉ;355240315H;SP;Rio Quilombo;-22,8177;-47,2644;8,02;2025-11-01 18:00:00.0;nível;8,04
SUMARÉ;355240315H;SP;Rio Quilombo;-22,8177;-47,2644;8,02;2025-11-01 18:10:00.0;chuva;0,00
SUMARÉ;355240315H;SP;Rio Quilombo;-22,8177;-47,2644;8,02;2025-11-01 19:00:00.0;nível;8,05
SUMARÉ;355240315H;SP;Rio Quilombo;-22,8177;-47,2644;8,02;2025-11-01 19:10:00.0;chuva;0,00
SUMARÉ;355240315H;SP;Rio Quilombo;-22,8177;-47,2644;8,02;2025-11-01 20:00:00.0;nível;8,05
SUMARÉ;355240315H;SP;Rio Quilombo;-22,8177;-47,2644;8,02;2025-11-01 20:10:00.0;chuva;0,00
SUMARÉ;355240315H;SP;Rio Quilombo;-22,8177;-47,2644;8,02;2025-11-01 21:00:00.0;nível;8,05
SUMARÉ;355240315H;SP;Rio Quilombo;-22,8177;-47,2644;8,02;2025-11-01 21:10:00.0;chuva;0,00
SUMARÉ;355240315H;SP;Rio Quilombo;-22,8177;-47,2644;8,02;2025-11-01 22:00:00.0;nível;8,04
SUMARÉ;355240315H;SP;Rio Quilombo;-22,8177;-47,2644;8,02;2025-11-01 22:10:00.0;chuva;0,00
SUMARÉ;355240315H;SP;Rio Quilombo;-22,8177;-47,2644;8,02;2025-11-01 23:00:00.0;nível;7,94
SUMARÉ;355240315H;SP;Rio Quilombo;-22,8177;-47,2644;8,02;2025-11-01 23:10:00.0;chuva;0,00
SUMARÉ;355240315H;SP;Rio Quilombo;-22,8177;-47,2644;8,02;2025-11-02 00:00:00.0;nível;7,91
SUMARÉ;355240315H;SP;Rio Quilombo;-22,8177;-47,2644;8,02;2025-11-02 00:10:00.0;chuva;0,00
SUMARÉ;355240315H;SP;Rio Quilombo;-22,8177;-47,2644;8,02;2025-11-02 01:00:00.0;nível;7,97
SUMARÉ;355240315H;SP;Rio Quilombo;-22,8177;-47,2644;8,02;2025-11-02 01:10:00.0;chuva;0,00
SUMARÉ;355240315H;SP;Rio Quilombo;-22,8177;-47,2644;8,02;2025-11-02 02:00:00.0;nível;8,01
SUMARÉ;355240315H;SP;Rio Quilombo;-22,8177;-47,2644;8,02;2025-11-02 02:10:00.0;chuva;0,00
SUMARÉ;355240315H;SP;Rio Quilombo;-22,8177;-47,2644;8,02;2025-11-02 03:00:00.0;nível;8,05
SUMARÉ;355240315H;SP;Rio Quilombo;-22,8177;-47,2644;8,02;2025-11-02 03:10:00.0;chuva;0,00
SUMARÉ;355240315H;SP;Rio Quilombo;-22,8177;-47,2644;8,02;2025-11-02 04:00:00.0;nível;8,08
SUMARÉ;355240315H;SP;Rio Quilombo;-22,8177;-47,2644;8,02;2025-11-02 04:10:00.0;chuva;0,00
SUMARÉ;355240315H;SP;Rio Quilombo;-22,8177;-47,2644;8,02;2025-11-02 04:50:00.0;chuva;0,20
SUMARÉ;355240315H;SP;Rio Quilombo;-22,8177;-47,2644;8,02;2025-11-02 05:00:00.0;nível;8,09
SUMARÉ;355240315H;SP;Rio Quilombo;-22,8177;-47,2644;8,02;2025-11-02 05:00:00.0;chuva;0,20
SUMARÉ;355240315H;SP;Rio Quilombo;-22,8177;-47,2644;8,02;2025-11-02 06:00:00.0;nível;8,10
SUMARÉ;355240315H;SP;Rio Quilombo;-22,8177;-47,2644;8,02;2025-11-02 06:10:00.0;chuva;0,00
SUMARÉ;355240315H;SP;Rio Quilombo;-22,8177;-47,2644;8,02;2025-11-02 07:00:00.0;nível;8,11
SUMARÉ;355240315H;SP;Rio Quilombo;-22,8177;-47,2644;8,02;2025-11-02 07:00:00.0;chuva;0,20
SUMARÉ;355240315H;SP;Rio Quilombo;-22,8177;-47,2644;8,02;2025-11-02 07:10:00.0;chuva;0,40
SUMARÉ;355240315H;SP;Rio Quilombo;-22,8177;-47,2644;8,02;2025-11-02 07:20:00.0;chuva;1,60
SUMARÉ;355240315H;SP;Rio Quilombo;-22,8177;-47,2644;8,02;2025-11-02 07:30:00.0;chuva;0,80
SUMARÉ;355240315H;SP;Rio Quilombo;-22,8177;-47,2644;8,02;2025-11-02 07:40:00.0;chuva;0,20
SUMARÉ;355240315H;SP;Rio Quilombo;-22,8177;-47,2644;8,02;2025-11-02 07:50:00.0;chuva;0,20
SUMARÉ;355240315H;SP;Rio Quilombo;-22,8177;-47,2644;8,02;2025-11-02 08:00:00.0;nível;8,06
SUMARÉ;355240315H;SP;Rio Quilombo;-22,8177;-47,2644;8,02;2025-11-02 08:10:00.0;chuva;0,00
SUMARÉ;355240315H;SP;Rio Quilombo;-22,8177;-47,2644;8,02;2025-11-02 08:50:00.0;chuva;3,00
SUMARÉ;355240315H;SP;Rio Quilombo;-22,8177;-47,2644;8,02;2025-11-02 09:00:00.0;nível;7,93
SUMARÉ;355240315H;SP;Rio Quilombo;-22,8177;-47,2644;8,02;2025-11-02 09:00:00.0;chuva;3,20
SUMARÉ;355240315H;SP;Rio Quilombo;-22,8177;-47,2644;8,02;2025-11-02 09:10:00.0;nível;7,82
SUMARÉ;355240315H;SP;Rio Quilombo;-22,8177;-47,2644;8,02;2025-11-02 09:10:00.0;chuva;1,00
SUMARÉ;355240315H;SP;Rio Quilombo;-22,8177;-47,2644;8,02;2025-11-02 09:20:00.0;chuva;0,80
SUMARÉ;355240315H;SP;Rio Quilombo;-22,8177;-47,2644;8,02;2025-11-02 09:30:00.0;nível;7,72
SUMARÉ;355240315H;SP;Rio Quilombo;-22,8177;-47,2644;8,02;2025-11-02 09:30:00.0;chuva;1,20
SUMARÉ;355240315H;SP;Rio Quilombo;-22,8177;-47,2644;8,02;2025-11-02 09:40:00.0;chuva;0,60
SUMARÉ;355240315H;SP;Rio Quilombo;-22,8177;-47,2644;8,02;2025-11-02 09:50:00.0;chuva;0,40
SUMARÉ;355240315H;SP;Rio Quilombo;-22,8177;-47,2644;8,02;2025-11-02 10:00:00.0;nível;7,71
SUMARÉ;355240315H;SP;Rio Quilombo;-22,8177;-47,2644;8,02;2025-11-02 10:10:00.0;chuva;0,40
SUMARÉ;355240315H;SP;Rio Quilombo;-22,8177;-47,2644;8,02;2025-11-02 10:30:00.0;chuva;0,20
SUMARÉ;355240315H;SP;Rio Quilombo;-22,8177;-47,2644;8,02;2025-11-02 10:40:00.0;chuva;0,40
SUMARÉ;355240315H;SP;Rio Quilombo;-22,8177;-47,2644;8,02;2025-11-02 10:50:00.0;chuva;0,40
SUMARÉ;355240315H;SP;Rio Quilombo;-22,8177;-47,2644;8,02;2025-11-02 11:00:00.0;nível;7,73
SUMARÉ;355240315H;SP;Rio Quilombo;-22,8177;-47,2644;8,02;2025-11-02 11:00:00.0;chuva;0,20
SUMARÉ;355240315H;SP;Rio Quilombo;-22,8177;-47,2644;8,02;2025-11-02 11:10:00.0;chuva;1,00
SUMARÉ;355240315H;SP;Rio Quilombo;-22,8177;-47,2644;8,02;2025-11-02 11:20:00.0;chuva;1,20
SUMARÉ;355240315H;SP;Rio Quilombo;-22,8177;-47,2644;8,02;2025-11-02 11:30:00.0;nível;7,57
SUMARÉ;355240315H;SP;Rio Quilombo;-22,8177;-47,2644;8,02;2025-11-02 11:30:00.0;chuva;0,80
SUMARÉ;355240315H;SP;Rio Quilombo;-22,8177;-47,2644;8,02;2025-11-02 11:40:00.0;chuva;0,80
SUMARÉ;355240315H;SP;Rio Quilombo;-22,8177;-47,2644;8,02;2025-11-02 11:50:00.0;nível;7,41
SUMARÉ;355240315H;SP;Rio Quilombo;-22,8177;-47,2644;8,02;2025-11-02 11:50:00.0;chuva;0,60
SUMARÉ;355240315H;SP;Rio Quilombo;-22,8177;-47,2644;8,02;2025-11-02 12:00:00.0;nível;7,35
SUMARÉ;355240315H;SP;Rio Quilombo;-22,8177;-47,2644;8,02;2025-11-02 12:10:00.0;chuva;0,20
SUMARÉ;355240315H;SP;Rio Quilombo;-22,8177;-47,2644;8,02;2025-11-02 12:20:00.0;nível;7,23
SUMARÉ;355240315H;SP;Rio Quilombo;-22,8177;-47,2644;8,02;2025-11-02 13:00:00.0;nível;7,11
SUMARÉ;355240315H;SP;Rio Quilombo;-22,8177;-47,2644;8,02;2025-11-02 13:10:00.0;chuva;0,00
SUMARÉ;355240315H;SP;Rio Quilombo;-22,8177;-47,2644;8,02;2025-11-02 13:20:00.0;chuva;0,40
SUMARÉ;355240315H;SP;Rio Quilombo;-22,8177;-47,2644;8,02;2025-11-02 13:30:00.0;chuva;0,80
SUMARÉ;355240315H;SP;Rio Quilombo;-22,8177;-47,2644;8,02;2025-11-02 13:40:00.0;chuva;0,80
SUMARÉ;355240315H;SP;Rio Quilombo;-22,8177;-47,2644;8,02;2025-11-02 13:50:00.0;chuva;0,40
SUMARÉ;355240315H;SP;Rio Quilombo;-22,8177;-47,2644;8,02;2025-11-02 14:00:00.0;nível;7,02
SUMARÉ;355240315H;SP;Rio Quilombo;-22,8177;-47,2644;8,02;2025-11-02 14:00:00.0;chuva;0,40
SUMARÉ;355240315H;SP;Rio Quilombo;-22,8177;-47,2644;8,02;2025-11-02 14:10:00.0;chuva;3,60
SUMARÉ;355240315H;SP;Rio Quilombo;-22,8177;-47,2644;8,02;2025-11-02 14:20:00.0;nível;6,89
SUMARÉ;355240315H;SP;Rio Quilombo;-22,8177;-47,2644;8,02;2025-11-02 14:20:00.0;chuva;5,00
SUMARÉ;355240315H;SP;Rio Quilombo;-22,8177;-47,2644;8,02;2025-11-02 14:30:00.0;nível;6,73
SUMARÉ;355240315H;SP;Rio Quilombo;-22,8177;-47,2644;8,02;2025-11-02 14:30:00.0;chuva;1,40
SUMARÉ;355240315H;SP;Rio Quilombo;-22,8177;-47,2644;8,02;2025-11-02 14:40:00.0;chuva;2,80
SUMARÉ;355240315H;SP;Rio Quilombo;-22,8177;-47,2644;8,02;2025-11-02 14:50:00.0;nível;6,59
SUMARÉ;355240315H;SP;Rio Quilombo;-22,8177;-47,2644;8,02;2025-11-02 14:50:00.0;chuva;1,00
SUMARÉ;355240315H;SP;Rio Quilombo;-22,8177;-47,2644;8,02;2025-11-02 15:00:00.0;nível;6,59
SUMARÉ;355240315H;SP;Rio Quilombo;-22,8177;-47,2644;8,02;2025-11-02 15:00:00.0;chuva;0,60
SUMARÉ;355240315H;SP;Rio Quilombo;-22,8177;-47,2644;8,02;2025-11-02 15:20:00.0;chuva;0,40
SUMARÉ;355240315H;SP;Rio Quilombo;-22,8177;-47,2644;8,02;2025-11-02 15:30:00.0;chuva;0,20
SUMARÉ;355240315H;SP;Rio Quilombo;-22,8177;-47,2644;8,02;2025-11-02 15:40:00.0;chuva;0,40
SUMARÉ;355240315H;SP;Rio Quilombo;-22,8177;-47,2644;8,02;2025-11-02 15:50:00.0;chuva;1,40
SUMARÉ;355240315H;SP;Rio Quilombo;-22,8177;-47,2644;8,02;2025-11-02 16:00:00.0;nível;6,69
SUMARÉ;355240315H;SP;Rio Quilombo;-22,8177;-47,2644;8,02;2025-11-02 16:00:00.0;chuva;0,40
SUMARÉ;355240315H;SP;Rio Quilombo;-22,8177;-47,2644;8,02;2025-11-02 16:40:00.0;chuva;0,20
SUMARÉ;355240315H;SP;Rio Quilombo;-22,8177;-47,2644;8,02;2025-11-02 16:50:00.0;chuva;0,80
SUMARÉ;355240315H;SP;Rio Quilombo;-22,8177;-47,2644;8,02;2025-11-02 17:00:00.0;nível;6,70
SUMARÉ;355240315H;SP;Rio Quilombo;-22,8177;-47,2644;8,02;2025-11-02 17:00:00.0;chuva;1,20
SUMARÉ;355240315H;SP;Rio Quilombo;-22,8177;-47,2644;8,02;2025-11-02 17:10:00.0;chuva;0,20
SUMARÉ;355240315H;SP;Rio Quilombo;-22,8177;-47,2644;8,02;2025-11-02 17:30:00.0;chuva;5,60
SUMARÉ;355240315H;SP;Rio Quilombo;-22,8177;-47,2644;8,02;2025-11-02 17:40:00.0;nível;6,38
SUMARÉ;355240315H;SP;Rio Quilombo;-22,8177;-47,2644;8,02;2025-11-02 17:40:00.0;chuva;9,80
SUMARÉ;355240315H;SP;Rio Quilombo;-22,8177;-47,2644;8,02;2025-11-02 17:50:00.0;nível;6,12
SUMARÉ;355240315H;SP;Rio Quilombo;-22,8177;-47,2644;8,02;2025-11-02 17:50:00.0;chuva;2,80
SUMARÉ;355240315H;SP;Rio Quilombo;-22,8177;-47,2644;8,02;2025-11-02 18:00:00.0;nível;6,02
SUMARÉ;355240315H;SP;Rio Quilombo;-22,8177;-47,2644;8,02;2025-11-02 18:00:00.0;chuva;0,80
SUMARÉ;355240315H;SP;Rio Quilombo;-22,8177;-47,2644;8,02;2025-11-02 18:10:00.0;chuva;0,40
SUMARÉ;355240315H;SP;Rio Quilombo;-22,8177;-47,2644;8,02;2025-11-02 18:20:00.0;chuva;0,20
SUMARÉ;355240315H;SP;Rio Quilombo;-22,8177;-47,2644;8,02;2025-11-02 18:30:00.0;chuva;0,40
SUMARÉ;355240315H;SP;Rio Quilombo;-22,8177;-47,2644;8,02;2025-11-02 18:40:00.0;nível;6,13
SUMARÉ;355240315H;SP;Rio Quilombo;-22,8177;-47,2644;8,02;2025-11-02 18:40:00.0;chuva;0,20
SUMARÉ;355240315H;SP;Rio Quilombo;-22,8177;-47,2644;8,02;2025-11-02 19:00:00.0;nível;6,18
SUMARÉ;355240315H;SP;Rio Quilombo;-22,8177;-47,2644;8,02;2025-11-02 19:10:00.0;chuva;0,00
SUMARÉ;355240315H;SP;Rio Quilombo;-22,8177;-47,2644;8,02;2025-11-02 20:00:00.0;nível;6,27
SUMARÉ;355240315H;SP;Rio Quilombo;-22,8177;-47,2644;8,02;2025-11-02 20:10:00.0;chuva;0,00
SUMARÉ;355240315H;SP;Rio Quilombo;-22,8177;-47,2644;8,02;2025-11-02 21:00:00.0;nível;6,30
SUMARÉ;355240315H;SP;Rio Quilombo;-22,8177;-47,2644;8,02;2025-11-02 21:10:00.0;chuva;0,00
SUMARÉ;355240315H;SP;Rio Quilombo;-22,8177;-47,2644;8,02;2025-11-02 22:00:00.0;nível;6,27
SUMARÉ;355240315H;SP;Rio Quilombo;-22,8177;-47,2644;8,02;2025-11-02 22:10:00.0;chuva;0,00
SUMARÉ;355240315H;SP;Rio Quilombo;-22,8177;-47,2644;8,02;2025-11-02 23:00:00.0;nível;6,20
SUMARÉ;355240315H;SP;Rio Quilombo;-22,8177;-47,2644;8,02;2025-11-02 23:10:00.0;chuva;0,00
SUMARÉ;355240315H;SP;Rio Quilombo;-22,8177;-47,2644;8,02;2025-11-03 00:00:00.0;nível;6,16
SUMARÉ;355240315H;SP;Rio Quilombo;-22,8177;-47,2644;8,02;2025-11-03 00:10:00.0;chuva;0,00
SUMARÉ;355240315H;SP;Rio Quilombo;-22,8177;-47,2644;8,02;2025-11-03 01:00:00.0;nível;6,14
SUMARÉ;355240315H;SP;Rio Quilombo;-22,8177;-47,2644;8,02;2025-11-03 01:10:00.0;chuva;0,00
SUMARÉ;355240315H;SP;Rio Quilombo;-22,8177;-47,2644;8,02;2025-11-03 02:00:00.0;nível;6,17
SUMARÉ;355240315H;SP;Rio Quilombo;-22,8177;-47,2644;8,02;2025-11-03 02:10:00.0;chuva;0,00
SUMARÉ;355240315H;SP;Rio Quilombo;-22,8177;-47,2644;8,02;2025-11-03 03:00:00.0;nível;6,27
SUMARÉ;355240315H;SP;Rio Quilombo;-22,8177;-47,2644;8,02;2025-11-03 03:10:00.0;chuva;0,00
SUMARÉ;355240315H;SP;Rio Quilombo;-22,8177;-47,2644;8,02;2025-11-03 03:50:00.0;nível;6,38
SUMARÉ;355240315H;SP;Rio Quilombo;-22,8177;-47,2644;8,02;2025-11-03 04:00:00.0;nível;6,40
SUMARÉ;355240315H;SP;Rio Quilombo;-22,8177;-47,2644;8,02;2025-11-03 04:10:00.0;chuva;0,00
SUMARÉ;355240315H;SP;Rio Quilombo;-22,8177;-47,2644;8,02;2025-11-03 04:50:00.0;nível;6,53
SUMARÉ;355240315H;SP;Rio Quilombo;-22,8177;-47,2644;8,02;2025-11-03 05:00:00.0;nível;6,55
SUMARÉ;355240315H;SP;Rio Quilombo;-22,8177;-47,2644;8,02;2025-11-03 05:10:00.0;chuva;0,00
SUMARÉ;355240315H;SP;Rio Quilombo;-22,8177;-47,2644;8,02;2025-11-03 05:50:00.0;nível;6,67
SUMARÉ;355240315H;SP;Rio Quilombo;-22,8177;-47,2644;8,02;2025-11-03 06:00:00.0;nível;6,69
SUMARÉ;355240315H;SP;Rio Quilombo;-22,8177;-47,2644;8,02;2025-11-03 06:10:00.0;chuva;0,00
SUMARÉ;355240315H;SP;Rio Quilombo;-22,8177;-47,2644;8,02;2025-11-03 07:00:00.0;nível;6,80
SUMARÉ;355240315H;SP;Rio Quilombo;-22,8177;-47,2644;8,02;2025-11-03 07:10:00.0;chuva;0,00
SUMARÉ;355240315H;SP;Rio Quilombo;-22,8177;-47,2644;8,02;2025-11-03 07:30:00.0;chuva;0,20
SUMARÉ;355240315H;SP;Rio Quilombo;-22,8177;-47,2644;8,02;2025-11-03 08:00:00.0;nível;6,90
SUMARÉ;355240315H;SP;Rio Quilombo;-22,8177;-47,2644;8,02;2025-11-03 08:10:00.0;chuva;0,00
SUMARÉ;355240315H;SP;Rio Quilombo;-22,8177;-47,2644;8,02;2025-11-03 09:00:00.0;nível;6,99
SUMARÉ;355240315H;SP;Rio Quilombo;-22,8177;-47,2644;8,02;2025-11-03 09:10:00.0;chuva;0,00
SUMARÉ;355240315H;SP;Rio Quilombo;-22,8177;-47,2644;8,02;2025-11-03 10:00:00.0;nível;7,08
SUMARÉ;355240315H;SP;Rio Quilombo;-22,8177;-47,2644;8,02;2025-11-03 10:10:00.0;chuva;0,00
SUMARÉ;355240315H;SP;Rio Quilombo;-22,8177;-47,2644;8,02;2025-11-03 11:00:00.0;nível;7,16
SUMARÉ;355240315H;SP;Rio Quilombo;-22,8177;-47,2644;8,02;2025-11-03 11:10:00.0;chuva;0,00
SUMARÉ;355240315H;SP;Rio Quilombo;-22,8177;-47,2644;8,02;2025-11-03 12:00:00.0;nível;7,25
SUMARÉ;355240315H;SP;Rio Quilombo;-22,8177;-47,2644;8,02;2025-11-03 12:10:00.0;chuva;0,00
SUMARÉ;355240315H;SP;Rio Quilombo;-22,8177;-47,2644;8,02;2025-11-03 13:00:00.0;nível;7,31
SUMARÉ;355240315H;SP;Rio Quilombo;-22,8177;-47,2644;8,02;2025-11-03 13:10:00.0;chuva;0,00
SUMARÉ;355240315H;SP;Rio Quilombo;-22,8177;-47,2644;8,02;2025-11-03 14:00:00.0;nível;7,37
SUMARÉ;355240315H;SP;Rio Quilombo;-22,8177;-47,2644;8,02;2025-11-03 14:10:00.0;chuva;0,00
SUMARÉ;355240315H;SP;Rio Quilombo;-22,8177;-47,2644;8,02;2025-11-03 15:00:00.0;nível;7,41
SUMARÉ;355240315H;SP;Rio Quilombo;-22,8177;-47,2644;8,02;2025-11-03 15:10:00.0;chuva;0,00
SUMARÉ;355240315H;SP;Rio Quilombo;-22,8177;-47,2644;8,02;2025-11-03 16:00:00.0;nível;7,45
SUMARÉ;355240315H;SP;Rio Quilombo;-22,8177;-47,2644;8,02;2025-11-03 16:10:00.0;chuva;0,00
SUMARÉ;355240315H;SP;Rio Quilombo;-22,8177;-47,2644;8,02;2025-11-03 17:00:00.0;nível;7,48
SUMARÉ;355240315H;SP;Rio Quilombo;-22,8177;-47,2644;8,02;2025-11-03 17:10:00.0;chuva;0,00
SUMARÉ;355240315H;SP;Rio Quilombo;-22,8177;-47,2644;8,02;2025-11-03 18:00:00.0;nível;7,51
SUMARÉ;355240315H;SP;Rio Quilombo;-22,8177;-47,2644;8,02;2025-11-03 18:10:00.0;chuva;0,00
SUMARÉ;355240315H;SP;Rio Quilombo;-22,8177;-47,2644;8,02;2025-11-03 19:00:00.0;nível;7,54
SUMARÉ;355240315H;SP;Rio Quilombo;-22,8177;-47,2644;8,02;2025-11-03 19:10:00.0;chuva;0,00
SUMARÉ;355240315H;SP;Rio Quilombo;-22,8177;-47,2644;8,02;2025-11-03 20:00:00.0;nível;7,57
SUMARÉ;355240315H;SP;Rio Quilombo;-22,8177;-47,2644;8,02;2025-11-03 20:10:00.0;chuva;0,00
SUMARÉ;355240315H;SP;Rio Quilombo;-22,8177;-47,2644;8,02;2025-11-03 21:00:00.0;nível;7,59
SUMARÉ;355240315H;SP;Rio Quilombo;-22,8177;-47,2644;8,02;2025-11-03 21:10:00.0;chuva;0,00
SUMARÉ;355240315H;SP;Rio Quilombo;-22,8177;-47,2644;8,02;2025-11-03 22:00:00.0;nível;7,61
SUMARÉ;355240315H;SP;Rio Quilombo;-22,8177;-47,2644;8,02;2025-11-03 22:10:00.0;chuva;0,00
SUMARÉ;355240315H;SP;Rio Quilombo;-22,8177;-47,2644;8,02;2025-11-03 22:30:00.0;nível;7,38
SUMARÉ;355240315H;SP;Rio Quilombo;-22,8177;-47,2644;8,02;2025-11-03 22:30:00.0;chuva;13,00
SUMARÉ;355240315H;SP;Rio Quilombo;-22,8177;-47,2644;8,02;2025-11-03 22:40:00.0;nível;6,97
SUMARÉ;355240315H;SP;Rio Quilombo;-22,8177;-47,2644;8,02;2025-11-03 22:40:00.0;chuva;4,60
SUMARÉ;355240315H;SP;Rio Quilombo;-22,8177;-47,2644;8,02;2025-11-03 22:50:00.0;nível;6,76
SUMARÉ;355240315H;SP;Rio Quilombo;-22,8177;-47,2644;8,02;2025-11-03 23:00:00.0;nível;6,68
SUMARÉ;355240315H;SP;Rio Quilombo;-22,8177;-47,2644;8,02;2025-11-03 23:10:00.0;chuva;0,00
SUMARÉ;355240315H;SP;Rio Quilombo;-22,8177;-47,2644;8,02;2025-11-03 23:20:00.0;nível;6,83
SUMARÉ;355240315H;SP;Rio Quilombo;-22,8177;-47,2644;8,02;2025-11-04 00:00:00.0;nível;6,82
SUMARÉ;355240315H;SP;Rio Quilombo;-22,8177;-47,2644;8,02;2025-11-04 00:10:00.0;chuva;0,00
SUMARÉ;355240315H;SP;Rio Quilombo;-22,8177;-47,2644;8,02;2025-11-04 00:30:00.0;nível;6,72
SUMARÉ;355240315H;SP;Rio Quilombo;-22,8177;-47,2644;8,02;2025-11-04 00:30:00.0;chuva;0,20
SUMARÉ;355240315H;SP;Rio Quilombo;-22,8177;-47,2644;8,02;2025-11-04 00:40:00.0;chuva;1,40
SUMARÉ;355240315H;SP;Rio Quilombo;-22,8177;-47,2644;8,02;2025-11-04 00:50:00.0;chuva;0,20
SUMARÉ;355240315H;SP;Rio Quilombo;-22,8177;-47,2644;8,02;2025-11-04 01:00:00.0;nível;6,63
SUMARÉ;355240315H;SP;Rio Quilombo;-22,8177;-47,2644;8,02;2025-11-04 01:10:00.0;chuva;0,00
SUMARÉ;355240315H;SP;Rio Quilombo;-22,8177;-47,2644;8,02;2025-11-04 02:00:00.0;nível;6,57
SUMARÉ;355240315H;SP;Rio Quilombo;-22,8177;-47,2644;8,02;2025-11-04 02:10:00.0;chuva;0,00
SUMARÉ;355240315H;SP;Rio Quilombo;-22,8177;-47,2644;8,02;2025-11-04 03:00:00.0;nível;6,54
SUMARÉ;355240315H;SP;Rio Quilombo;-22,8177;-47,2644;8,02;2025-11-04 03:10:00.0;chuva;0,00
SUMARÉ;355240315H;SP;Rio Quilombo;-22,8177;-47,2644;8,02;2025-11-04 04:00:00.0;nível;6,51
SUMARÉ;355240315H;SP;Rio Quilombo;-22,8177;-47,2644;8,02;2025-11-04 04:10:00.0;chuva;0,00
SUMARÉ;355240315H;SP;Rio Quilombo;-22,8177;-47,2644;8,02;2025-11-04 05:00:00.0;nível;6,48
SUMARÉ;355240315H;SP;Rio Quilombo;-22,8177;-47,2644;8,02;2025-11-04 05:10:00.0;chuva;0,00
SUMARÉ;355240315H;SP;Rio Quilombo;-22,8177;-47,2644;8,02;2025-11-04 06:00:00.0;nível;6,52
SUMARÉ;355240315H;SP;Rio Quilombo;-22,8177;-47,2644;8,02;2025-11-04 06:10:00.0;chuva;0,00
SUMARÉ;355240315H;SP;Rio Quilombo;-22,8177;-47,2644;8,02;2025-11-04 06:40:00.0;nível;6,65
SUMARÉ;355240315H;SP;Rio Quilombo;-22,8177;-47,2644;8,02;2025-11-04 06:40:00.0;chuva;0,20
SUMARÉ;355240315H;SP;Rio Quilombo;-22,8177;-47,2644;8,02;2025-11-04 07:00:00.0;nível;6,74
SUMARÉ;355240315H;SP;Rio Quilombo;-22,8177;-47,2644;8,02;2025-11-04 07:10:00.0;chuva;0,00
SUMARÉ;355240315H;SP;Rio Quilombo;-22,8177;-47,2644;8,02;2025-11-04 07:30:00.0;nível;6,88
SUMARÉ;355240315H;SP;Rio Quilombo;-22,8177;-47,2644;8,02;2025-11-04 08:00:00.0;nível;7,00
SUMARÉ;355240315H;SP;Rio Quilombo;-22,8177;-47,2644;8,02;2025-11-04 08:10:00.0;chuva;0,00
SUMARÉ;355240315H;SP;Rio Quilombo;-22,8177;-47,2644;8,02;2025-11-04 08:40:00.0;nível;7,12
SUMARÉ;355240315H;SP;Rio Quilombo;-22,8177;-47,2644;8,02;2025-11-04 09:00:00.0;nível;7,17
SUMARÉ;355240315H;SP;Rio Quilombo;-22,8177;-47,2644;8,02;2025-11-04 09:10:00.0;chuva;0,00
SUMARÉ;355240315H;SP;Rio Quilombo;-22,8177;-47,2644;8,02;2025-11-04 10:00:00.0;nível;7,26
SUMARÉ;355240315H;SP;Rio Quilombo;-22,8177;-47,2644;8,02;2025-11-04 10:10:00.0;chuva;0,00
SUMARÉ;355240315H;SP;Rio Quilombo;-22,8177;-47,2644;8,02;2025-11-04 11:00:00.0;nível;7,32
SUMARÉ;355240315H;SP;Rio Quilombo;-22,8177;-47,2644;8,02;2025-11-04 11:10:00.0;chuva;0,00
SUMARÉ;355240315H;SP;Rio Quilombo;-22,8177;-47,2644;8,02;2025-11-04 12:00:00.0;nível;7,38
SUMARÉ;355240315H;SP;Rio Quilombo;-22,8177;-47,2644;8,02;2025-11-04 12:10:00.0;chuva;0,00
SUMARÉ;355240315H;SP;Rio Quilombo;-22,8177;-47,2644;8,02;2025-11-04 13:00:00.0;nível;7,41
SUMARÉ;355240315H;SP;Rio Quilombo;-22,8177;-47,2644;8,02;2025-11-04 13:10:00.0;chuva;0,00
SUMARÉ;355240315H;SP;Rio Quilombo;-22,8177;-47,2644;8,02;2025-11-04 14:00:00.0;nível;7,46
SUMARÉ;355240315H;SP;Rio Quilombo;-22,8177;-47,2644;8,02;2025-11-04 14:10:00.0;chuva;0,00
SUMARÉ;355240315H;SP;Rio Quilombo;-22,8177;-47,2644;8,02;2025-11-04 15:00:00.0;nível;7,51
SUMARÉ;355240315H;SP;Rio Quilombo;-22,8177;-47,2644;8,02;2025-11-04 15:10:00.0;chuva;0,00
SUMARÉ;355240315H;SP;Rio Quilombo;-22,8177;-47,2644;8,02;2025-11-04 16:00:00.0;nível;7,55
SUMARÉ;355240315H;SP;Rio Quilombo;-22,8177;-47,2644;8,02;2025-11-04 16:10:00.0;chuva;0,00
SUMARÉ;355240315H;SP;Rio Quilombo;-22,8177;-47,2644;8,02;2025-11-04 17:00:00.0;nível;7,60
SUMARÉ;355240315H;SP;Rio Quilombo;-22,8177;-47,2644;8,02;2025-11-04 17:10:00.0;chuva;0,00
SUMARÉ;355240315H;SP;Rio Quilombo;-22,8177;-47,2644;8,02;2025-11-04 17:50:00.0;chuva;0,40
SUMARÉ;355240315H;SP;Rio Quilombo;-22,8177;-47,2644;8,02;2025-11-04 18:00:00.0;nível;7,62
SUMARÉ;355240315H;SP;Rio Quilombo;-22,8177;-47,2644;8,02;2025-11-04 18:10:00.0;chuva;0,00
SUMARÉ;355240315H;SP;Rio Quilombo;-22,8177;-47,2644;8,02;2025-11-04 19:00:00.0;nível;7,63
SUMARÉ;355240315H;SP;Rio Quilombo;-22,8177;-47,2644;8,02;2025-11-04 19:10:00.0;chuva;0,00
SUMARÉ;355240315H;SP;Rio Quilombo;-22,8177;-47,2644;8,02;2025-11-04 19:20:00.0;chuva;0,20
SUMARÉ;355240315H;SP;Rio Quilombo;-22,8177;-47,2644;8,02;2025-11-04 20:00:00.0;nível;7,64
SUMARÉ;355240315H;SP;Rio Quilombo;-22,8177;-47,2644;8,02;2025-11-04 20:10:00.0;chuva;0,00
SUMARÉ;355240315H;SP;Rio Quilombo;-22,8177;-47,2644;8,02;2025-11-04 21:00:00.0;nível;7,62
SUMARÉ;355240315H;SP;Rio Quilombo;-22,8177;-47,2644;8,02;2025-11-04 21:10:00.0;chuva;0,00
SUMARÉ;355240315H;SP;Rio Quilombo;-22,8177;-47,2644;8,02;2025-11-04 22:00:00.0;nível;7,60
SUMARÉ;355240315H;SP;Rio Quilombo;-22,8177;-47,2644;8,02;2025-11-04 22:10:00.0;chuva;0,00
SUMARÉ;355240315H;SP;Rio Quilombo;-22,8177;-47,2644;8,02;2025-11-04 23:00:00.0;nível;7,59
SUMARÉ;355240315H;SP;Rio Quilombo;-22,8177;-47,2644;8,02;2025-11-04 23:10:00.0;chuva;0,00

